"id","prob_A","prob_B","prob_C","prob_D","prob_E"
1,0.178300757877942,0.400877542879936,0.237335460710012,0.121659353809334,0.0618268847227762
2,0.074487895716946,0.236499068901304,0.35195530726257,0.2756052141527,0.0614525139664805
3,0.178300757877942,0.400877542879936,0.237335460710012,0.121659353809334,0.0618268847227762
4,0.625,0.288461538461538,0.0737179487179487,0.0128205128205128,0
5,0.178300757877942,0.400877542879936,0.237335460710012,0.121659353809334,0.0618268847227762
6,0.178300757877942,0.400877542879936,0.237335460710012,0.121659353809334,0.0618268847227762
7,0.178300757877942,0.400877542879936,0.237335460710012,0.121659353809334,0.0618268847227762
8,0.178300757877942,0.400877542879936,0.237335460710012,0.121659353809334,0.0618268847227762
9,0.178300757877942,0.400877542879936,0.237335460710012,0.121659353809334,0.0618268847227762
10,0.0434173669467787,0.169467787114846,0.427170868347339,0.331932773109244,0.0280112044817927
11,0.178300757877942,0.400877542879936,0.237335460710012,0.121659353809334,0.0618268847227762
12,0.0100502512562814,0.0050251256281407,0.0100502512562814,0.0452261306532663,0.92964824120603
13,0.178300757877942,0.400877542879936,0.237335460710012,0.121659353809334,0.0618268847227762
14,0.0100502512562814,0.0050251256281407,0.0100502512562814,0.0452261306532663,0.92964824120603
15,0.0100502512562814,0.0050251256281407,0.0100502512562814,0.0452261306532663,0.92964824120603
16,0.0552268244575937,0.100591715976331,0.252465483234714,0.388560157790927,0.203155818540434
17,0.0051413881748072,0.0359897172236504,0.0616966580976864,0.298200514138817,0.598971722365039
18,0.178300757877942,0.400877542879936,0.237335460710012,0.121659353809334,0.0618268847227762
19,0.0051413881748072,0.0359897172236504,0.0616966580976864,0.298200514138817,0.598971722365039
20,0.0434173669467787,0.169467787114846,0.427170868347339,0.331932773109244,0.0280112044817927
21,0.0051413881748072,0.0359897172236504,0.0616966580976864,0.298200514138817,0.598971722365039
22,0.074487895716946,0.236499068901304,0.35195530726257,0.2756052141527,0.0614525139664805
23,0.00625,0.03125,0.125,0.575,0.2625
24,0.0051413881748072,0.0359897172236504,0.0616966580976864,0.298200514138817,0.598971722365039
25,0.178300757877942,0.400877542879936,0.237335460710012,0.121659353809334,0.0618268847227762
26,0.074487895716946,0.236499068901304,0.35195530726257,0.2756052141527,0.0614525139664805
27,0.0051413881748072,0.0359897172236504,0.0616966580976864,0.298200514138817,0.598971722365039
28,0.0552268244575937,0.100591715976331,0.252465483234714,0.388560157790927,0.203155818540434
29,0,0,0.122222222222222,0.722222222222222,0.155555555555556
30,0.178300757877942,0.400877542879936,0.237335460710012,0.121659353809334,0.0618268847227762
31,0.625,0.288461538461538,0.0737179487179487,0.0128205128205128,0
32,0.0051413881748072,0.0359897172236504,0.0616966580976864,0.298200514138817,0.598971722365039
33,0.0552268244575937,0.100591715976331,0.252465483234714,0.388560157790927,0.203155818540434
34,0.074487895716946,0.236499068901304,0.35195530726257,0.2756052141527,0.0614525139664805
35,0.625,0.288461538461538,0.0737179487179487,0.0128205128205128,0
36,0.625,0.288461538461538,0.0737179487179487,0.0128205128205128,0
37,0.0552268244575937,0.100591715976331,0.252465483234714,0.388560157790927,0.203155818540434
38,0.00307692307692308,0.00615384615384615,0.0153846153846154,0.203076923076923,0.772307692307692
39,0.178300757877942,0.400877542879936,0.237335460710012,0.121659353809334,0.0618268847227762
40,0.0051413881748072,0.0359897172236504,0.0616966580976864,0.298200514138817,0.598971722365039
41,0.178300757877942,0.400877542879936,0.237335460710012,0.121659353809334,0.0618268847227762
42,0.178300757877942,0.400877542879936,0.237335460710012,0.121659353809334,0.0618268847227762
43,0.00307692307692308,0.00615384615384615,0.0153846153846154,0.203076923076923,0.772307692307692
44,0.0434173669467787,0.169467787114846,0.427170868347339,0.331932773109244,0.0280112044817927
45,0.178300757877942,0.400877542879936,0.237335460710012,0.121659353809334,0.0618268847227762
46,0.00307692307692308,0.00615384615384615,0.0153846153846154,0.203076923076923,0.772307692307692
47,0.178300757877942,0.400877542879936,0.237335460710012,0.121659353809334,0.0618268847227762
48,0.178300757877942,0.400877542879936,0.237335460710012,0.121659353809334,0.0618268847227762
49,0.178300757877942,0.400877542879936,0.237335460710012,0.121659353809334,0.0618268847227762
50,0.178300757877942,0.400877542879936,0.237335460710012,0.121659353809334,0.0618268847227762
51,0.178300757877942,0.400877542879936,0.237335460710012,0.121659353809334,0.0618268847227762
52,0.178300757877942,0.400877542879936,0.237335460710012,0.121659353809334,0.0618268847227762
53,0.074487895716946,0.236499068901304,0.35195530726257,0.2756052141527,0.0614525139664805
54,0.0552268244575937,0.100591715976331,0.252465483234714,0.388560157790927,0.203155818540434
55,0.0434173669467787,0.169467787114846,0.427170868347339,0.331932773109244,0.0280112044817927
56,0.625,0.288461538461538,0.0737179487179487,0.0128205128205128,0
57,0.0434173669467787,0.169467787114846,0.427170868347339,0.331932773109244,0.0280112044817927
58,0.178300757877942,0.400877542879936,0.237335460710012,0.121659353809334,0.0618268847227762
59,0.178300757877942,0.400877542879936,0.237335460710012,0.121659353809334,0.0618268847227762
60,0.178300757877942,0.400877542879936,0.237335460710012,0.121659353809334,0.0618268847227762
61,0.178300757877942,0.400877542879936,0.237335460710012,0.121659353809334,0.0618268847227762
62,0.0552268244575937,0.100591715976331,0.252465483234714,0.388560157790927,0.203155818540434
63,0.0552268244575937,0.100591715976331,0.252465483234714,0.388560157790927,0.203155818540434
64,0.0552268244575937,0.100591715976331,0.252465483234714,0.388560157790927,0.203155818540434
65,0.178300757877942,0.400877542879936,0.237335460710012,0.121659353809334,0.0618268847227762
66,0.074487895716946,0.236499068901304,0.35195530726257,0.2756052141527,0.0614525139664805
67,0.178300757877942,0.400877542879936,0.237335460710012,0.121659353809334,0.0618268847227762
68,0.0434173669467787,0.169467787114846,0.427170868347339,0.331932773109244,0.0280112044817927
69,0.0051413881748072,0.0359897172236504,0.0616966580976864,0.298200514138817,0.598971722365039
70,0.178300757877942,0.400877542879936,0.237335460710012,0.121659353809334,0.0618268847227762
71,0.074487895716946,0.236499068901304,0.35195530726257,0.2756052141527,0.0614525139664805
72,0.0100502512562814,0.0050251256281407,0.0100502512562814,0.0452261306532663,0.92964824120603
73,0.00595238095238095,0.0595238095238095,0.297619047619048,0.470238095238095,0.166666666666667
74,0.00307692307692308,0.00615384615384615,0.0153846153846154,0.203076923076923,0.772307692307692
75,0.178300757877942,0.400877542879936,0.237335460710012,0.121659353809334,0.0618268847227762
76,0.00307692307692308,0.00615384615384615,0.0153846153846154,0.203076923076923,0.772307692307692
77,0.00625,0.03125,0.125,0.575,0.2625
78,0.0051413881748072,0.0359897172236504,0.0616966580976864,0.298200514138817,0.598971722365039
79,0.178300757877942,0.400877542879936,0.237335460710012,0.121659353809334,0.0618268847227762
80,0.0051413881748072,0.0359897172236504,0.0616966580976864,0.298200514138817,0.598971722365039
81,0.178300757877942,0.400877542879936,0.237335460710012,0.121659353809334,0.0618268847227762
82,0.178300757877942,0.400877542879936,0.237335460710012,0.121659353809334,0.0618268847227762
83,0.625,0.288461538461538,0.0737179487179487,0.0128205128205128,0
84,0.178300757877942,0.400877542879936,0.237335460710012,0.121659353809334,0.0618268847227762
85,0.0434173669467787,0.169467787114846,0.427170868347339,0.331932773109244,0.0280112044817927
86,0.0552268244575937,0.100591715976331,0.252465483234714,0.388560157790927,0.203155818540434
87,0.074487895716946,0.236499068901304,0.35195530726257,0.2756052141527,0.0614525139664805
88,0.0552268244575937,0.100591715976331,0.252465483234714,0.388560157790927,0.203155818540434
89,0.625,0.288461538461538,0.0737179487179487,0.0128205128205128,0
90,0.00595238095238095,0.0595238095238095,0.297619047619048,0.470238095238095,0.166666666666667
91,0.00307692307692308,0.00615384615384615,0.0153846153846154,0.203076923076923,0.772307692307692
92,0,0,0.122222222222222,0.722222222222222,0.155555555555556
93,0.00595238095238095,0.0595238095238095,0.297619047619048,0.470238095238095,0.166666666666667
94,0.0100502512562814,0.0050251256281407,0.0100502512562814,0.0452261306532663,0.92964824120603
95,0.0552268244575937,0.100591715976331,0.252465483234714,0.388560157790927,0.203155818540434
96,0.0434173669467787,0.169467787114846,0.427170868347339,0.331932773109244,0.0280112044817927
97,0.178300757877942,0.400877542879936,0.237335460710012,0.121659353809334,0.0618268847227762
98,0.074487895716946,0.236499068901304,0.35195530726257,0.2756052141527,0.0614525139664805
99,0.0434173669467787,0.169467787114846,0.427170868347339,0.331932773109244,0.0280112044817927
100,0.074487895716946,0.236499068901304,0.35195530726257,0.2756052141527,0.0614525139664805
101,0.178300757877942,0.400877542879936,0.237335460710012,0.121659353809334,0.0618268847227762
102,0.0434173669467787,0.169467787114846,0.427170868347339,0.331932773109244,0.0280112044817927
103,0.00307692307692308,0.00615384615384615,0.0153846153846154,0.203076923076923,0.772307692307692
104,0.178300757877942,0.400877542879936,0.237335460710012,0.121659353809334,0.0618268847227762
105,0.178300757877942,0.400877542879936,0.237335460710012,0.121659353809334,0.0618268847227762
106,0.00595238095238095,0.0595238095238095,0.297619047619048,0.470238095238095,0.166666666666667
107,0.178300757877942,0.400877542879936,0.237335460710012,0.121659353809334,0.0618268847227762
108,0.178300757877942,0.400877542879936,0.237335460710012,0.121659353809334,0.0618268847227762
109,0.0051413881748072,0.0359897172236504,0.0616966580976864,0.298200514138817,0.598971722365039
110,0,0,0.122222222222222,0.722222222222222,0.155555555555556
111,0.00307692307692308,0.00615384615384615,0.0153846153846154,0.203076923076923,0.772307692307692
112,0.0434173669467787,0.169467787114846,0.427170868347339,0.331932773109244,0.0280112044817927
113,0.178300757877942,0.400877542879936,0.237335460710012,0.121659353809334,0.0618268847227762
114,0.178300757877942,0.400877542879936,0.237335460710012,0.121659353809334,0.0618268847227762
115,0.0434173669467787,0.169467787114846,0.427170868347339,0.331932773109244,0.0280112044817927
116,0.0434173669467787,0.169467787114846,0.427170868347339,0.331932773109244,0.0280112044817927
117,0.178300757877942,0.400877542879936,0.237335460710012,0.121659353809334,0.0618268847227762
118,0.178300757877942,0.400877542879936,0.237335460710012,0.121659353809334,0.0618268847227762
119,0.178300757877942,0.400877542879936,0.237335460710012,0.121659353809334,0.0618268847227762
120,0.0051413881748072,0.0359897172236504,0.0616966580976864,0.298200514138817,0.598971722365039
121,0.178300757877942,0.400877542879936,0.237335460710012,0.121659353809334,0.0618268847227762
122,0.0434173669467787,0.169467787114846,0.427170868347339,0.331932773109244,0.0280112044817927
123,0.0100502512562814,0.0050251256281407,0.0100502512562814,0.0452261306532663,0.92964824120603
124,0.178300757877942,0.400877542879936,0.237335460710012,0.121659353809334,0.0618268847227762
125,0.0051413881748072,0.0359897172236504,0.0616966580976864,0.298200514138817,0.598971722365039
126,0.178300757877942,0.400877542879936,0.237335460710012,0.121659353809334,0.0618268847227762
127,0.0552268244575937,0.100591715976331,0.252465483234714,0.388560157790927,0.203155818540434
128,0.00625,0.03125,0.125,0.575,0.2625
129,0.178300757877942,0.400877542879936,0.237335460710012,0.121659353809334,0.0618268847227762
130,0.00307692307692308,0.00615384615384615,0.0153846153846154,0.203076923076923,0.772307692307692
131,0.178300757877942,0.400877542879936,0.237335460710012,0.121659353809334,0.0618268847227762
132,0.0434173669467787,0.169467787114846,0.427170868347339,0.331932773109244,0.0280112044817927
133,0.0552268244575937,0.100591715976331,0.252465483234714,0.388560157790927,0.203155818540434
134,0.074487895716946,0.236499068901304,0.35195530726257,0.2756052141527,0.0614525139664805
135,0.178300757877942,0.400877542879936,0.237335460710012,0.121659353809334,0.0618268847227762
136,0.0552268244575937,0.100591715976331,0.252465483234714,0.388560157790927,0.203155818540434
137,0.0051413881748072,0.0359897172236504,0.0616966580976864,0.298200514138817,0.598971722365039
138,0.178300757877942,0.400877542879936,0.237335460710012,0.121659353809334,0.0618268847227762
139,0.178300757877942,0.400877542879936,0.237335460710012,0.121659353809334,0.0618268847227762
140,0.178300757877942,0.400877542879936,0.237335460710012,0.121659353809334,0.0618268847227762
141,0.0051413881748072,0.0359897172236504,0.0616966580976864,0.298200514138817,0.598971722365039
142,0.625,0.288461538461538,0.0737179487179487,0.0128205128205128,0
143,0.178300757877942,0.400877542879936,0.237335460710012,0.121659353809334,0.0618268847227762
144,0.178300757877942,0.400877542879936,0.237335460710012,0.121659353809334,0.0618268847227762
145,0.0051413881748072,0.0359897172236504,0.0616966580976864,0.298200514138817,0.598971722365039
146,0.074487895716946,0.236499068901304,0.35195530726257,0.2756052141527,0.0614525139664805
147,0.178300757877942,0.400877542879936,0.237335460710012,0.121659353809334,0.0618268847227762
148,0.0434173669467787,0.169467787114846,0.427170868347339,0.331932773109244,0.0280112044817927
149,0.00307692307692308,0.00615384615384615,0.0153846153846154,0.203076923076923,0.772307692307692
150,0.178300757877942,0.400877542879936,0.237335460710012,0.121659353809334,0.0618268847227762
151,0.00595238095238095,0.0595238095238095,0.297619047619048,0.470238095238095,0.166666666666667
152,0.0100502512562814,0.0050251256281407,0.0100502512562814,0.0452261306532663,0.92964824120603
153,0.074487895716946,0.236499068901304,0.35195530726257,0.2756052141527,0.0614525139664805
154,0.0051413881748072,0.0359897172236504,0.0616966580976864,0.298200514138817,0.598971722365039
155,0.0051413881748072,0.0359897172236504,0.0616966580976864,0.298200514138817,0.598971722365039
156,0.0434173669467787,0.169467787114846,0.427170868347339,0.331932773109244,0.0280112044817927
157,0.178300757877942,0.400877542879936,0.237335460710012,0.121659353809334,0.0618268847227762
158,0.178300757877942,0.400877542879936,0.237335460710012,0.121659353809334,0.0618268847227762
159,0.178300757877942,0.400877542879936,0.237335460710012,0.121659353809334,0.0618268847227762
160,0.00307692307692308,0.00615384615384615,0.0153846153846154,0.203076923076923,0.772307692307692
161,0.00625,0.03125,0.125,0.575,0.2625
162,0.0434173669467787,0.169467787114846,0.427170868347339,0.331932773109244,0.0280112044817927
163,0.074487895716946,0.236499068901304,0.35195530726257,0.2756052141527,0.0614525139664805
164,0.074487895716946,0.236499068901304,0.35195530726257,0.2756052141527,0.0614525139664805
165,0.178300757877942,0.400877542879936,0.237335460710012,0.121659353809334,0.0618268847227762
166,0.625,0.288461538461538,0.0737179487179487,0.0128205128205128,0
167,0.0552268244575937,0.100591715976331,0.252465483234714,0.388560157790927,0.203155818540434
168,0.178300757877942,0.400877542879936,0.237335460710012,0.121659353809334,0.0618268847227762
169,0.0552268244575937,0.100591715976331,0.252465483234714,0.388560157790927,0.203155818540434
170,0.074487895716946,0.236499068901304,0.35195530726257,0.2756052141527,0.0614525139664805
171,0.178300757877942,0.400877542879936,0.237335460710012,0.121659353809334,0.0618268847227762
172,0.0434173669467787,0.169467787114846,0.427170868347339,0.331932773109244,0.0280112044817927
173,0.178300757877942,0.400877542879936,0.237335460710012,0.121659353809334,0.0618268847227762
174,0.178300757877942,0.400877542879936,0.237335460710012,0.121659353809334,0.0618268847227762
175,0.178300757877942,0.400877542879936,0.237335460710012,0.121659353809334,0.0618268847227762
176,0.0100502512562814,0.0050251256281407,0.0100502512562814,0.0452261306532663,0.92964824120603
177,0.0100502512562814,0.0050251256281407,0.0100502512562814,0.0452261306532663,0.92964824120603
178,0.178300757877942,0.400877542879936,0.237335460710012,0.121659353809334,0.0618268847227762
179,0.178300757877942,0.400877542879936,0.237335460710012,0.121659353809334,0.0618268847227762
180,0.178300757877942,0.400877542879936,0.237335460710012,0.121659353809334,0.0618268847227762
181,0.178300757877942,0.400877542879936,0.237335460710012,0.121659353809334,0.0618268847227762
182,0.0051413881748072,0.0359897172236504,0.0616966580976864,0.298200514138817,0.598971722365039
183,0.178300757877942,0.400877542879936,0.237335460710012,0.121659353809334,0.0618268847227762
184,0.178300757877942,0.400877542879936,0.237335460710012,0.121659353809334,0.0618268847227762
185,0.178300757877942,0.400877542879936,0.237335460710012,0.121659353809334,0.0618268847227762
186,0.178300757877942,0.400877542879936,0.237335460710012,0.121659353809334,0.0618268847227762
187,0.0434173669467787,0.169467787114846,0.427170868347339,0.331932773109244,0.0280112044817927
188,0.00625,0.03125,0.125,0.575,0.2625
189,0.074487895716946,0.236499068901304,0.35195530726257,0.2756052141527,0.0614525139664805
190,0.0100502512562814,0.0050251256281407,0.0100502512562814,0.0452261306532663,0.92964824120603
191,0.074487895716946,0.236499068901304,0.35195530726257,0.2756052141527,0.0614525139664805
192,0.0552268244575937,0.100591715976331,0.252465483234714,0.388560157790927,0.203155818540434
193,0.178300757877942,0.400877542879936,0.237335460710012,0.121659353809334,0.0618268847227762
194,0,0,0.122222222222222,0.722222222222222,0.155555555555556
195,0.074487895716946,0.236499068901304,0.35195530726257,0.2756052141527,0.0614525139664805
196,0.178300757877942,0.400877542879936,0.237335460710012,0.121659353809334,0.0618268847227762
197,0.00595238095238095,0.0595238095238095,0.297619047619048,0.470238095238095,0.166666666666667
198,0.0434173669467787,0.169467787114846,0.427170868347339,0.331932773109244,0.0280112044817927
199,0.625,0.288461538461538,0.0737179487179487,0.0128205128205128,0
200,0.0051413881748072,0.0359897172236504,0.0616966580976864,0.298200514138817,0.598971722365039
201,0.00595238095238095,0.0595238095238095,0.297619047619048,0.470238095238095,0.166666666666667
202,0.178300757877942,0.400877542879936,0.237335460710012,0.121659353809334,0.0618268847227762
203,0.0434173669467787,0.169467787114846,0.427170868347339,0.331932773109244,0.0280112044817927
204,0.0552268244575937,0.100591715976331,0.252465483234714,0.388560157790927,0.203155818540434
205,0.178300757877942,0.400877542879936,0.237335460710012,0.121659353809334,0.0618268847227762
206,0.0552268244575937,0.100591715976331,0.252465483234714,0.388560157790927,0.203155818540434
207,0.0552268244575937,0.100591715976331,0.252465483234714,0.388560157790927,0.203155818540434
208,0.178300757877942,0.400877542879936,0.237335460710012,0.121659353809334,0.0618268847227762
209,0.00307692307692308,0.00615384615384615,0.0153846153846154,0.203076923076923,0.772307692307692
210,0.0051413881748072,0.0359897172236504,0.0616966580976864,0.298200514138817,0.598971722365039
211,0.178300757877942,0.400877542879936,0.237335460710012,0.121659353809334,0.0618268847227762
212,0.178300757877942,0.400877542879936,0.237335460710012,0.121659353809334,0.0618268847227762
213,0.00625,0.03125,0.125,0.575,0.2625
214,0.0434173669467787,0.169467787114846,0.427170868347339,0.331932773109244,0.0280112044817927
215,0.178300757877942,0.400877542879936,0.237335460710012,0.121659353809334,0.0618268847227762
216,0.074487895716946,0.236499068901304,0.35195530726257,0.2756052141527,0.0614525139664805
217,0.074487895716946,0.236499068901304,0.35195530726257,0.2756052141527,0.0614525139664805
218,0.0434173669467787,0.169467787114846,0.427170868347339,0.331932773109244,0.0280112044817927
219,0.178300757877942,0.400877542879936,0.237335460710012,0.121659353809334,0.0618268847227762
220,0.0051413881748072,0.0359897172236504,0.0616966580976864,0.298200514138817,0.598971722365039
221,0.178300757877942,0.400877542879936,0.237335460710012,0.121659353809334,0.0618268847227762
222,0.074487895716946,0.236499068901304,0.35195530726257,0.2756052141527,0.0614525139664805
223,0,0,0.122222222222222,0.722222222222222,0.155555555555556
224,0.0434173669467787,0.169467787114846,0.427170868347339,0.331932773109244,0.0280112044817927
225,0.178300757877942,0.400877542879936,0.237335460710012,0.121659353809334,0.0618268847227762
226,0.0552268244575937,0.100591715976331,0.252465483234714,0.388560157790927,0.203155818540434
227,0.0051413881748072,0.0359897172236504,0.0616966580976864,0.298200514138817,0.598971722365039
228,0.178300757877942,0.400877542879936,0.237335460710012,0.121659353809334,0.0618268847227762
229,0.00307692307692308,0.00615384615384615,0.0153846153846154,0.203076923076923,0.772307692307692
230,0.00307692307692308,0.00615384615384615,0.0153846153846154,0.203076923076923,0.772307692307692
231,0.178300757877942,0.400877542879936,0.237335460710012,0.121659353809334,0.0618268847227762
232,0.178300757877942,0.400877542879936,0.237335460710012,0.121659353809334,0.0618268847227762
233,0.00307692307692308,0.00615384615384615,0.0153846153846154,0.203076923076923,0.772307692307692
234,0.178300757877942,0.400877542879936,0.237335460710012,0.121659353809334,0.0618268847227762
235,0.0434173669467787,0.169467787114846,0.427170868347339,0.331932773109244,0.0280112044817927
236,0.178300757877942,0.400877542879936,0.237335460710012,0.121659353809334,0.0618268847227762
237,0.074487895716946,0.236499068901304,0.35195530726257,0.2756052141527,0.0614525139664805
238,0.0051413881748072,0.0359897172236504,0.0616966580976864,0.298200514138817,0.598971722365039
239,0,0,0.122222222222222,0.722222222222222,0.155555555555556
240,0.0552268244575937,0.100591715976331,0.252465483234714,0.388560157790927,0.203155818540434
241,0.178300757877942,0.400877542879936,0.237335460710012,0.121659353809334,0.0618268847227762
242,0.074487895716946,0.236499068901304,0.35195530726257,0.2756052141527,0.0614525139664805
243,0.074487895716946,0.236499068901304,0.35195530726257,0.2756052141527,0.0614525139664805
244,0.178300757877942,0.400877542879936,0.237335460710012,0.121659353809334,0.0618268847227762
245,0.178300757877942,0.400877542879936,0.237335460710012,0.121659353809334,0.0618268847227762
246,0.625,0.288461538461538,0.0737179487179487,0.0128205128205128,0
247,0.178300757877942,0.400877542879936,0.237335460710012,0.121659353809334,0.0618268847227762
248,0.0434173669467787,0.169467787114846,0.427170868347339,0.331932773109244,0.0280112044817927
249,0.178300757877942,0.400877542879936,0.237335460710012,0.121659353809334,0.0618268847227762
250,0.00307692307692308,0.00615384615384615,0.0153846153846154,0.203076923076923,0.772307692307692
251,0.178300757877942,0.400877542879936,0.237335460710012,0.121659353809334,0.0618268847227762
252,0.074487895716946,0.236499068901304,0.35195530726257,0.2756052141527,0.0614525139664805
253,0,0,0.122222222222222,0.722222222222222,0.155555555555556
254,0.0552268244575937,0.100591715976331,0.252465483234714,0.388560157790927,0.203155818540434
255,0.178300757877942,0.400877542879936,0.237335460710012,0.121659353809334,0.0618268847227762
256,0.00625,0.03125,0.125,0.575,0.2625
257,0.178300757877942,0.400877542879936,0.237335460710012,0.121659353809334,0.0618268847227762
258,0.178300757877942,0.400877542879936,0.237335460710012,0.121659353809334,0.0618268847227762
259,0.0434173669467787,0.169467787114846,0.427170868347339,0.331932773109244,0.0280112044817927
260,0.178300757877942,0.400877542879936,0.237335460710012,0.121659353809334,0.0618268847227762
261,0.00307692307692308,0.00615384615384615,0.0153846153846154,0.203076923076923,0.772307692307692
262,0.178300757877942,0.400877542879936,0.237335460710012,0.121659353809334,0.0618268847227762
263,0.00625,0.03125,0.125,0.575,0.2625
264,0.178300757877942,0.400877542879936,0.237335460710012,0.121659353809334,0.0618268847227762
265,0.074487895716946,0.236499068901304,0.35195530726257,0.2756052141527,0.0614525139664805
266,0.0051413881748072,0.0359897172236504,0.0616966580976864,0.298200514138817,0.598971722365039
267,0.074487895716946,0.236499068901304,0.35195530726257,0.2756052141527,0.0614525139664805
268,0.074487895716946,0.236499068901304,0.35195530726257,0.2756052141527,0.0614525139664805
269,0.625,0.288461538461538,0.0737179487179487,0.0128205128205128,0
270,0.178300757877942,0.400877542879936,0.237335460710012,0.121659353809334,0.0618268847227762
271,0.0051413881748072,0.0359897172236504,0.0616966580976864,0.298200514138817,0.598971722365039
272,0.074487895716946,0.236499068901304,0.35195530726257,0.2756052141527,0.0614525139664805
273,0.00307692307692308,0.00615384615384615,0.0153846153846154,0.203076923076923,0.772307692307692
274,0.0051413881748072,0.0359897172236504,0.0616966580976864,0.298200514138817,0.598971722365039
275,0.0051413881748072,0.0359897172236504,0.0616966580976864,0.298200514138817,0.598971722365039
276,0.0434173669467787,0.169467787114846,0.427170868347339,0.331932773109244,0.0280112044817927
277,0.0552268244575937,0.100591715976331,0.252465483234714,0.388560157790927,0.203155818540434
278,0.0552268244575937,0.100591715976331,0.252465483234714,0.388560157790927,0.203155818540434
279,0.074487895716946,0.236499068901304,0.35195530726257,0.2756052141527,0.0614525139664805
280,0.178300757877942,0.400877542879936,0.237335460710012,0.121659353809334,0.0618268847227762
281,0.0051413881748072,0.0359897172236504,0.0616966580976864,0.298200514138817,0.598971722365039
282,0.0552268244575937,0.100591715976331,0.252465483234714,0.388560157790927,0.203155818540434
283,0.625,0.288461538461538,0.0737179487179487,0.0128205128205128,0
284,0.0051413881748072,0.0359897172236504,0.0616966580976864,0.298200514138817,0.598971722365039
285,0.074487895716946,0.236499068901304,0.35195530726257,0.2756052141527,0.0614525139664805
286,0.00307692307692308,0.00615384615384615,0.0153846153846154,0.203076923076923,0.772307692307692
287,0.178300757877942,0.400877542879936,0.237335460710012,0.121659353809334,0.0618268847227762
288,0.178300757877942,0.400877542879936,0.237335460710012,0.121659353809334,0.0618268847227762
289,0.0051413881748072,0.0359897172236504,0.0616966580976864,0.298200514138817,0.598971722365039
290,0.0100502512562814,0.0050251256281407,0.0100502512562814,0.0452261306532663,0.92964824120603
291,0.0552268244575937,0.100591715976331,0.252465483234714,0.388560157790927,0.203155818540434
292,0.074487895716946,0.236499068901304,0.35195530726257,0.2756052141527,0.0614525139664805
293,0.178300757877942,0.400877542879936,0.237335460710012,0.121659353809334,0.0618268847227762
294,0.178300757877942,0.400877542879936,0.237335460710012,0.121659353809334,0.0618268847227762
295,0.625,0.288461538461538,0.0737179487179487,0.0128205128205128,0
296,0.178300757877942,0.400877542879936,0.237335460710012,0.121659353809334,0.0618268847227762
297,0.625,0.288461538461538,0.0737179487179487,0.0128205128205128,0
298,0.0434173669467787,0.169467787114846,0.427170868347339,0.331932773109244,0.0280112044817927
299,0.0434173669467787,0.169467787114846,0.427170868347339,0.331932773109244,0.0280112044817927
300,0.0434173669467787,0.169467787114846,0.427170868347339,0.331932773109244,0.0280112044817927
301,0.178300757877942,0.400877542879936,0.237335460710012,0.121659353809334,0.0618268847227762
302,0.178300757877942,0.400877542879936,0.237335460710012,0.121659353809334,0.0618268847227762
303,0.0100502512562814,0.0050251256281407,0.0100502512562814,0.0452261306532663,0.92964824120603
304,0.0434173669467787,0.169467787114846,0.427170868347339,0.331932773109244,0.0280112044817927
305,0.00307692307692308,0.00615384615384615,0.0153846153846154,0.203076923076923,0.772307692307692
306,0.0100502512562814,0.0050251256281407,0.0100502512562814,0.0452261306532663,0.92964824120603
307,0.00595238095238095,0.0595238095238095,0.297619047619048,0.470238095238095,0.166666666666667
308,0.0100502512562814,0.0050251256281407,0.0100502512562814,0.0452261306532663,0.92964824120603
309,0.178300757877942,0.400877542879936,0.237335460710012,0.121659353809334,0.0618268847227762
310,0.00307692307692308,0.00615384615384615,0.0153846153846154,0.203076923076923,0.772307692307692
311,0.0552268244575937,0.100591715976331,0.252465483234714,0.388560157790927,0.203155818540434
312,0.0051413881748072,0.0359897172236504,0.0616966580976864,0.298200514138817,0.598971722365039
313,0.178300757877942,0.400877542879936,0.237335460710012,0.121659353809334,0.0618268847227762
314,0.0434173669467787,0.169467787114846,0.427170868347339,0.331932773109244,0.0280112044817927
315,0.00625,0.03125,0.125,0.575,0.2625
316,0.0434173669467787,0.169467787114846,0.427170868347339,0.331932773109244,0.0280112044817927
317,0.0552268244575937,0.100591715976331,0.252465483234714,0.388560157790927,0.203155818540434
318,0.0434173669467787,0.169467787114846,0.427170868347339,0.331932773109244,0.0280112044817927
319,0.074487895716946,0.236499068901304,0.35195530726257,0.2756052141527,0.0614525139664805
320,0.178300757877942,0.400877542879936,0.237335460710012,0.121659353809334,0.0618268847227762
321,0.178300757877942,0.400877542879936,0.237335460710012,0.121659353809334,0.0618268847227762
322,0.0100502512562814,0.0050251256281407,0.0100502512562814,0.0452261306532663,0.92964824120603
323,0.178300757877942,0.400877542879936,0.237335460710012,0.121659353809334,0.0618268847227762
324,0.00625,0.03125,0.125,0.575,0.2625
325,0.00307692307692308,0.00615384615384615,0.0153846153846154,0.203076923076923,0.772307692307692
326,0.625,0.288461538461538,0.0737179487179487,0.0128205128205128,0
327,0.625,0.288461538461538,0.0737179487179487,0.0128205128205128,0
328,0.178300757877942,0.400877542879936,0.237335460710012,0.121659353809334,0.0618268847227762
329,0.178300757877942,0.400877542879936,0.237335460710012,0.121659353809334,0.0618268847227762
330,0.178300757877942,0.400877542879936,0.237335460710012,0.121659353809334,0.0618268847227762
331,0.00595238095238095,0.0595238095238095,0.297619047619048,0.470238095238095,0.166666666666667
332,0.178300757877942,0.400877542879936,0.237335460710012,0.121659353809334,0.0618268847227762
333,0.0434173669467787,0.169467787114846,0.427170868347339,0.331932773109244,0.0280112044817927
334,0.0051413881748072,0.0359897172236504,0.0616966580976864,0.298200514138817,0.598971722365039
335,0.178300757877942,0.400877542879936,0.237335460710012,0.121659353809334,0.0618268847227762
336,0.178300757877942,0.400877542879936,0.237335460710012,0.121659353809334,0.0618268847227762
337,0.178300757877942,0.400877542879936,0.237335460710012,0.121659353809334,0.0618268847227762
338,0.178300757877942,0.400877542879936,0.237335460710012,0.121659353809334,0.0618268847227762
339,0.00307692307692308,0.00615384615384615,0.0153846153846154,0.203076923076923,0.772307692307692
340,0.00307692307692308,0.00615384615384615,0.0153846153846154,0.203076923076923,0.772307692307692
341,0.0051413881748072,0.0359897172236504,0.0616966580976864,0.298200514138817,0.598971722365039
342,0.178300757877942,0.400877542879936,0.237335460710012,0.121659353809334,0.0618268847227762
343,0.178300757877942,0.400877542879936,0.237335460710012,0.121659353809334,0.0618268847227762
344,0.0051413881748072,0.0359897172236504,0.0616966580976864,0.298200514138817,0.598971722365039
345,0.074487895716946,0.236499068901304,0.35195530726257,0.2756052141527,0.0614525139664805
346,0.0434173669467787,0.169467787114846,0.427170868347339,0.331932773109244,0.0280112044817927
347,0.0051413881748072,0.0359897172236504,0.0616966580976864,0.298200514138817,0.598971722365039
348,0.178300757877942,0.400877542879936,0.237335460710012,0.121659353809334,0.0618268847227762
349,0.178300757877942,0.400877542879936,0.237335460710012,0.121659353809334,0.0618268847227762
350,0.0552268244575937,0.100591715976331,0.252465483234714,0.388560157790927,0.203155818540434
351,0.0434173669467787,0.169467787114846,0.427170868347339,0.331932773109244,0.0280112044817927
352,0,0,0.122222222222222,0.722222222222222,0.155555555555556
353,0.178300757877942,0.400877542879936,0.237335460710012,0.121659353809334,0.0618268847227762
354,0.00307692307692308,0.00615384615384615,0.0153846153846154,0.203076923076923,0.772307692307692
355,0.178300757877942,0.400877542879936,0.237335460710012,0.121659353809334,0.0618268847227762
356,0.0100502512562814,0.0050251256281407,0.0100502512562814,0.0452261306532663,0.92964824120603
357,0.178300757877942,0.400877542879936,0.237335460710012,0.121659353809334,0.0618268847227762
358,0.074487895716946,0.236499068901304,0.35195530726257,0.2756052141527,0.0614525139664805
359,0.178300757877942,0.400877542879936,0.237335460710012,0.121659353809334,0.0618268847227762
360,0.0051413881748072,0.0359897172236504,0.0616966580976864,0.298200514138817,0.598971722365039
361,0.178300757877942,0.400877542879936,0.237335460710012,0.121659353809334,0.0618268847227762
362,0.074487895716946,0.236499068901304,0.35195530726257,0.2756052141527,0.0614525139664805
363,0.625,0.288461538461538,0.0737179487179487,0.0128205128205128,0
364,0.178300757877942,0.400877542879936,0.237335460710012,0.121659353809334,0.0618268847227762
365,0.0552268244575937,0.100591715976331,0.252465483234714,0.388560157790927,0.203155818540434
366,0.0434173669467787,0.169467787114846,0.427170868347339,0.331932773109244,0.0280112044817927
367,0.074487895716946,0.236499068901304,0.35195530726257,0.2756052141527,0.0614525139664805
368,0.074487895716946,0.236499068901304,0.35195530726257,0.2756052141527,0.0614525139664805
369,0.178300757877942,0.400877542879936,0.237335460710012,0.121659353809334,0.0618268847227762
370,0.178300757877942,0.400877542879936,0.237335460710012,0.121659353809334,0.0618268847227762
371,0.178300757877942,0.400877542879936,0.237335460710012,0.121659353809334,0.0618268847227762
372,0.00595238095238095,0.0595238095238095,0.297619047619048,0.470238095238095,0.166666666666667
373,0.178300757877942,0.400877542879936,0.237335460710012,0.121659353809334,0.0618268847227762
374,0.00307692307692308,0.00615384615384615,0.0153846153846154,0.203076923076923,0.772307692307692
375,0.074487895716946,0.236499068901304,0.35195530726257,0.2756052141527,0.0614525139664805
376,0.0552268244575937,0.100591715976331,0.252465483234714,0.388560157790927,0.203155818540434
377,0.178300757877942,0.400877542879936,0.237335460710012,0.121659353809334,0.0618268847227762
378,0.00307692307692308,0.00615384615384615,0.0153846153846154,0.203076923076923,0.772307692307692
379,0.178300757877942,0.400877542879936,0.237335460710012,0.121659353809334,0.0618268847227762
380,0.178300757877942,0.400877542879936,0.237335460710012,0.121659353809334,0.0618268847227762
381,0.0434173669467787,0.169467787114846,0.427170868347339,0.331932773109244,0.0280112044817927
382,0,0,0.122222222222222,0.722222222222222,0.155555555555556
383,0.00307692307692308,0.00615384615384615,0.0153846153846154,0.203076923076923,0.772307692307692
384,0.178300757877942,0.400877542879936,0.237335460710012,0.121659353809334,0.0618268847227762
385,0.178300757877942,0.400877542879936,0.237335460710012,0.121659353809334,0.0618268847227762
386,0.178300757877942,0.400877542879936,0.237335460710012,0.121659353809334,0.0618268847227762
387,0.074487895716946,0.236499068901304,0.35195530726257,0.2756052141527,0.0614525139664805
388,0.0434173669467787,0.169467787114846,0.427170868347339,0.331932773109244,0.0280112044817927
389,0.178300757877942,0.400877542879936,0.237335460710012,0.121659353809334,0.0618268847227762
390,0.178300757877942,0.400877542879936,0.237335460710012,0.121659353809334,0.0618268847227762
391,0.178300757877942,0.400877542879936,0.237335460710012,0.121659353809334,0.0618268847227762
392,0.178300757877942,0.400877542879936,0.237335460710012,0.121659353809334,0.0618268847227762
393,0.0434173669467787,0.169467787114846,0.427170868347339,0.331932773109244,0.0280112044817927
394,0.625,0.288461538461538,0.0737179487179487,0.0128205128205128,0
395,0.074487895716946,0.236499068901304,0.35195530726257,0.2756052141527,0.0614525139664805
396,0.0100502512562814,0.0050251256281407,0.0100502512562814,0.0452261306532663,0.92964824120603
397,0.178300757877942,0.400877542879936,0.237335460710012,0.121659353809334,0.0618268847227762
398,0.178300757877942,0.400877542879936,0.237335460710012,0.121659353809334,0.0618268847227762
399,0.00595238095238095,0.0595238095238095,0.297619047619048,0.470238095238095,0.166666666666667
400,0.178300757877942,0.400877542879936,0.237335460710012,0.121659353809334,0.0618268847227762
401,0.178300757877942,0.400877542879936,0.237335460710012,0.121659353809334,0.0618268847227762
402,0.0051413881748072,0.0359897172236504,0.0616966580976864,0.298200514138817,0.598971722365039
403,0.00307692307692308,0.00615384615384615,0.0153846153846154,0.203076923076923,0.772307692307692
404,0.178300757877942,0.400877542879936,0.237335460710012,0.121659353809334,0.0618268847227762
405,0.178300757877942,0.400877542879936,0.237335460710012,0.121659353809334,0.0618268847227762
406,0,0,0.122222222222222,0.722222222222222,0.155555555555556
407,0.178300757877942,0.400877542879936,0.237335460710012,0.121659353809334,0.0618268847227762
408,0.178300757877942,0.400877542879936,0.237335460710012,0.121659353809334,0.0618268847227762
409,0.0434173669467787,0.169467787114846,0.427170868347339,0.331932773109244,0.0280112044817927
410,0.00307692307692308,0.00615384615384615,0.0153846153846154,0.203076923076923,0.772307692307692
411,0.0434173669467787,0.169467787114846,0.427170868347339,0.331932773109244,0.0280112044817927
412,0.074487895716946,0.236499068901304,0.35195530726257,0.2756052141527,0.0614525139664805
413,0,0,0.122222222222222,0.722222222222222,0.155555555555556
414,0.074487895716946,0.236499068901304,0.35195530726257,0.2756052141527,0.0614525139664805
415,0.178300757877942,0.400877542879936,0.237335460710012,0.121659353809334,0.0618268847227762
416,0.178300757877942,0.400877542879936,0.237335460710012,0.121659353809334,0.0618268847227762
417,0.074487895716946,0.236499068901304,0.35195530726257,0.2756052141527,0.0614525139664805
418,0,0,0.122222222222222,0.722222222222222,0.155555555555556
419,0,0,0.122222222222222,0.722222222222222,0.155555555555556
420,0.074487895716946,0.236499068901304,0.35195530726257,0.2756052141527,0.0614525139664805
421,0.178300757877942,0.400877542879936,0.237335460710012,0.121659353809334,0.0618268847227762
422,0.178300757877942,0.400877542879936,0.237335460710012,0.121659353809334,0.0618268847227762
423,0.00307692307692308,0.00615384615384615,0.0153846153846154,0.203076923076923,0.772307692307692
424,0.178300757877942,0.400877542879936,0.237335460710012,0.121659353809334,0.0618268847227762
425,0.178300757877942,0.400877542879936,0.237335460710012,0.121659353809334,0.0618268847227762
426,0.0552268244575937,0.100591715976331,0.252465483234714,0.388560157790927,0.203155818540434
427,0.178300757877942,0.400877542879936,0.237335460710012,0.121659353809334,0.0618268847227762
428,0.0100502512562814,0.0050251256281407,0.0100502512562814,0.0452261306532663,0.92964824120603
429,0.0051413881748072,0.0359897172236504,0.0616966580976864,0.298200514138817,0.598971722365039
430,0.0552268244575937,0.100591715976331,0.252465483234714,0.388560157790927,0.203155818540434
431,0.178300757877942,0.400877542879936,0.237335460710012,0.121659353809334,0.0618268847227762
432,0.178300757877942,0.400877542879936,0.237335460710012,0.121659353809334,0.0618268847227762
433,0.178300757877942,0.400877542879936,0.237335460710012,0.121659353809334,0.0618268847227762
434,0.0552268244575937,0.100591715976331,0.252465483234714,0.388560157790927,0.203155818540434
435,0.0100502512562814,0.0050251256281407,0.0100502512562814,0.0452261306532663,0.92964824120603
436,0.625,0.288461538461538,0.0737179487179487,0.0128205128205128,0
437,0.178300757877942,0.400877542879936,0.237335460710012,0.121659353809334,0.0618268847227762
438,0.178300757877942,0.400877542879936,0.237335460710012,0.121659353809334,0.0618268847227762
439,0,0,0.122222222222222,0.722222222222222,0.155555555555556
440,0.178300757877942,0.400877542879936,0.237335460710012,0.121659353809334,0.0618268847227762
441,0.0552268244575937,0.100591715976331,0.252465483234714,0.388560157790927,0.203155818540434
442,0.074487895716946,0.236499068901304,0.35195530726257,0.2756052141527,0.0614525139664805
443,0.178300757877942,0.400877542879936,0.237335460710012,0.121659353809334,0.0618268847227762
444,0.0051413881748072,0.0359897172236504,0.0616966580976864,0.298200514138817,0.598971722365039
445,0.178300757877942,0.400877542879936,0.237335460710012,0.121659353809334,0.0618268847227762
446,0.0100502512562814,0.0050251256281407,0.0100502512562814,0.0452261306532663,0.92964824120603
447,0.178300757877942,0.400877542879936,0.237335460710012,0.121659353809334,0.0618268847227762
448,0.625,0.288461538461538,0.0737179487179487,0.0128205128205128,0
449,0.0434173669467787,0.169467787114846,0.427170868347339,0.331932773109244,0.0280112044817927
450,0,0,0.122222222222222,0.722222222222222,0.155555555555556
451,0.178300757877942,0.400877542879936,0.237335460710012,0.121659353809334,0.0618268847227762
452,0.0051413881748072,0.0359897172236504,0.0616966580976864,0.298200514138817,0.598971722365039
453,0.178300757877942,0.400877542879936,0.237335460710012,0.121659353809334,0.0618268847227762
454,0.0051413881748072,0.0359897172236504,0.0616966580976864,0.298200514138817,0.598971722365039
455,0.00595238095238095,0.0595238095238095,0.297619047619048,0.470238095238095,0.166666666666667
456,0.178300757877942,0.400877542879936,0.237335460710012,0.121659353809334,0.0618268847227762
457,0.0051413881748072,0.0359897172236504,0.0616966580976864,0.298200514138817,0.598971722365039
458,0.0552268244575937,0.100591715976331,0.252465483234714,0.388560157790927,0.203155818540434
459,0.178300757877942,0.400877542879936,0.237335460710012,0.121659353809334,0.0618268847227762
460,0.00625,0.03125,0.125,0.575,0.2625
461,0.0434173669467787,0.169467787114846,0.427170868347339,0.331932773109244,0.0280112044817927
462,0.0051413881748072,0.0359897172236504,0.0616966580976864,0.298200514138817,0.598971722365039
463,0.625,0.288461538461538,0.0737179487179487,0.0128205128205128,0
464,0.178300757877942,0.400877542879936,0.237335460710012,0.121659353809334,0.0618268847227762
465,0.178300757877942,0.400877542879936,0.237335460710012,0.121659353809334,0.0618268847227762
466,0.178300757877942,0.400877542879936,0.237335460710012,0.121659353809334,0.0618268847227762
467,0.074487895716946,0.236499068901304,0.35195530726257,0.2756052141527,0.0614525139664805
468,0.0434173669467787,0.169467787114846,0.427170868347339,0.331932773109244,0.0280112044817927
469,0.625,0.288461538461538,0.0737179487179487,0.0128205128205128,0
470,0.0552268244575937,0.100591715976331,0.252465483234714,0.388560157790927,0.203155818540434
471,0.178300757877942,0.400877542879936,0.237335460710012,0.121659353809334,0.0618268847227762
472,0.178300757877942,0.400877542879936,0.237335460710012,0.121659353809334,0.0618268847227762
473,0.178300757877942,0.400877542879936,0.237335460710012,0.121659353809334,0.0618268847227762
474,0.178300757877942,0.400877542879936,0.237335460710012,0.121659353809334,0.0618268847227762
475,0.178300757877942,0.400877542879936,0.237335460710012,0.121659353809334,0.0618268847227762
476,0.0051413881748072,0.0359897172236504,0.0616966580976864,0.298200514138817,0.598971722365039
477,0.178300757877942,0.400877542879936,0.237335460710012,0.121659353809334,0.0618268847227762
478,0.178300757877942,0.400877542879936,0.237335460710012,0.121659353809334,0.0618268847227762
479,0.178300757877942,0.400877542879936,0.237335460710012,0.121659353809334,0.0618268847227762
480,0.0100502512562814,0.0050251256281407,0.0100502512562814,0.0452261306532663,0.92964824120603
481,0.0552268244575937,0.100591715976331,0.252465483234714,0.388560157790927,0.203155818540434
482,0.0552268244575937,0.100591715976331,0.252465483234714,0.388560157790927,0.203155818540434
483,0.625,0.288461538461538,0.0737179487179487,0.0128205128205128,0
484,0.178300757877942,0.400877542879936,0.237335460710012,0.121659353809334,0.0618268847227762
485,0.178300757877942,0.400877542879936,0.237335460710012,0.121659353809334,0.0618268847227762
486,0.0100502512562814,0.0050251256281407,0.0100502512562814,0.0452261306532663,0.92964824120603
487,0.178300757877942,0.400877542879936,0.237335460710012,0.121659353809334,0.0618268847227762
488,0.178300757877942,0.400877542879936,0.237335460710012,0.121659353809334,0.0618268847227762
489,0.625,0.288461538461538,0.0737179487179487,0.0128205128205128,0
490,0,0,0.122222222222222,0.722222222222222,0.155555555555556
491,0.00595238095238095,0.0595238095238095,0.297619047619048,0.470238095238095,0.166666666666667
492,0.178300757877942,0.400877542879936,0.237335460710012,0.121659353809334,0.0618268847227762
493,0.0051413881748072,0.0359897172236504,0.0616966580976864,0.298200514138817,0.598971722365039
494,0.0051413881748072,0.0359897172236504,0.0616966580976864,0.298200514138817,0.598971722365039
495,0.00307692307692308,0.00615384615384615,0.0153846153846154,0.203076923076923,0.772307692307692
496,0.178300757877942,0.400877542879936,0.237335460710012,0.121659353809334,0.0618268847227762
497,0.178300757877942,0.400877542879936,0.237335460710012,0.121659353809334,0.0618268847227762
498,0.074487895716946,0.236499068901304,0.35195530726257,0.2756052141527,0.0614525139664805
499,0.178300757877942,0.400877542879936,0.237335460710012,0.121659353809334,0.0618268847227762
500,0.178300757877942,0.400877542879936,0.237335460710012,0.121659353809334,0.0618268847227762
501,0.0051413881748072,0.0359897172236504,0.0616966580976864,0.298200514138817,0.598971722365039
502,0.178300757877942,0.400877542879936,0.237335460710012,0.121659353809334,0.0618268847227762
503,0.0552268244575937,0.100591715976331,0.252465483234714,0.388560157790927,0.203155818540434
504,0.0434173669467787,0.169467787114846,0.427170868347339,0.331932773109244,0.0280112044817927
505,0.00307692307692308,0.00615384615384615,0.0153846153846154,0.203076923076923,0.772307692307692
506,0.0434173669467787,0.169467787114846,0.427170868347339,0.331932773109244,0.0280112044817927
507,0,0,0.122222222222222,0.722222222222222,0.155555555555556
508,0.178300757877942,0.400877542879936,0.237335460710012,0.121659353809334,0.0618268847227762
509,0.0100502512562814,0.0050251256281407,0.0100502512562814,0.0452261306532663,0.92964824120603
510,0.0051413881748072,0.0359897172236504,0.0616966580976864,0.298200514138817,0.598971722365039
511,0.625,0.288461538461538,0.0737179487179487,0.0128205128205128,0
512,0,0,0.122222222222222,0.722222222222222,0.155555555555556
513,0.0051413881748072,0.0359897172236504,0.0616966580976864,0.298200514138817,0.598971722365039
514,0.178300757877942,0.400877542879936,0.237335460710012,0.121659353809334,0.0618268847227762
515,0.178300757877942,0.400877542879936,0.237335460710012,0.121659353809334,0.0618268847227762
516,0.178300757877942,0.400877542879936,0.237335460710012,0.121659353809334,0.0618268847227762
517,0.0434173669467787,0.169467787114846,0.427170868347339,0.331932773109244,0.0280112044817927
518,0.178300757877942,0.400877542879936,0.237335460710012,0.121659353809334,0.0618268847227762
519,0.0552268244575937,0.100591715976331,0.252465483234714,0.388560157790927,0.203155818540434
520,0.0434173669467787,0.169467787114846,0.427170868347339,0.331932773109244,0.0280112044817927
521,0.0552268244575937,0.100591715976331,0.252465483234714,0.388560157790927,0.203155818540434
522,0.00595238095238095,0.0595238095238095,0.297619047619048,0.470238095238095,0.166666666666667
523,0.0552268244575937,0.100591715976331,0.252465483234714,0.388560157790927,0.203155818540434
524,0.178300757877942,0.400877542879936,0.237335460710012,0.121659353809334,0.0618268847227762
525,0.178300757877942,0.400877542879936,0.237335460710012,0.121659353809334,0.0618268847227762
526,0.00307692307692308,0.00615384615384615,0.0153846153846154,0.203076923076923,0.772307692307692
527,0.00595238095238095,0.0595238095238095,0.297619047619048,0.470238095238095,0.166666666666667
528,0.625,0.288461538461538,0.0737179487179487,0.0128205128205128,0
529,0.625,0.288461538461538,0.0737179487179487,0.0128205128205128,0
530,0.0100502512562814,0.0050251256281407,0.0100502512562814,0.0452261306532663,0.92964824120603
531,0.178300757877942,0.400877542879936,0.237335460710012,0.121659353809334,0.0618268847227762
532,0.0100502512562814,0.0050251256281407,0.0100502512562814,0.0452261306532663,0.92964824120603
533,0.074487895716946,0.236499068901304,0.35195530726257,0.2756052141527,0.0614525139664805
534,0.00595238095238095,0.0595238095238095,0.297619047619048,0.470238095238095,0.166666666666667
535,0.00307692307692308,0.00615384615384615,0.0153846153846154,0.203076923076923,0.772307692307692
536,0.074487895716946,0.236499068901304,0.35195530726257,0.2756052141527,0.0614525139664805
537,0.178300757877942,0.400877542879936,0.237335460710012,0.121659353809334,0.0618268847227762
538,0.178300757877942,0.400877542879936,0.237335460710012,0.121659353809334,0.0618268847227762
539,0.0051413881748072,0.0359897172236504,0.0616966580976864,0.298200514138817,0.598971722365039
540,0.0051413881748072,0.0359897172236504,0.0616966580976864,0.298200514138817,0.598971722365039
541,0.00625,0.03125,0.125,0.575,0.2625
542,0.178300757877942,0.400877542879936,0.237335460710012,0.121659353809334,0.0618268847227762
543,0.074487895716946,0.236499068901304,0.35195530726257,0.2756052141527,0.0614525139664805
544,0.0434173669467787,0.169467787114846,0.427170868347339,0.331932773109244,0.0280112044817927
545,0.00307692307692308,0.00615384615384615,0.0153846153846154,0.203076923076923,0.772307692307692
546,0.178300757877942,0.400877542879936,0.237335460710012,0.121659353809334,0.0618268847227762
547,0.0100502512562814,0.0050251256281407,0.0100502512562814,0.0452261306532663,0.92964824120603
548,0.178300757877942,0.400877542879936,0.237335460710012,0.121659353809334,0.0618268847227762
549,0.178300757877942,0.400877542879936,0.237335460710012,0.121659353809334,0.0618268847227762
550,0,0,0.122222222222222,0.722222222222222,0.155555555555556
551,0.0100502512562814,0.0050251256281407,0.0100502512562814,0.0452261306532663,0.92964824120603
552,0.0552268244575937,0.100591715976331,0.252465483234714,0.388560157790927,0.203155818540434
553,0.0434173669467787,0.169467787114846,0.427170868347339,0.331932773109244,0.0280112044817927
554,0.178300757877942,0.400877542879936,0.237335460710012,0.121659353809334,0.0618268847227762
555,0.074487895716946,0.236499068901304,0.35195530726257,0.2756052141527,0.0614525139664805
556,0.0434173669467787,0.169467787114846,0.427170868347339,0.331932773109244,0.0280112044817927
557,0.0434173669467787,0.169467787114846,0.427170868347339,0.331932773109244,0.0280112044817927
558,0.625,0.288461538461538,0.0737179487179487,0.0128205128205128,0
559,0.178300757877942,0.400877542879936,0.237335460710012,0.121659353809334,0.0618268847227762
560,0.0552268244575937,0.100591715976331,0.252465483234714,0.388560157790927,0.203155818540434
561,0.178300757877942,0.400877542879936,0.237335460710012,0.121659353809334,0.0618268847227762
562,0.178300757877942,0.400877542879936,0.237335460710012,0.121659353809334,0.0618268847227762
563,0.074487895716946,0.236499068901304,0.35195530726257,0.2756052141527,0.0614525139664805
564,0.178300757877942,0.400877542879936,0.237335460710012,0.121659353809334,0.0618268847227762
565,0.074487895716946,0.236499068901304,0.35195530726257,0.2756052141527,0.0614525139664805
566,0.00307692307692308,0.00615384615384615,0.0153846153846154,0.203076923076923,0.772307692307692
567,0.0552268244575937,0.100591715976331,0.252465483234714,0.388560157790927,0.203155818540434
568,0.0552268244575937,0.100591715976331,0.252465483234714,0.388560157790927,0.203155818540434
569,0.0100502512562814,0.0050251256281407,0.0100502512562814,0.0452261306532663,0.92964824120603
570,0.0434173669467787,0.169467787114846,0.427170868347339,0.331932773109244,0.0280112044817927
571,0.074487895716946,0.236499068901304,0.35195530726257,0.2756052141527,0.0614525139664805
572,0.074487895716946,0.236499068901304,0.35195530726257,0.2756052141527,0.0614525139664805
573,0.178300757877942,0.400877542879936,0.237335460710012,0.121659353809334,0.0618268847227762
574,0.0051413881748072,0.0359897172236504,0.0616966580976864,0.298200514138817,0.598971722365039
575,0.0051413881748072,0.0359897172236504,0.0616966580976864,0.298200514138817,0.598971722365039
576,0.00307692307692308,0.00615384615384615,0.0153846153846154,0.203076923076923,0.772307692307692
577,0.178300757877942,0.400877542879936,0.237335460710012,0.121659353809334,0.0618268847227762
578,0.0434173669467787,0.169467787114846,0.427170868347339,0.331932773109244,0.0280112044817927
579,0.0552268244575937,0.100591715976331,0.252465483234714,0.388560157790927,0.203155818540434
580,0.00595238095238095,0.0595238095238095,0.297619047619048,0.470238095238095,0.166666666666667
581,0.00307692307692308,0.00615384615384615,0.0153846153846154,0.203076923076923,0.772307692307692
582,0.178300757877942,0.400877542879936,0.237335460710012,0.121659353809334,0.0618268847227762
583,0.00625,0.03125,0.125,0.575,0.2625
584,0.0552268244575937,0.100591715976331,0.252465483234714,0.388560157790927,0.203155818540434
585,0.178300757877942,0.400877542879936,0.237335460710012,0.121659353809334,0.0618268847227762
586,0.074487895716946,0.236499068901304,0.35195530726257,0.2756052141527,0.0614525139664805
587,0.178300757877942,0.400877542879936,0.237335460710012,0.121659353809334,0.0618268847227762
588,0.0434173669467787,0.169467787114846,0.427170868347339,0.331932773109244,0.0280112044817927
589,0,0,0.122222222222222,0.722222222222222,0.155555555555556
590,0.625,0.288461538461538,0.0737179487179487,0.0128205128205128,0
591,0.0552268244575937,0.100591715976331,0.252465483234714,0.388560157790927,0.203155818540434
592,0.00625,0.03125,0.125,0.575,0.2625
593,0.178300757877942,0.400877542879936,0.237335460710012,0.121659353809334,0.0618268847227762
594,0.178300757877942,0.400877542879936,0.237335460710012,0.121659353809334,0.0618268847227762
595,0.00595238095238095,0.0595238095238095,0.297619047619048,0.470238095238095,0.166666666666667
596,0.178300757877942,0.400877542879936,0.237335460710012,0.121659353809334,0.0618268847227762
597,0.625,0.288461538461538,0.0737179487179487,0.0128205128205128,0
598,0.0100502512562814,0.0050251256281407,0.0100502512562814,0.0452261306532663,0.92964824120603
599,0.178300757877942,0.400877542879936,0.237335460710012,0.121659353809334,0.0618268847227762
600,0.0051413881748072,0.0359897172236504,0.0616966580976864,0.298200514138817,0.598971722365039
601,0.00307692307692308,0.00615384615384615,0.0153846153846154,0.203076923076923,0.772307692307692
602,0.0552268244575937,0.100591715976331,0.252465483234714,0.388560157790927,0.203155818540434
603,0.178300757877942,0.400877542879936,0.237335460710012,0.121659353809334,0.0618268847227762
604,0.178300757877942,0.400877542879936,0.237335460710012,0.121659353809334,0.0618268847227762
605,0.00307692307692308,0.00615384615384615,0.0153846153846154,0.203076923076923,0.772307692307692
606,0.074487895716946,0.236499068901304,0.35195530726257,0.2756052141527,0.0614525139664805
607,0.0552268244575937,0.100591715976331,0.252465483234714,0.388560157790927,0.203155818540434
608,0.0552268244575937,0.100591715976331,0.252465483234714,0.388560157790927,0.203155818540434
609,0.178300757877942,0.400877542879936,0.237335460710012,0.121659353809334,0.0618268847227762
610,0.0552268244575937,0.100591715976331,0.252465483234714,0.388560157790927,0.203155818540434
611,0.625,0.288461538461538,0.0737179487179487,0.0128205128205128,0
612,0.178300757877942,0.400877542879936,0.237335460710012,0.121659353809334,0.0618268847227762
613,0.00625,0.03125,0.125,0.575,0.2625
614,0.0100502512562814,0.0050251256281407,0.0100502512562814,0.0452261306532663,0.92964824120603
615,0.074487895716946,0.236499068901304,0.35195530726257,0.2756052141527,0.0614525139664805
616,0.178300757877942,0.400877542879936,0.237335460710012,0.121659353809334,0.0618268847227762
617,0.178300757877942,0.400877542879936,0.237335460710012,0.121659353809334,0.0618268847227762
618,0.0434173669467787,0.169467787114846,0.427170868347339,0.331932773109244,0.0280112044817927
619,0.0434173669467787,0.169467787114846,0.427170868347339,0.331932773109244,0.0280112044817927
620,0.178300757877942,0.400877542879936,0.237335460710012,0.121659353809334,0.0618268847227762
621,0.00595238095238095,0.0595238095238095,0.297619047619048,0.470238095238095,0.166666666666667
622,0.178300757877942,0.400877542879936,0.237335460710012,0.121659353809334,0.0618268847227762
623,0.625,0.288461538461538,0.0737179487179487,0.0128205128205128,0
624,0.0434173669467787,0.169467787114846,0.427170868347339,0.331932773109244,0.0280112044817927
625,0.178300757877942,0.400877542879936,0.237335460710012,0.121659353809334,0.0618268847227762
626,0.178300757877942,0.400877542879936,0.237335460710012,0.121659353809334,0.0618268847227762
627,0.178300757877942,0.400877542879936,0.237335460710012,0.121659353809334,0.0618268847227762
628,0.074487895716946,0.236499068901304,0.35195530726257,0.2756052141527,0.0614525139664805
629,0.074487895716946,0.236499068901304,0.35195530726257,0.2756052141527,0.0614525139664805
630,0.178300757877942,0.400877542879936,0.237335460710012,0.121659353809334,0.0618268847227762
631,0.0434173669467787,0.169467787114846,0.427170868347339,0.331932773109244,0.0280112044817927
632,0.178300757877942,0.400877542879936,0.237335460710012,0.121659353809334,0.0618268847227762
633,0.178300757877942,0.400877542879936,0.237335460710012,0.121659353809334,0.0618268847227762
634,0.178300757877942,0.400877542879936,0.237335460710012,0.121659353809334,0.0618268847227762
635,0.625,0.288461538461538,0.0737179487179487,0.0128205128205128,0
636,0.0552268244575937,0.100591715976331,0.252465483234714,0.388560157790927,0.203155818540434
637,0.0434173669467787,0.169467787114846,0.427170868347339,0.331932773109244,0.0280112044817927
638,0.178300757877942,0.400877542879936,0.237335460710012,0.121659353809334,0.0618268847227762
639,0.00625,0.03125,0.125,0.575,0.2625
640,0.074487895716946,0.236499068901304,0.35195530726257,0.2756052141527,0.0614525139664805
641,0.0434173669467787,0.169467787114846,0.427170868347339,0.331932773109244,0.0280112044817927
642,0.178300757877942,0.400877542879936,0.237335460710012,0.121659353809334,0.0618268847227762
643,0.178300757877942,0.400877542879936,0.237335460710012,0.121659353809334,0.0618268847227762
644,0.0552268244575937,0.100591715976331,0.252465483234714,0.388560157790927,0.203155818540434
645,0.0434173669467787,0.169467787114846,0.427170868347339,0.331932773109244,0.0280112044817927
646,0.00307692307692308,0.00615384615384615,0.0153846153846154,0.203076923076923,0.772307692307692
647,0.0434173669467787,0.169467787114846,0.427170868347339,0.331932773109244,0.0280112044817927
648,0.0051413881748072,0.0359897172236504,0.0616966580976864,0.298200514138817,0.598971722365039
649,0.00307692307692308,0.00615384615384615,0.0153846153846154,0.203076923076923,0.772307692307692
650,0.625,0.288461538461538,0.0737179487179487,0.0128205128205128,0
651,0.178300757877942,0.400877542879936,0.237335460710012,0.121659353809334,0.0618268847227762
652,0.074487895716946,0.236499068901304,0.35195530726257,0.2756052141527,0.0614525139664805
653,0.178300757877942,0.400877542879936,0.237335460710012,0.121659353809334,0.0618268847227762
654,0.178300757877942,0.400877542879936,0.237335460710012,0.121659353809334,0.0618268847227762
655,0.0552268244575937,0.100591715976331,0.252465483234714,0.388560157790927,0.203155818540434
656,0.178300757877942,0.400877542879936,0.237335460710012,0.121659353809334,0.0618268847227762
657,0.0434173669467787,0.169467787114846,0.427170868347339,0.331932773109244,0.0280112044817927
658,0.0434173669467787,0.169467787114846,0.427170868347339,0.331932773109244,0.0280112044817927
659,0.178300757877942,0.400877542879936,0.237335460710012,0.121659353809334,0.0618268847227762
660,0.178300757877942,0.400877542879936,0.237335460710012,0.121659353809334,0.0618268847227762
661,0,0,0.122222222222222,0.722222222222222,0.155555555555556
662,0.178300757877942,0.400877542879936,0.237335460710012,0.121659353809334,0.0618268847227762
663,0.0434173669467787,0.169467787114846,0.427170868347339,0.331932773109244,0.0280112044817927
664,0,0,0.122222222222222,0.722222222222222,0.155555555555556
665,0,0,0.122222222222222,0.722222222222222,0.155555555555556
666,0.178300757877942,0.400877542879936,0.237335460710012,0.121659353809334,0.0618268847227762
667,0.00307692307692308,0.00615384615384615,0.0153846153846154,0.203076923076923,0.772307692307692
668,0.178300757877942,0.400877542879936,0.237335460710012,0.121659353809334,0.0618268847227762
669,0.178300757877942,0.400877542879936,0.237335460710012,0.121659353809334,0.0618268847227762
670,0.0434173669467787,0.169467787114846,0.427170868347339,0.331932773109244,0.0280112044817927
671,0.178300757877942,0.400877542879936,0.237335460710012,0.121659353809334,0.0618268847227762
672,0.178300757877942,0.400877542879936,0.237335460710012,0.121659353809334,0.0618268847227762
673,0.00307692307692308,0.00615384615384615,0.0153846153846154,0.203076923076923,0.772307692307692
674,0.178300757877942,0.400877542879936,0.237335460710012,0.121659353809334,0.0618268847227762
675,0.0434173669467787,0.169467787114846,0.427170868347339,0.331932773109244,0.0280112044817927
676,0.178300757877942,0.400877542879936,0.237335460710012,0.121659353809334,0.0618268847227762
677,0.625,0.288461538461538,0.0737179487179487,0.0128205128205128,0
678,0.178300757877942,0.400877542879936,0.237335460710012,0.121659353809334,0.0618268847227762
679,0.00625,0.03125,0.125,0.575,0.2625
680,0.0552268244575937,0.100591715976331,0.252465483234714,0.388560157790927,0.203155818540434
681,0.178300757877942,0.400877542879936,0.237335460710012,0.121659353809334,0.0618268847227762
682,0.178300757877942,0.400877542879936,0.237335460710012,0.121659353809334,0.0618268847227762
683,0.178300757877942,0.400877542879936,0.237335460710012,0.121659353809334,0.0618268847227762
684,0.0434173669467787,0.169467787114846,0.427170868347339,0.331932773109244,0.0280112044817927
685,0.0434173669467787,0.169467787114846,0.427170868347339,0.331932773109244,0.0280112044817927
686,0.178300757877942,0.400877542879936,0.237335460710012,0.121659353809334,0.0618268847227762
687,0.0552268244575937,0.100591715976331,0.252465483234714,0.388560157790927,0.203155818540434
688,0.00307692307692308,0.00615384615384615,0.0153846153846154,0.203076923076923,0.772307692307692
689,0.0552268244575937,0.100591715976331,0.252465483234714,0.388560157790927,0.203155818540434
690,0.178300757877942,0.400877542879936,0.237335460710012,0.121659353809334,0.0618268847227762
691,0.178300757877942,0.400877542879936,0.237335460710012,0.121659353809334,0.0618268847227762
692,0.0434173669467787,0.169467787114846,0.427170868347339,0.331932773109244,0.0280112044817927
693,0.178300757877942,0.400877542879936,0.237335460710012,0.121659353809334,0.0618268847227762
694,0.0434173669467787,0.169467787114846,0.427170868347339,0.331932773109244,0.0280112044817927
695,0.0552268244575937,0.100591715976331,0.252465483234714,0.388560157790927,0.203155818540434
696,0.00595238095238095,0.0595238095238095,0.297619047619048,0.470238095238095,0.166666666666667
697,0.178300757877942,0.400877542879936,0.237335460710012,0.121659353809334,0.0618268847227762
698,0,0,0.122222222222222,0.722222222222222,0.155555555555556
699,0.074487895716946,0.236499068901304,0.35195530726257,0.2756052141527,0.0614525139664805
700,0.625,0.288461538461538,0.0737179487179487,0.0128205128205128,0
701,0.625,0.288461538461538,0.0737179487179487,0.0128205128205128,0
702,0.0434173669467787,0.169467787114846,0.427170868347339,0.331932773109244,0.0280112044817927
703,0.178300757877942,0.400877542879936,0.237335460710012,0.121659353809334,0.0618268847227762
704,0.0434173669467787,0.169467787114846,0.427170868347339,0.331932773109244,0.0280112044817927
705,0.178300757877942,0.400877542879936,0.237335460710012,0.121659353809334,0.0618268847227762
706,0.074487895716946,0.236499068901304,0.35195530726257,0.2756052141527,0.0614525139664805
707,0.178300757877942,0.400877542879936,0.237335460710012,0.121659353809334,0.0618268847227762
708,0.00625,0.03125,0.125,0.575,0.2625
709,0.178300757877942,0.400877542879936,0.237335460710012,0.121659353809334,0.0618268847227762
710,0.0051413881748072,0.0359897172236504,0.0616966580976864,0.298200514138817,0.598971722365039
711,0.00625,0.03125,0.125,0.575,0.2625
712,0.0552268244575937,0.100591715976331,0.252465483234714,0.388560157790927,0.203155818540434
713,0.0552268244575937,0.100591715976331,0.252465483234714,0.388560157790927,0.203155818540434
714,0.0100502512562814,0.0050251256281407,0.0100502512562814,0.0452261306532663,0.92964824120603
715,0.178300757877942,0.400877542879936,0.237335460710012,0.121659353809334,0.0618268847227762
716,0.178300757877942,0.400877542879936,0.237335460710012,0.121659353809334,0.0618268847227762
717,0,0,0.122222222222222,0.722222222222222,0.155555555555556
718,0.625,0.288461538461538,0.0737179487179487,0.0128205128205128,0
719,0.0051413881748072,0.0359897172236504,0.0616966580976864,0.298200514138817,0.598971722365039
720,0.625,0.288461538461538,0.0737179487179487,0.0128205128205128,0
721,0.178300757877942,0.400877542879936,0.237335460710012,0.121659353809334,0.0618268847227762
722,0.0552268244575937,0.100591715976331,0.252465483234714,0.388560157790927,0.203155818540434
723,0.0434173669467787,0.169467787114846,0.427170868347339,0.331932773109244,0.0280112044817927
724,0.0100502512562814,0.0050251256281407,0.0100502512562814,0.0452261306532663,0.92964824120603
725,0.625,0.288461538461538,0.0737179487179487,0.0128205128205128,0
726,0.178300757877942,0.400877542879936,0.237335460710012,0.121659353809334,0.0618268847227762
727,0.0552268244575937,0.100591715976331,0.252465483234714,0.388560157790927,0.203155818540434
728,0.0051413881748072,0.0359897172236504,0.0616966580976864,0.298200514138817,0.598971722365039
729,0.074487895716946,0.236499068901304,0.35195530726257,0.2756052141527,0.0614525139664805
730,0.0434173669467787,0.169467787114846,0.427170868347339,0.331932773109244,0.0280112044817927
731,0.0434173669467787,0.169467787114846,0.427170868347339,0.331932773109244,0.0280112044817927
732,0.0552268244575937,0.100591715976331,0.252465483234714,0.388560157790927,0.203155818540434
733,0.178300757877942,0.400877542879936,0.237335460710012,0.121659353809334,0.0618268847227762
734,0.178300757877942,0.400877542879936,0.237335460710012,0.121659353809334,0.0618268847227762
735,0.0434173669467787,0.169467787114846,0.427170868347339,0.331932773109244,0.0280112044817927
736,0.0051413881748072,0.0359897172236504,0.0616966580976864,0.298200514138817,0.598971722365039
737,0.178300757877942,0.400877542879936,0.237335460710012,0.121659353809334,0.0618268847227762
738,0.178300757877942,0.400877542879936,0.237335460710012,0.121659353809334,0.0618268847227762
739,0.178300757877942,0.400877542879936,0.237335460710012,0.121659353809334,0.0618268847227762
740,0.074487895716946,0.236499068901304,0.35195530726257,0.2756052141527,0.0614525139664805
741,0.00307692307692308,0.00615384615384615,0.0153846153846154,0.203076923076923,0.772307692307692
742,0.074487895716946,0.236499068901304,0.35195530726257,0.2756052141527,0.0614525139664805
743,0.00307692307692308,0.00615384615384615,0.0153846153846154,0.203076923076923,0.772307692307692
744,0.178300757877942,0.400877542879936,0.237335460710012,0.121659353809334,0.0618268847227762
745,0.178300757877942,0.400877542879936,0.237335460710012,0.121659353809334,0.0618268847227762
746,0.0051413881748072,0.0359897172236504,0.0616966580976864,0.298200514138817,0.598971722365039
747,0.074487895716946,0.236499068901304,0.35195530726257,0.2756052141527,0.0614525139664805
748,0.00595238095238095,0.0595238095238095,0.297619047619048,0.470238095238095,0.166666666666667
749,0.0051413881748072,0.0359897172236504,0.0616966580976864,0.298200514138817,0.598971722365039
750,0.0100502512562814,0.0050251256281407,0.0100502512562814,0.0452261306532663,0.92964824120603
751,0.0552268244575937,0.100591715976331,0.252465483234714,0.388560157790927,0.203155818540434
752,0.178300757877942,0.400877542879936,0.237335460710012,0.121659353809334,0.0618268847227762
753,0.178300757877942,0.400877542879936,0.237335460710012,0.121659353809334,0.0618268847227762
754,0.074487895716946,0.236499068901304,0.35195530726257,0.2756052141527,0.0614525139664805
755,0.178300757877942,0.400877542879936,0.237335460710012,0.121659353809334,0.0618268847227762
756,0.178300757877942,0.400877542879936,0.237335460710012,0.121659353809334,0.0618268847227762
757,0.625,0.288461538461538,0.0737179487179487,0.0128205128205128,0
758,0.0552268244575937,0.100591715976331,0.252465483234714,0.388560157790927,0.203155818540434
759,0.178300757877942,0.400877542879936,0.237335460710012,0.121659353809334,0.0618268847227762
760,0.178300757877942,0.400877542879936,0.237335460710012,0.121659353809334,0.0618268847227762
761,0.0552268244575937,0.100591715976331,0.252465483234714,0.388560157790927,0.203155818540434
762,0.0552268244575937,0.100591715976331,0.252465483234714,0.388560157790927,0.203155818540434
763,0.074487895716946,0.236499068901304,0.35195530726257,0.2756052141527,0.0614525139664805
764,0.0434173669467787,0.169467787114846,0.427170868347339,0.331932773109244,0.0280112044817927
765,0.178300757877942,0.400877542879936,0.237335460710012,0.121659353809334,0.0618268847227762
766,0.0552268244575937,0.100591715976331,0.252465483234714,0.388560157790927,0.203155818540434
767,0.178300757877942,0.400877542879936,0.237335460710012,0.121659353809334,0.0618268847227762
768,0.178300757877942,0.400877542879936,0.237335460710012,0.121659353809334,0.0618268847227762
769,0.178300757877942,0.400877542879936,0.237335460710012,0.121659353809334,0.0618268847227762
770,0.178300757877942,0.400877542879936,0.237335460710012,0.121659353809334,0.0618268847227762
771,0.0552268244575937,0.100591715976331,0.252465483234714,0.388560157790927,0.203155818540434
772,0.0434173669467787,0.169467787114846,0.427170868347339,0.331932773109244,0.0280112044817927
773,0.0100502512562814,0.0050251256281407,0.0100502512562814,0.0452261306532663,0.92964824120603
774,0.00307692307692308,0.00615384615384615,0.0153846153846154,0.203076923076923,0.772307692307692
775,0.0434173669467787,0.169467787114846,0.427170868347339,0.331932773109244,0.0280112044817927
776,0.178300757877942,0.400877542879936,0.237335460710012,0.121659353809334,0.0618268847227762
777,0.178300757877942,0.400877542879936,0.237335460710012,0.121659353809334,0.0618268847227762
778,0.074487895716946,0.236499068901304,0.35195530726257,0.2756052141527,0.0614525139664805
779,0.178300757877942,0.400877542879936,0.237335460710012,0.121659353809334,0.0618268847227762
780,0.625,0.288461538461538,0.0737179487179487,0.0128205128205128,0
781,0.178300757877942,0.400877542879936,0.237335460710012,0.121659353809334,0.0618268847227762
782,0.178300757877942,0.400877542879936,0.237335460710012,0.121659353809334,0.0618268847227762
783,0.0434173669467787,0.169467787114846,0.427170868347339,0.331932773109244,0.0280112044817927
784,0.178300757877942,0.400877542879936,0.237335460710012,0.121659353809334,0.0618268847227762
785,0.625,0.288461538461538,0.0737179487179487,0.0128205128205128,0
786,0.0434173669467787,0.169467787114846,0.427170868347339,0.331932773109244,0.0280112044817927
787,0.178300757877942,0.400877542879936,0.237335460710012,0.121659353809334,0.0618268847227762
788,0.178300757877942,0.400877542879936,0.237335460710012,0.121659353809334,0.0618268847227762
789,0.0434173669467787,0.169467787114846,0.427170868347339,0.331932773109244,0.0280112044817927
790,0.178300757877942,0.400877542879936,0.237335460710012,0.121659353809334,0.0618268847227762
791,0.178300757877942,0.400877542879936,0.237335460710012,0.121659353809334,0.0618268847227762
792,0.625,0.288461538461538,0.0737179487179487,0.0128205128205128,0
793,0.178300757877942,0.400877542879936,0.237335460710012,0.121659353809334,0.0618268847227762
794,0.178300757877942,0.400877542879936,0.237335460710012,0.121659353809334,0.0618268847227762
795,0.0552268244575937,0.100591715976331,0.252465483234714,0.388560157790927,0.203155818540434
796,0.0552268244575937,0.100591715976331,0.252465483234714,0.388560157790927,0.203155818540434
797,0,0,0.122222222222222,0.722222222222222,0.155555555555556
798,0.178300757877942,0.400877542879936,0.237335460710012,0.121659353809334,0.0618268847227762
799,0.178300757877942,0.400877542879936,0.237335460710012,0.121659353809334,0.0618268847227762
800,0.178300757877942,0.400877542879936,0.237335460710012,0.121659353809334,0.0618268847227762
801,0.0434173669467787,0.169467787114846,0.427170868347339,0.331932773109244,0.0280112044817927
802,0.178300757877942,0.400877542879936,0.237335460710012,0.121659353809334,0.0618268847227762
803,0.0051413881748072,0.0359897172236504,0.0616966580976864,0.298200514138817,0.598971722365039
804,0.00625,0.03125,0.125,0.575,0.2625
805,0.178300757877942,0.400877542879936,0.237335460710012,0.121659353809334,0.0618268847227762
806,0.178300757877942,0.400877542879936,0.237335460710012,0.121659353809334,0.0618268847227762
807,0.178300757877942,0.400877542879936,0.237335460710012,0.121659353809334,0.0618268847227762
808,0.0552268244575937,0.100591715976331,0.252465483234714,0.388560157790927,0.203155818540434
809,0.178300757877942,0.400877542879936,0.237335460710012,0.121659353809334,0.0618268847227762
810,0.0434173669467787,0.169467787114846,0.427170868347339,0.331932773109244,0.0280112044817927
811,0.178300757877942,0.400877542879936,0.237335460710012,0.121659353809334,0.0618268847227762
812,0.178300757877942,0.400877542879936,0.237335460710012,0.121659353809334,0.0618268847227762
813,0.0434173669467787,0.169467787114846,0.427170868347339,0.331932773109244,0.0280112044817927
814,0.178300757877942,0.400877542879936,0.237335460710012,0.121659353809334,0.0618268847227762
815,0.178300757877942,0.400877542879936,0.237335460710012,0.121659353809334,0.0618268847227762
816,0.074487895716946,0.236499068901304,0.35195530726257,0.2756052141527,0.0614525139664805
817,0.074487895716946,0.236499068901304,0.35195530726257,0.2756052141527,0.0614525139664805
818,0.0552268244575937,0.100591715976331,0.252465483234714,0.388560157790927,0.203155818540434
819,0.178300757877942,0.400877542879936,0.237335460710012,0.121659353809334,0.0618268847227762
820,0.178300757877942,0.400877542879936,0.237335460710012,0.121659353809334,0.0618268847227762
821,0.00307692307692308,0.00615384615384615,0.0153846153846154,0.203076923076923,0.772307692307692
822,0.0434173669467787,0.169467787114846,0.427170868347339,0.331932773109244,0.0280112044817927
823,0.625,0.288461538461538,0.0737179487179487,0.0128205128205128,0
824,0.00307692307692308,0.00615384615384615,0.0153846153846154,0.203076923076923,0.772307692307692
825,0,0,0.122222222222222,0.722222222222222,0.155555555555556
826,0.625,0.288461538461538,0.0737179487179487,0.0128205128205128,0
827,0.0100502512562814,0.0050251256281407,0.0100502512562814,0.0452261306532663,0.92964824120603
828,0.074487895716946,0.236499068901304,0.35195530726257,0.2756052141527,0.0614525139664805
829,0.178300757877942,0.400877542879936,0.237335460710012,0.121659353809334,0.0618268847227762
830,0.178300757877942,0.400877542879936,0.237335460710012,0.121659353809334,0.0618268847227762
831,0.0051413881748072,0.0359897172236504,0.0616966580976864,0.298200514138817,0.598971722365039
832,0.625,0.288461538461538,0.0737179487179487,0.0128205128205128,0
833,0.178300757877942,0.400877542879936,0.237335460710012,0.121659353809334,0.0618268847227762
834,0.00307692307692308,0.00615384615384615,0.0153846153846154,0.203076923076923,0.772307692307692
835,0.00595238095238095,0.0595238095238095,0.297619047619048,0.470238095238095,0.166666666666667
836,0.178300757877942,0.400877542879936,0.237335460710012,0.121659353809334,0.0618268847227762
837,0.178300757877942,0.400877542879936,0.237335460710012,0.121659353809334,0.0618268847227762
838,0.00625,0.03125,0.125,0.575,0.2625
839,0.0552268244575937,0.100591715976331,0.252465483234714,0.388560157790927,0.203155818540434
840,0.074487895716946,0.236499068901304,0.35195530726257,0.2756052141527,0.0614525139664805
841,0,0,0.122222222222222,0.722222222222222,0.155555555555556
842,0.074487895716946,0.236499068901304,0.35195530726257,0.2756052141527,0.0614525139664805
843,0.00307692307692308,0.00615384615384615,0.0153846153846154,0.203076923076923,0.772307692307692
844,0.074487895716946,0.236499068901304,0.35195530726257,0.2756052141527,0.0614525139664805
845,0.00625,0.03125,0.125,0.575,0.2625
846,0.074487895716946,0.236499068901304,0.35195530726257,0.2756052141527,0.0614525139664805
847,0.178300757877942,0.400877542879936,0.237335460710012,0.121659353809334,0.0618268847227762
848,0.0434173669467787,0.169467787114846,0.427170868347339,0.331932773109244,0.0280112044817927
849,0.178300757877942,0.400877542879936,0.237335460710012,0.121659353809334,0.0618268847227762
850,0.0100502512562814,0.0050251256281407,0.0100502512562814,0.0452261306532663,0.92964824120603
851,0.074487895716946,0.236499068901304,0.35195530726257,0.2756052141527,0.0614525139664805
852,0.0051413881748072,0.0359897172236504,0.0616966580976864,0.298200514138817,0.598971722365039
853,0.178300757877942,0.400877542879936,0.237335460710012,0.121659353809334,0.0618268847227762
854,0.178300757877942,0.400877542879936,0.237335460710012,0.121659353809334,0.0618268847227762
855,0.0434173669467787,0.169467787114846,0.427170868347339,0.331932773109244,0.0280112044817927
856,0.0552268244575937,0.100591715976331,0.252465483234714,0.388560157790927,0.203155818540434
857,0.0434173669467787,0.169467787114846,0.427170868347339,0.331932773109244,0.0280112044817927
858,0.0100502512562814,0.0050251256281407,0.0100502512562814,0.0452261306532663,0.92964824120603
859,0.074487895716946,0.236499068901304,0.35195530726257,0.2756052141527,0.0614525139664805
860,0.178300757877942,0.400877542879936,0.237335460710012,0.121659353809334,0.0618268847227762
861,0.625,0.288461538461538,0.0737179487179487,0.0128205128205128,0
862,0.178300757877942,0.400877542879936,0.237335460710012,0.121659353809334,0.0618268847227762
863,0.178300757877942,0.400877542879936,0.237335460710012,0.121659353809334,0.0618268847227762
864,0.0051413881748072,0.0359897172236504,0.0616966580976864,0.298200514138817,0.598971722365039
865,0.178300757877942,0.400877542879936,0.237335460710012,0.121659353809334,0.0618268847227762
866,0.625,0.288461538461538,0.0737179487179487,0.0128205128205128,0
867,0.178300757877942,0.400877542879936,0.237335460710012,0.121659353809334,0.0618268847227762
868,0.625,0.288461538461538,0.0737179487179487,0.0128205128205128,0
869,0.178300757877942,0.400877542879936,0.237335460710012,0.121659353809334,0.0618268847227762
870,0.00595238095238095,0.0595238095238095,0.297619047619048,0.470238095238095,0.166666666666667
871,0.0434173669467787,0.169467787114846,0.427170868347339,0.331932773109244,0.0280112044817927
872,0.0434173669467787,0.169467787114846,0.427170868347339,0.331932773109244,0.0280112044817927
873,0.00625,0.03125,0.125,0.575,0.2625
874,0.0100502512562814,0.0050251256281407,0.0100502512562814,0.0452261306532663,0.92964824120603
875,0.00625,0.03125,0.125,0.575,0.2625
876,0.178300757877942,0.400877542879936,0.237335460710012,0.121659353809334,0.0618268847227762
877,0.0434173669467787,0.169467787114846,0.427170868347339,0.331932773109244,0.0280112044817927
878,0.178300757877942,0.400877542879936,0.237335460710012,0.121659353809334,0.0618268847227762
879,0.178300757877942,0.400877542879936,0.237335460710012,0.121659353809334,0.0618268847227762
880,0.178300757877942,0.400877542879936,0.237335460710012,0.121659353809334,0.0618268847227762
881,0.0434173669467787,0.169467787114846,0.427170868347339,0.331932773109244,0.0280112044817927
882,0.0434173669467787,0.169467787114846,0.427170868347339,0.331932773109244,0.0280112044817927
883,0.0552268244575937,0.100591715976331,0.252465483234714,0.388560157790927,0.203155818540434
884,0.00595238095238095,0.0595238095238095,0.297619047619048,0.470238095238095,0.166666666666667
885,0,0,0.122222222222222,0.722222222222222,0.155555555555556
886,0.178300757877942,0.400877542879936,0.237335460710012,0.121659353809334,0.0618268847227762
887,0.178300757877942,0.400877542879936,0.237335460710012,0.121659353809334,0.0618268847227762
888,0.0434173669467787,0.169467787114846,0.427170868347339,0.331932773109244,0.0280112044817927
889,0.074487895716946,0.236499068901304,0.35195530726257,0.2756052141527,0.0614525139664805
890,0.178300757877942,0.400877542879936,0.237335460710012,0.121659353809334,0.0618268847227762
891,0.178300757877942,0.400877542879936,0.237335460710012,0.121659353809334,0.0618268847227762
892,0.0100502512562814,0.0050251256281407,0.0100502512562814,0.0452261306532663,0.92964824120603
893,0.074487895716946,0.236499068901304,0.35195530726257,0.2756052141527,0.0614525139664805
894,0.178300757877942,0.400877542879936,0.237335460710012,0.121659353809334,0.0618268847227762
895,0,0,0.122222222222222,0.722222222222222,0.155555555555556
896,0.0552268244575937,0.100591715976331,0.252465483234714,0.388560157790927,0.203155818540434
897,0.178300757877942,0.400877542879936,0.237335460710012,0.121659353809334,0.0618268847227762
898,0.178300757877942,0.400877542879936,0.237335460710012,0.121659353809334,0.0618268847227762
899,0.074487895716946,0.236499068901304,0.35195530726257,0.2756052141527,0.0614525139664805
900,0.074487895716946,0.236499068901304,0.35195530726257,0.2756052141527,0.0614525139664805
901,0.00595238095238095,0.0595238095238095,0.297619047619048,0.470238095238095,0.166666666666667
902,0.074487895716946,0.236499068901304,0.35195530726257,0.2756052141527,0.0614525139664805
903,0.178300757877942,0.400877542879936,0.237335460710012,0.121659353809334,0.0618268847227762
904,0.0051413881748072,0.0359897172236504,0.0616966580976864,0.298200514138817,0.598971722365039
905,0.178300757877942,0.400877542879936,0.237335460710012,0.121659353809334,0.0618268847227762
906,0.178300757877942,0.400877542879936,0.237335460710012,0.121659353809334,0.0618268847227762
907,0.178300757877942,0.400877542879936,0.237335460710012,0.121659353809334,0.0618268847227762
908,0.178300757877942,0.400877542879936,0.237335460710012,0.121659353809334,0.0618268847227762
909,0.178300757877942,0.400877542879936,0.237335460710012,0.121659353809334,0.0618268847227762
910,0.178300757877942,0.400877542879936,0.237335460710012,0.121659353809334,0.0618268847227762
911,0.178300757877942,0.400877542879936,0.237335460710012,0.121659353809334,0.0618268847227762
912,0.00595238095238095,0.0595238095238095,0.297619047619048,0.470238095238095,0.166666666666667
913,0.0434173669467787,0.169467787114846,0.427170868347339,0.331932773109244,0.0280112044817927
914,0.00595238095238095,0.0595238095238095,0.297619047619048,0.470238095238095,0.166666666666667
915,0.625,0.288461538461538,0.0737179487179487,0.0128205128205128,0
916,0.625,0.288461538461538,0.0737179487179487,0.0128205128205128,0
917,0.0051413881748072,0.0359897172236504,0.0616966580976864,0.298200514138817,0.598971722365039
918,0.0100502512562814,0.0050251256281407,0.0100502512562814,0.0452261306532663,0.92964824120603
919,0.0552268244575937,0.100591715976331,0.252465483234714,0.388560157790927,0.203155818540434
920,0.178300757877942,0.400877542879936,0.237335460710012,0.121659353809334,0.0618268847227762
921,0.074487895716946,0.236499068901304,0.35195530726257,0.2756052141527,0.0614525139664805
922,0.00307692307692308,0.00615384615384615,0.0153846153846154,0.203076923076923,0.772307692307692
923,0.178300757877942,0.400877542879936,0.237335460710012,0.121659353809334,0.0618268847227762
924,0.074487895716946,0.236499068901304,0.35195530726257,0.2756052141527,0.0614525139664805
925,0.0100502512562814,0.0050251256281407,0.0100502512562814,0.0452261306532663,0.92964824120603
926,0.0434173669467787,0.169467787114846,0.427170868347339,0.331932773109244,0.0280112044817927
927,0.00307692307692308,0.00615384615384615,0.0153846153846154,0.203076923076923,0.772307692307692
928,0.178300757877942,0.400877542879936,0.237335460710012,0.121659353809334,0.0618268847227762
929,0.178300757877942,0.400877542879936,0.237335460710012,0.121659353809334,0.0618268847227762
930,0.178300757877942,0.400877542879936,0.237335460710012,0.121659353809334,0.0618268847227762
931,0.0434173669467787,0.169467787114846,0.427170868347339,0.331932773109244,0.0280112044817927
932,0.178300757877942,0.400877542879936,0.237335460710012,0.121659353809334,0.0618268847227762
933,0.178300757877942,0.400877542879936,0.237335460710012,0.121659353809334,0.0618268847227762
934,0.00307692307692308,0.00615384615384615,0.0153846153846154,0.203076923076923,0.772307692307692
935,0.0434173669467787,0.169467787114846,0.427170868347339,0.331932773109244,0.0280112044817927
936,0.178300757877942,0.400877542879936,0.237335460710012,0.121659353809334,0.0618268847227762
937,0.178300757877942,0.400877542879936,0.237335460710012,0.121659353809334,0.0618268847227762
938,0.178300757877942,0.400877542879936,0.237335460710012,0.121659353809334,0.0618268847227762
939,0.0552268244575937,0.100591715976331,0.252465483234714,0.388560157790927,0.203155818540434
940,0.178300757877942,0.400877542879936,0.237335460710012,0.121659353809334,0.0618268847227762
941,0.074487895716946,0.236499068901304,0.35195530726257,0.2756052141527,0.0614525139664805
942,0.00307692307692308,0.00615384615384615,0.0153846153846154,0.203076923076923,0.772307692307692
943,0.0552268244575937,0.100591715976331,0.252465483234714,0.388560157790927,0.203155818540434
944,0.00307692307692308,0.00615384615384615,0.0153846153846154,0.203076923076923,0.772307692307692
945,0.074487895716946,0.236499068901304,0.35195530726257,0.2756052141527,0.0614525139664805
946,0.0434173669467787,0.169467787114846,0.427170868347339,0.331932773109244,0.0280112044817927
947,0.074487895716946,0.236499068901304,0.35195530726257,0.2756052141527,0.0614525139664805
948,0.0552268244575937,0.100591715976331,0.252465483234714,0.388560157790927,0.203155818540434
949,0.0434173669467787,0.169467787114846,0.427170868347339,0.331932773109244,0.0280112044817927
950,0.0552268244575937,0.100591715976331,0.252465483234714,0.388560157790927,0.203155818540434
951,0.0552268244575937,0.100591715976331,0.252465483234714,0.388560157790927,0.203155818540434
952,0.178300757877942,0.400877542879936,0.237335460710012,0.121659353809334,0.0618268847227762
953,0.178300757877942,0.400877542879936,0.237335460710012,0.121659353809334,0.0618268847227762
954,0.178300757877942,0.400877542879936,0.237335460710012,0.121659353809334,0.0618268847227762
955,0.0051413881748072,0.0359897172236504,0.0616966580976864,0.298200514138817,0.598971722365039
956,0.625,0.288461538461538,0.0737179487179487,0.0128205128205128,0
957,0.00307692307692308,0.00615384615384615,0.0153846153846154,0.203076923076923,0.772307692307692
958,0.625,0.288461538461538,0.0737179487179487,0.0128205128205128,0
959,0.625,0.288461538461538,0.0737179487179487,0.0128205128205128,0
960,0.178300757877942,0.400877542879936,0.237335460710012,0.121659353809334,0.0618268847227762
961,0.178300757877942,0.400877542879936,0.237335460710012,0.121659353809334,0.0618268847227762
962,0.00625,0.03125,0.125,0.575,0.2625
963,0.178300757877942,0.400877542879936,0.237335460710012,0.121659353809334,0.0618268847227762
964,0.0434173669467787,0.169467787114846,0.427170868347339,0.331932773109244,0.0280112044817927
965,0.178300757877942,0.400877542879936,0.237335460710012,0.121659353809334,0.0618268847227762
966,0.00595238095238095,0.0595238095238095,0.297619047619048,0.470238095238095,0.166666666666667
967,0.00625,0.03125,0.125,0.575,0.2625
968,0.178300757877942,0.400877542879936,0.237335460710012,0.121659353809334,0.0618268847227762
969,0.178300757877942,0.400877542879936,0.237335460710012,0.121659353809334,0.0618268847227762
970,0.178300757877942,0.400877542879936,0.237335460710012,0.121659353809334,0.0618268847227762
971,0.178300757877942,0.400877542879936,0.237335460710012,0.121659353809334,0.0618268847227762
972,0.0552268244575937,0.100591715976331,0.252465483234714,0.388560157790927,0.203155818540434
973,0.178300757877942,0.400877542879936,0.237335460710012,0.121659353809334,0.0618268847227762
974,0.0434173669467787,0.169467787114846,0.427170868347339,0.331932773109244,0.0280112044817927
975,0.0051413881748072,0.0359897172236504,0.0616966580976864,0.298200514138817,0.598971722365039
976,0.625,0.288461538461538,0.0737179487179487,0.0128205128205128,0
977,0.178300757877942,0.400877542879936,0.237335460710012,0.121659353809334,0.0618268847227762
978,0.0434173669467787,0.169467787114846,0.427170868347339,0.331932773109244,0.0280112044817927
979,0.178300757877942,0.400877542879936,0.237335460710012,0.121659353809334,0.0618268847227762
980,0,0,0.122222222222222,0.722222222222222,0.155555555555556
981,0.0552268244575937,0.100591715976331,0.252465483234714,0.388560157790927,0.203155818540434
982,0.074487895716946,0.236499068901304,0.35195530726257,0.2756052141527,0.0614525139664805
983,0.0434173669467787,0.169467787114846,0.427170868347339,0.331932773109244,0.0280112044817927
984,0.0051413881748072,0.0359897172236504,0.0616966580976864,0.298200514138817,0.598971722365039
985,0.00625,0.03125,0.125,0.575,0.2625
986,0.0051413881748072,0.0359897172236504,0.0616966580976864,0.298200514138817,0.598971722365039
987,0.178300757877942,0.400877542879936,0.237335460710012,0.121659353809334,0.0618268847227762
988,0.178300757877942,0.400877542879936,0.237335460710012,0.121659353809334,0.0618268847227762
989,0.178300757877942,0.400877542879936,0.237335460710012,0.121659353809334,0.0618268847227762
990,0.625,0.288461538461538,0.0737179487179487,0.0128205128205128,0
991,0.0051413881748072,0.0359897172236504,0.0616966580976864,0.298200514138817,0.598971722365039
992,0.0100502512562814,0.0050251256281407,0.0100502512562814,0.0452261306532663,0.92964824120603
993,0.074487895716946,0.236499068901304,0.35195530726257,0.2756052141527,0.0614525139664805
994,0.0051413881748072,0.0359897172236504,0.0616966580976864,0.298200514138817,0.598971722365039
995,0.178300757877942,0.400877542879936,0.237335460710012,0.121659353809334,0.0618268847227762
996,0.178300757877942,0.400877542879936,0.237335460710012,0.121659353809334,0.0618268847227762
997,0.0552268244575937,0.100591715976331,0.252465483234714,0.388560157790927,0.203155818540434
998,0.00595238095238095,0.0595238095238095,0.297619047619048,0.470238095238095,0.166666666666667
999,0.178300757877942,0.400877542879936,0.237335460710012,0.121659353809334,0.0618268847227762
1000,0,0,0.122222222222222,0.722222222222222,0.155555555555556
1001,0.0051413881748072,0.0359897172236504,0.0616966580976864,0.298200514138817,0.598971722365039
1002,0.178300757877942,0.400877542879936,0.237335460710012,0.121659353809334,0.0618268847227762
1003,0.0552268244575937,0.100591715976331,0.252465483234714,0.388560157790927,0.203155818540434
1004,0.0552268244575937,0.100591715976331,0.252465483234714,0.388560157790927,0.203155818540434
1005,0.0552268244575937,0.100591715976331,0.252465483234714,0.388560157790927,0.203155818540434
1006,0.074487895716946,0.236499068901304,0.35195530726257,0.2756052141527,0.0614525139664805
1007,0.0434173669467787,0.169467787114846,0.427170868347339,0.331932773109244,0.0280112044817927
1008,0.178300757877942,0.400877542879936,0.237335460710012,0.121659353809334,0.0618268847227762
1009,0.0434173669467787,0.169467787114846,0.427170868347339,0.331932773109244,0.0280112044817927
1010,0.178300757877942,0.400877542879936,0.237335460710012,0.121659353809334,0.0618268847227762
1011,0.178300757877942,0.400877542879936,0.237335460710012,0.121659353809334,0.0618268847227762
1012,0.074487895716946,0.236499068901304,0.35195530726257,0.2756052141527,0.0614525139664805
1013,0.178300757877942,0.400877542879936,0.237335460710012,0.121659353809334,0.0618268847227762
1014,0.0051413881748072,0.0359897172236504,0.0616966580976864,0.298200514138817,0.598971722365039
1015,0.0434173669467787,0.169467787114846,0.427170868347339,0.331932773109244,0.0280112044817927
1016,0.178300757877942,0.400877542879936,0.237335460710012,0.121659353809334,0.0618268847227762
1017,0.178300757877942,0.400877542879936,0.237335460710012,0.121659353809334,0.0618268847227762
1018,0.178300757877942,0.400877542879936,0.237335460710012,0.121659353809334,0.0618268847227762
1019,0.0100502512562814,0.0050251256281407,0.0100502512562814,0.0452261306532663,0.92964824120603
1020,0.178300757877942,0.400877542879936,0.237335460710012,0.121659353809334,0.0618268847227762
1021,0.625,0.288461538461538,0.0737179487179487,0.0128205128205128,0
1022,0.0051413881748072,0.0359897172236504,0.0616966580976864,0.298200514138817,0.598971722365039
1023,0.178300757877942,0.400877542879936,0.237335460710012,0.121659353809334,0.0618268847227762
1024,0.0051413881748072,0.0359897172236504,0.0616966580976864,0.298200514138817,0.598971722365039
1025,0.0552268244575937,0.100591715976331,0.252465483234714,0.388560157790927,0.203155818540434
1026,0.00307692307692308,0.00615384615384615,0.0153846153846154,0.203076923076923,0.772307692307692
1027,0.00307692307692308,0.00615384615384615,0.0153846153846154,0.203076923076923,0.772307692307692
1028,0.00307692307692308,0.00615384615384615,0.0153846153846154,0.203076923076923,0.772307692307692
1029,0.00595238095238095,0.0595238095238095,0.297619047619048,0.470238095238095,0.166666666666667
1030,0.625,0.288461538461538,0.0737179487179487,0.0128205128205128,0
1031,0.0434173669467787,0.169467787114846,0.427170868347339,0.331932773109244,0.0280112044817927
1032,0.0434173669467787,0.169467787114846,0.427170868347339,0.331932773109244,0.0280112044817927
1033,0.178300757877942,0.400877542879936,0.237335460710012,0.121659353809334,0.0618268847227762
1034,0.178300757877942,0.400877542879936,0.237335460710012,0.121659353809334,0.0618268847227762
1035,0.178300757877942,0.400877542879936,0.237335460710012,0.121659353809334,0.0618268847227762
1036,0.178300757877942,0.400877542879936,0.237335460710012,0.121659353809334,0.0618268847227762
1037,0.00307692307692308,0.00615384615384615,0.0153846153846154,0.203076923076923,0.772307692307692
1038,0.625,0.288461538461538,0.0737179487179487,0.0128205128205128,0
1039,0.178300757877942,0.400877542879936,0.237335460710012,0.121659353809334,0.0618268847227762
1040,0.00625,0.03125,0.125,0.575,0.2625
1041,0.0434173669467787,0.169467787114846,0.427170868347339,0.331932773109244,0.0280112044817927
1042,0.178300757877942,0.400877542879936,0.237335460710012,0.121659353809334,0.0618268847227762
1043,0.0552268244575937,0.100591715976331,0.252465483234714,0.388560157790927,0.203155818540434
1044,0,0,0.122222222222222,0.722222222222222,0.155555555555556
1045,0.178300757877942,0.400877542879936,0.237335460710012,0.121659353809334,0.0618268847227762
1046,0.0552268244575937,0.100591715976331,0.252465483234714,0.388560157790927,0.203155818540434
1047,0.178300757877942,0.400877542879936,0.237335460710012,0.121659353809334,0.0618268847227762
1048,0.00625,0.03125,0.125,0.575,0.2625
1049,0.0552268244575937,0.100591715976331,0.252465483234714,0.388560157790927,0.203155818540434
1050,0.0434173669467787,0.169467787114846,0.427170868347339,0.331932773109244,0.0280112044817927
1051,0.0434173669467787,0.169467787114846,0.427170868347339,0.331932773109244,0.0280112044817927
1052,0.178300757877942,0.400877542879936,0.237335460710012,0.121659353809334,0.0618268847227762
1053,0.178300757877942,0.400877542879936,0.237335460710012,0.121659353809334,0.0618268847227762
1054,0.178300757877942,0.400877542879936,0.237335460710012,0.121659353809334,0.0618268847227762
1055,0.0434173669467787,0.169467787114846,0.427170868347339,0.331932773109244,0.0280112044817927
1056,0.178300757877942,0.400877542879936,0.237335460710012,0.121659353809334,0.0618268847227762
1057,0.0434173669467787,0.169467787114846,0.427170868347339,0.331932773109244,0.0280112044817927
1058,0.0552268244575937,0.100591715976331,0.252465483234714,0.388560157790927,0.203155818540434
1059,0.178300757877942,0.400877542879936,0.237335460710012,0.121659353809334,0.0618268847227762
1060,0.178300757877942,0.400877542879936,0.237335460710012,0.121659353809334,0.0618268847227762
1061,0.178300757877942,0.400877542879936,0.237335460710012,0.121659353809334,0.0618268847227762
1062,0.0434173669467787,0.169467787114846,0.427170868347339,0.331932773109244,0.0280112044817927
1063,0.178300757877942,0.400877542879936,0.237335460710012,0.121659353809334,0.0618268847227762
1064,0.00625,0.03125,0.125,0.575,0.2625
1065,0.178300757877942,0.400877542879936,0.237335460710012,0.121659353809334,0.0618268847227762
1066,0.625,0.288461538461538,0.0737179487179487,0.0128205128205128,0
1067,0.178300757877942,0.400877542879936,0.237335460710012,0.121659353809334,0.0618268847227762
1068,0.0434173669467787,0.169467787114846,0.427170868347339,0.331932773109244,0.0280112044817927
1069,0.0434173669467787,0.169467787114846,0.427170868347339,0.331932773109244,0.0280112044817927
1070,0.0552268244575937,0.100591715976331,0.252465483234714,0.388560157790927,0.203155818540434
1071,0.178300757877942,0.400877542879936,0.237335460710012,0.121659353809334,0.0618268847227762
1072,0.074487895716946,0.236499068901304,0.35195530726257,0.2756052141527,0.0614525139664805
1073,0.625,0.288461538461538,0.0737179487179487,0.0128205128205128,0
1074,0.178300757877942,0.400877542879936,0.237335460710012,0.121659353809334,0.0618268847227762
1075,0.0100502512562814,0.0050251256281407,0.0100502512562814,0.0452261306532663,0.92964824120603
1076,0,0,0.122222222222222,0.722222222222222,0.155555555555556
1077,0.00307692307692308,0.00615384615384615,0.0153846153846154,0.203076923076923,0.772307692307692
1078,0.0100502512562814,0.0050251256281407,0.0100502512562814,0.0452261306532663,0.92964824120603
1079,0,0,0.122222222222222,0.722222222222222,0.155555555555556
1080,0.178300757877942,0.400877542879936,0.237335460710012,0.121659353809334,0.0618268847227762
1081,0.178300757877942,0.400877542879936,0.237335460710012,0.121659353809334,0.0618268847227762
1082,0.074487895716946,0.236499068901304,0.35195530726257,0.2756052141527,0.0614525139664805
1083,0.0434173669467787,0.169467787114846,0.427170868347339,0.331932773109244,0.0280112044817927
1084,0.074487895716946,0.236499068901304,0.35195530726257,0.2756052141527,0.0614525139664805
1085,0.178300757877942,0.400877542879936,0.237335460710012,0.121659353809334,0.0618268847227762
1086,0.178300757877942,0.400877542879936,0.237335460710012,0.121659353809334,0.0618268847227762
1087,0.0434173669467787,0.169467787114846,0.427170868347339,0.331932773109244,0.0280112044817927
1088,0.00307692307692308,0.00615384615384615,0.0153846153846154,0.203076923076923,0.772307692307692
1089,0.625,0.288461538461538,0.0737179487179487,0.0128205128205128,0
1090,0.178300757877942,0.400877542879936,0.237335460710012,0.121659353809334,0.0618268847227762
1091,0.00307692307692308,0.00615384615384615,0.0153846153846154,0.203076923076923,0.772307692307692
1092,0.0434173669467787,0.169467787114846,0.427170868347339,0.331932773109244,0.0280112044817927
1093,0.00307692307692308,0.00615384615384615,0.0153846153846154,0.203076923076923,0.772307692307692
1094,0.178300757877942,0.400877542879936,0.237335460710012,0.121659353809334,0.0618268847227762
1095,0.178300757877942,0.400877542879936,0.237335460710012,0.121659353809334,0.0618268847227762
1096,0.0434173669467787,0.169467787114846,0.427170868347339,0.331932773109244,0.0280112044817927
1097,0.0434173669467787,0.169467787114846,0.427170868347339,0.331932773109244,0.0280112044817927
1098,0.178300757877942,0.400877542879936,0.237335460710012,0.121659353809334,0.0618268847227762
1099,0.178300757877942,0.400877542879936,0.237335460710012,0.121659353809334,0.0618268847227762
1100,0.0434173669467787,0.169467787114846,0.427170868347339,0.331932773109244,0.0280112044817927
1101,0.0434173669467787,0.169467787114846,0.427170868347339,0.331932773109244,0.0280112044817927
1102,0.074487895716946,0.236499068901304,0.35195530726257,0.2756052141527,0.0614525139664805
1103,0.0051413881748072,0.0359897172236504,0.0616966580976864,0.298200514138817,0.598971722365039
1104,0.0434173669467787,0.169467787114846,0.427170868347339,0.331932773109244,0.0280112044817927
1105,0.00625,0.03125,0.125,0.575,0.2625
1106,0.625,0.288461538461538,0.0737179487179487,0.0128205128205128,0
1107,0.074487895716946,0.236499068901304,0.35195530726257,0.2756052141527,0.0614525139664805
1108,0.0552268244575937,0.100591715976331,0.252465483234714,0.388560157790927,0.203155818540434
1109,0.178300757877942,0.400877542879936,0.237335460710012,0.121659353809334,0.0618268847227762
1110,0.625,0.288461538461538,0.0737179487179487,0.0128205128205128,0
1111,0.178300757877942,0.400877542879936,0.237335460710012,0.121659353809334,0.0618268847227762
1112,0.178300757877942,0.400877542879936,0.237335460710012,0.121659353809334,0.0618268847227762
1113,0.178300757877942,0.400877542879936,0.237335460710012,0.121659353809334,0.0618268847227762
1114,0.178300757877942,0.400877542879936,0.237335460710012,0.121659353809334,0.0618268847227762
1115,0.0434173669467787,0.169467787114846,0.427170868347339,0.331932773109244,0.0280112044817927
1116,0.178300757877942,0.400877542879936,0.237335460710012,0.121659353809334,0.0618268847227762
1117,0.0552268244575937,0.100591715976331,0.252465483234714,0.388560157790927,0.203155818540434
1118,0.625,0.288461538461538,0.0737179487179487,0.0128205128205128,0
1119,0.178300757877942,0.400877542879936,0.237335460710012,0.121659353809334,0.0618268847227762
1120,0.0434173669467787,0.169467787114846,0.427170868347339,0.331932773109244,0.0280112044817927
1121,0.0434173669467787,0.169467787114846,0.427170868347339,0.331932773109244,0.0280112044817927
1122,0.00595238095238095,0.0595238095238095,0.297619047619048,0.470238095238095,0.166666666666667
1123,0.0100502512562814,0.0050251256281407,0.0100502512562814,0.0452261306532663,0.92964824120603
1124,0.0434173669467787,0.169467787114846,0.427170868347339,0.331932773109244,0.0280112044817927
1125,0.178300757877942,0.400877542879936,0.237335460710012,0.121659353809334,0.0618268847227762
1126,0.0051413881748072,0.0359897172236504,0.0616966580976864,0.298200514138817,0.598971722365039
1127,0.178300757877942,0.400877542879936,0.237335460710012,0.121659353809334,0.0618268847227762
1128,0.178300757877942,0.400877542879936,0.237335460710012,0.121659353809334,0.0618268847227762
1129,0.074487895716946,0.236499068901304,0.35195530726257,0.2756052141527,0.0614525139664805
1130,0.00595238095238095,0.0595238095238095,0.297619047619048,0.470238095238095,0.166666666666667
1131,0.0434173669467787,0.169467787114846,0.427170868347339,0.331932773109244,0.0280112044817927
1132,0.0552268244575937,0.100591715976331,0.252465483234714,0.388560157790927,0.203155818540434
1133,0.00307692307692308,0.00615384615384615,0.0153846153846154,0.203076923076923,0.772307692307692
1134,0.178300757877942,0.400877542879936,0.237335460710012,0.121659353809334,0.0618268847227762
1135,0.074487895716946,0.236499068901304,0.35195530726257,0.2756052141527,0.0614525139664805
1136,0.074487895716946,0.236499068901304,0.35195530726257,0.2756052141527,0.0614525139664805
1137,0.178300757877942,0.400877542879936,0.237335460710012,0.121659353809334,0.0618268847227762
1138,0.178300757877942,0.400877542879936,0.237335460710012,0.121659353809334,0.0618268847227762
1139,0.0552268244575937,0.100591715976331,0.252465483234714,0.388560157790927,0.203155818540434
1140,0.0051413881748072,0.0359897172236504,0.0616966580976864,0.298200514138817,0.598971722365039
1141,0.178300757877942,0.400877542879936,0.237335460710012,0.121659353809334,0.0618268847227762
1142,0.178300757877942,0.400877542879936,0.237335460710012,0.121659353809334,0.0618268847227762
1143,0.00307692307692308,0.00615384615384615,0.0153846153846154,0.203076923076923,0.772307692307692
1144,0.0100502512562814,0.0050251256281407,0.0100502512562814,0.0452261306532663,0.92964824120603
1145,0.178300757877942,0.400877542879936,0.237335460710012,0.121659353809334,0.0618268847227762
1146,0.178300757877942,0.400877542879936,0.237335460710012,0.121659353809334,0.0618268847227762
1147,0.0051413881748072,0.0359897172236504,0.0616966580976864,0.298200514138817,0.598971722365039
1148,0.0552268244575937,0.100591715976331,0.252465483234714,0.388560157790927,0.203155818540434
1149,0.178300757877942,0.400877542879936,0.237335460710012,0.121659353809334,0.0618268847227762
1150,0.0552268244575937,0.100591715976331,0.252465483234714,0.388560157790927,0.203155818540434
1151,0,0,0.122222222222222,0.722222222222222,0.155555555555556
1152,0.0434173669467787,0.169467787114846,0.427170868347339,0.331932773109244,0.0280112044817927
1153,0.0051413881748072,0.0359897172236504,0.0616966580976864,0.298200514138817,0.598971722365039
1154,0.0552268244575937,0.100591715976331,0.252465483234714,0.388560157790927,0.203155818540434
1155,0.0434173669467787,0.169467787114846,0.427170868347339,0.331932773109244,0.0280112044817927
1156,0.0434173669467787,0.169467787114846,0.427170868347339,0.331932773109244,0.0280112044817927
1157,0.0100502512562814,0.0050251256281407,0.0100502512562814,0.0452261306532663,0.92964824120603
1158,0,0,0.122222222222222,0.722222222222222,0.155555555555556
1159,0.0051413881748072,0.0359897172236504,0.0616966580976864,0.298200514138817,0.598971722365039
1160,0.00625,0.03125,0.125,0.575,0.2625
1161,0.0434173669467787,0.169467787114846,0.427170868347339,0.331932773109244,0.0280112044817927
1162,0.074487895716946,0.236499068901304,0.35195530726257,0.2756052141527,0.0614525139664805
1163,0.625,0.288461538461538,0.0737179487179487,0.0128205128205128,0
1164,0.0434173669467787,0.169467787114846,0.427170868347339,0.331932773109244,0.0280112044817927
1165,0.00307692307692308,0.00615384615384615,0.0153846153846154,0.203076923076923,0.772307692307692
1166,0.625,0.288461538461538,0.0737179487179487,0.0128205128205128,0
1167,0.0552268244575937,0.100591715976331,0.252465483234714,0.388560157790927,0.203155818540434
1168,0.00625,0.03125,0.125,0.575,0.2625
1169,0.00625,0.03125,0.125,0.575,0.2625
1170,0.178300757877942,0.400877542879936,0.237335460710012,0.121659353809334,0.0618268847227762
1171,0,0,0.122222222222222,0.722222222222222,0.155555555555556
1172,0.178300757877942,0.400877542879936,0.237335460710012,0.121659353809334,0.0618268847227762
1173,0.00625,0.03125,0.125,0.575,0.2625
1174,0,0,0.122222222222222,0.722222222222222,0.155555555555556
1175,0.178300757877942,0.400877542879936,0.237335460710012,0.121659353809334,0.0618268847227762
1176,0.00625,0.03125,0.125,0.575,0.2625
1177,0.178300757877942,0.400877542879936,0.237335460710012,0.121659353809334,0.0618268847227762
1178,0.178300757877942,0.400877542879936,0.237335460710012,0.121659353809334,0.0618268847227762
1179,0.0434173669467787,0.169467787114846,0.427170868347339,0.331932773109244,0.0280112044817927
1180,0,0,0.122222222222222,0.722222222222222,0.155555555555556
1181,0.0051413881748072,0.0359897172236504,0.0616966580976864,0.298200514138817,0.598971722365039
1182,0.00595238095238095,0.0595238095238095,0.297619047619048,0.470238095238095,0.166666666666667
1183,0.00625,0.03125,0.125,0.575,0.2625
1184,0.178300757877942,0.400877542879936,0.237335460710012,0.121659353809334,0.0618268847227762
1185,0.0552268244575937,0.100591715976331,0.252465483234714,0.388560157790927,0.203155818540434
1186,0.625,0.288461538461538,0.0737179487179487,0.0128205128205128,0
1187,0.178300757877942,0.400877542879936,0.237335460710012,0.121659353809334,0.0618268847227762
1188,0.0552268244575937,0.100591715976331,0.252465483234714,0.388560157790927,0.203155818540434
1189,0.0434173669467787,0.169467787114846,0.427170868347339,0.331932773109244,0.0280112044817927
1190,0.0552268244575937,0.100591715976331,0.252465483234714,0.388560157790927,0.203155818540434
1191,0.178300757877942,0.400877542879936,0.237335460710012,0.121659353809334,0.0618268847227762
1192,0.0051413881748072,0.0359897172236504,0.0616966580976864,0.298200514138817,0.598971722365039
1193,0.00307692307692308,0.00615384615384615,0.0153846153846154,0.203076923076923,0.772307692307692
1194,0.0552268244575937,0.100591715976331,0.252465483234714,0.388560157790927,0.203155818540434
1195,0.178300757877942,0.400877542879936,0.237335460710012,0.121659353809334,0.0618268847227762
1196,0.178300757877942,0.400877542879936,0.237335460710012,0.121659353809334,0.0618268847227762
1197,0.0434173669467787,0.169467787114846,0.427170868347339,0.331932773109244,0.0280112044817927
1198,0.178300757877942,0.400877542879936,0.237335460710012,0.121659353809334,0.0618268847227762
1199,0.0434173669467787,0.169467787114846,0.427170868347339,0.331932773109244,0.0280112044817927
1200,0.00307692307692308,0.00615384615384615,0.0153846153846154,0.203076923076923,0.772307692307692
1201,0.0552268244575937,0.100591715976331,0.252465483234714,0.388560157790927,0.203155818540434
1202,0.0552268244575937,0.100591715976331,0.252465483234714,0.388560157790927,0.203155818540434
1203,0,0,0.122222222222222,0.722222222222222,0.155555555555556
1204,0.178300757877942,0.400877542879936,0.237335460710012,0.121659353809334,0.0618268847227762
1205,0.178300757877942,0.400877542879936,0.237335460710012,0.121659353809334,0.0618268847227762
1206,0.00307692307692308,0.00615384615384615,0.0153846153846154,0.203076923076923,0.772307692307692
1207,0.178300757877942,0.400877542879936,0.237335460710012,0.121659353809334,0.0618268847227762
1208,0.178300757877942,0.400877542879936,0.237335460710012,0.121659353809334,0.0618268847227762
1209,0.00307692307692308,0.00615384615384615,0.0153846153846154,0.203076923076923,0.772307692307692
1210,0.178300757877942,0.400877542879936,0.237335460710012,0.121659353809334,0.0618268847227762
1211,0.0434173669467787,0.169467787114846,0.427170868347339,0.331932773109244,0.0280112044817927
1212,0.00307692307692308,0.00615384615384615,0.0153846153846154,0.203076923076923,0.772307692307692
1213,0.0434173669467787,0.169467787114846,0.427170868347339,0.331932773109244,0.0280112044817927
1214,0.178300757877942,0.400877542879936,0.237335460710012,0.121659353809334,0.0618268847227762
1215,0.074487895716946,0.236499068901304,0.35195530726257,0.2756052141527,0.0614525139664805
1216,0.074487895716946,0.236499068901304,0.35195530726257,0.2756052141527,0.0614525139664805
1217,0.178300757877942,0.400877542879936,0.237335460710012,0.121659353809334,0.0618268847227762
1218,0.178300757877942,0.400877542879936,0.237335460710012,0.121659353809334,0.0618268847227762
1219,0,0,0.122222222222222,0.722222222222222,0.155555555555556
1220,0.00625,0.03125,0.125,0.575,0.2625
1221,0.178300757877942,0.400877542879936,0.237335460710012,0.121659353809334,0.0618268847227762
1222,0.178300757877942,0.400877542879936,0.237335460710012,0.121659353809334,0.0618268847227762
1223,0.00307692307692308,0.00615384615384615,0.0153846153846154,0.203076923076923,0.772307692307692
1224,0.178300757877942,0.400877542879936,0.237335460710012,0.121659353809334,0.0618268847227762
1225,0.0051413881748072,0.0359897172236504,0.0616966580976864,0.298200514138817,0.598971722365039
1226,0.178300757877942,0.400877542879936,0.237335460710012,0.121659353809334,0.0618268847227762
1227,0.178300757877942,0.400877542879936,0.237335460710012,0.121659353809334,0.0618268847227762
1228,0,0,0.122222222222222,0.722222222222222,0.155555555555556
1229,0.178300757877942,0.400877542879936,0.237335460710012,0.121659353809334,0.0618268847227762
1230,0.0434173669467787,0.169467787114846,0.427170868347339,0.331932773109244,0.0280112044817927
1231,0.178300757877942,0.400877542879936,0.237335460710012,0.121659353809334,0.0618268847227762
1232,0.178300757877942,0.400877542879936,0.237335460710012,0.121659353809334,0.0618268847227762
1233,0.178300757877942,0.400877542879936,0.237335460710012,0.121659353809334,0.0618268847227762
1234,0.178300757877942,0.400877542879936,0.237335460710012,0.121659353809334,0.0618268847227762
1235,0.178300757877942,0.400877542879936,0.237335460710012,0.121659353809334,0.0618268847227762
1236,0.074487895716946,0.236499068901304,0.35195530726257,0.2756052141527,0.0614525139664805
1237,0.178300757877942,0.400877542879936,0.237335460710012,0.121659353809334,0.0618268847227762
1238,0.178300757877942,0.400877542879936,0.237335460710012,0.121659353809334,0.0618268847227762
1239,0.178300757877942,0.400877542879936,0.237335460710012,0.121659353809334,0.0618268847227762
1240,0.178300757877942,0.400877542879936,0.237335460710012,0.121659353809334,0.0618268847227762
1241,0.178300757877942,0.400877542879936,0.237335460710012,0.121659353809334,0.0618268847227762
1242,0.0434173669467787,0.169467787114846,0.427170868347339,0.331932773109244,0.0280112044817927
1243,0.0434173669467787,0.169467787114846,0.427170868347339,0.331932773109244,0.0280112044817927
1244,0.0552268244575937,0.100591715976331,0.252465483234714,0.388560157790927,0.203155818540434
1245,0.0434173669467787,0.169467787114846,0.427170868347339,0.331932773109244,0.0280112044817927
1246,0.178300757877942,0.400877542879936,0.237335460710012,0.121659353809334,0.0618268847227762
1247,0.0434173669467787,0.169467787114846,0.427170868347339,0.331932773109244,0.0280112044817927
1248,0.178300757877942,0.400877542879936,0.237335460710012,0.121659353809334,0.0618268847227762
1249,0.00625,0.03125,0.125,0.575,0.2625
1250,0.625,0.288461538461538,0.0737179487179487,0.0128205128205128,0
1251,0.0434173669467787,0.169467787114846,0.427170868347339,0.331932773109244,0.0280112044817927
1252,0.00625,0.03125,0.125,0.575,0.2625
1253,0.178300757877942,0.400877542879936,0.237335460710012,0.121659353809334,0.0618268847227762
1254,0.178300757877942,0.400877542879936,0.237335460710012,0.121659353809334,0.0618268847227762
1255,0.178300757877942,0.400877542879936,0.237335460710012,0.121659353809334,0.0618268847227762
1256,0.178300757877942,0.400877542879936,0.237335460710012,0.121659353809334,0.0618268847227762
1257,0.00625,0.03125,0.125,0.575,0.2625
1258,0.0434173669467787,0.169467787114846,0.427170868347339,0.331932773109244,0.0280112044817927
1259,0.625,0.288461538461538,0.0737179487179487,0.0128205128205128,0
1260,0.0552268244575937,0.100591715976331,0.252465483234714,0.388560157790927,0.203155818540434
1261,0.074487895716946,0.236499068901304,0.35195530726257,0.2756052141527,0.0614525139664805
1262,0.178300757877942,0.400877542879936,0.237335460710012,0.121659353809334,0.0618268847227762
1263,0.178300757877942,0.400877542879936,0.237335460710012,0.121659353809334,0.0618268847227762
1264,0.00307692307692308,0.00615384615384615,0.0153846153846154,0.203076923076923,0.772307692307692
1265,0.074487895716946,0.236499068901304,0.35195530726257,0.2756052141527,0.0614525139664805
1266,0.00307692307692308,0.00615384615384615,0.0153846153846154,0.203076923076923,0.772307692307692
1267,0.178300757877942,0.400877542879936,0.237335460710012,0.121659353809334,0.0618268847227762
1268,0.178300757877942,0.400877542879936,0.237335460710012,0.121659353809334,0.0618268847227762
1269,0.178300757877942,0.400877542879936,0.237335460710012,0.121659353809334,0.0618268847227762
1270,0.0051413881748072,0.0359897172236504,0.0616966580976864,0.298200514138817,0.598971722365039
1271,0.178300757877942,0.400877542879936,0.237335460710012,0.121659353809334,0.0618268847227762
1272,0.074487895716946,0.236499068901304,0.35195530726257,0.2756052141527,0.0614525139664805
1273,0.0434173669467787,0.169467787114846,0.427170868347339,0.331932773109244,0.0280112044817927
1274,0.074487895716946,0.236499068901304,0.35195530726257,0.2756052141527,0.0614525139664805
1275,0.178300757877942,0.400877542879936,0.237335460710012,0.121659353809334,0.0618268847227762
1276,0.178300757877942,0.400877542879936,0.237335460710012,0.121659353809334,0.0618268847227762
1277,0.0434173669467787,0.169467787114846,0.427170868347339,0.331932773109244,0.0280112044817927
1278,0.0051413881748072,0.0359897172236504,0.0616966580976864,0.298200514138817,0.598971722365039
1279,0.0434173669467787,0.169467787114846,0.427170868347339,0.331932773109244,0.0280112044817927
1280,0.0434173669467787,0.169467787114846,0.427170868347339,0.331932773109244,0.0280112044817927
1281,0.0552268244575937,0.100591715976331,0.252465483234714,0.388560157790927,0.203155818540434
1282,0.0552268244575937,0.100591715976331,0.252465483234714,0.388560157790927,0.203155818540434
1283,0.00307692307692308,0.00615384615384615,0.0153846153846154,0.203076923076923,0.772307692307692
1284,0.178300757877942,0.400877542879936,0.237335460710012,0.121659353809334,0.0618268847227762
1285,0.0552268244575937,0.100591715976331,0.252465483234714,0.388560157790927,0.203155818540434
1286,0.625,0.288461538461538,0.0737179487179487,0.0128205128205128,0
1287,0,0,0.122222222222222,0.722222222222222,0.155555555555556
1288,0.178300757877942,0.400877542879936,0.237335460710012,0.121659353809334,0.0618268847227762
1289,0.074487895716946,0.236499068901304,0.35195530726257,0.2756052141527,0.0614525139664805
1290,0.0434173669467787,0.169467787114846,0.427170868347339,0.331932773109244,0.0280112044817927
1291,0.0434173669467787,0.169467787114846,0.427170868347339,0.331932773109244,0.0280112044817927
1292,0.0434173669467787,0.169467787114846,0.427170868347339,0.331932773109244,0.0280112044817927
1293,0.0434173669467787,0.169467787114846,0.427170868347339,0.331932773109244,0.0280112044817927
1294,0.178300757877942,0.400877542879936,0.237335460710012,0.121659353809334,0.0618268847227762
1295,0.00307692307692308,0.00615384615384615,0.0153846153846154,0.203076923076923,0.772307692307692
1296,0.178300757877942,0.400877542879936,0.237335460710012,0.121659353809334,0.0618268847227762
1297,0.0051413881748072,0.0359897172236504,0.0616966580976864,0.298200514138817,0.598971722365039
1298,0.178300757877942,0.400877542879936,0.237335460710012,0.121659353809334,0.0618268847227762
1299,0.0552268244575937,0.100591715976331,0.252465483234714,0.388560157790927,0.203155818540434
1300,0.178300757877942,0.400877542879936,0.237335460710012,0.121659353809334,0.0618268847227762
1301,0.0100502512562814,0.0050251256281407,0.0100502512562814,0.0452261306532663,0.92964824120603
1302,0.178300757877942,0.400877542879936,0.237335460710012,0.121659353809334,0.0618268847227762
1303,0.0434173669467787,0.169467787114846,0.427170868347339,0.331932773109244,0.0280112044817927
1304,0.0434173669467787,0.169467787114846,0.427170868347339,0.331932773109244,0.0280112044817927
1305,0.178300757877942,0.400877542879936,0.237335460710012,0.121659353809334,0.0618268847227762
1306,0.178300757877942,0.400877542879936,0.237335460710012,0.121659353809334,0.0618268847227762
1307,0.0434173669467787,0.169467787114846,0.427170868347339,0.331932773109244,0.0280112044817927
1308,0.178300757877942,0.400877542879936,0.237335460710012,0.121659353809334,0.0618268847227762
1309,0.0434173669467787,0.169467787114846,0.427170868347339,0.331932773109244,0.0280112044817927
1310,0.0552268244575937,0.100591715976331,0.252465483234714,0.388560157790927,0.203155818540434
1311,0.178300757877942,0.400877542879936,0.237335460710012,0.121659353809334,0.0618268847227762
1312,0.178300757877942,0.400877542879936,0.237335460710012,0.121659353809334,0.0618268847227762
1313,0.625,0.288461538461538,0.0737179487179487,0.0128205128205128,0
1314,0.074487895716946,0.236499068901304,0.35195530726257,0.2756052141527,0.0614525139664805
1315,0.0434173669467787,0.169467787114846,0.427170868347339,0.331932773109244,0.0280112044817927
1316,0.178300757877942,0.400877542879936,0.237335460710012,0.121659353809334,0.0618268847227762
1317,0.0552268244575937,0.100591715976331,0.252465483234714,0.388560157790927,0.203155818540434
1318,0,0,0.122222222222222,0.722222222222222,0.155555555555556
1319,0.0434173669467787,0.169467787114846,0.427170868347339,0.331932773109244,0.0280112044817927
1320,0.178300757877942,0.400877542879936,0.237335460710012,0.121659353809334,0.0618268847227762
1321,0.074487895716946,0.236499068901304,0.35195530726257,0.2756052141527,0.0614525139664805
1322,0.074487895716946,0.236499068901304,0.35195530726257,0.2756052141527,0.0614525139664805
1323,0.625,0.288461538461538,0.0737179487179487,0.0128205128205128,0
1324,0.00307692307692308,0.00615384615384615,0.0153846153846154,0.203076923076923,0.772307692307692
1325,0.0434173669467787,0.169467787114846,0.427170868347339,0.331932773109244,0.0280112044817927
1326,0.074487895716946,0.236499068901304,0.35195530726257,0.2756052141527,0.0614525139664805
1327,0.0051413881748072,0.0359897172236504,0.0616966580976864,0.298200514138817,0.598971722365039
1328,0.625,0.288461538461538,0.0737179487179487,0.0128205128205128,0
1329,0.178300757877942,0.400877542879936,0.237335460710012,0.121659353809334,0.0618268847227762
1330,0.178300757877942,0.400877542879936,0.237335460710012,0.121659353809334,0.0618268847227762
1331,0.178300757877942,0.400877542879936,0.237335460710012,0.121659353809334,0.0618268847227762
1332,0.0051413881748072,0.0359897172236504,0.0616966580976864,0.298200514138817,0.598971722365039
1333,0.178300757877942,0.400877542879936,0.237335460710012,0.121659353809334,0.0618268847227762
1334,0.178300757877942,0.400877542879936,0.237335460710012,0.121659353809334,0.0618268847227762
1335,0.178300757877942,0.400877542879936,0.237335460710012,0.121659353809334,0.0618268847227762
1336,0.178300757877942,0.400877542879936,0.237335460710012,0.121659353809334,0.0618268847227762
1337,0.00307692307692308,0.00615384615384615,0.0153846153846154,0.203076923076923,0.772307692307692
1338,0.0552268244575937,0.100591715976331,0.252465483234714,0.388560157790927,0.203155818540434
1339,0.0552268244575937,0.100591715976331,0.252465483234714,0.388560157790927,0.203155818540434
1340,0.00625,0.03125,0.125,0.575,0.2625
1341,0.178300757877942,0.400877542879936,0.237335460710012,0.121659353809334,0.0618268847227762
1342,0.074487895716946,0.236499068901304,0.35195530726257,0.2756052141527,0.0614525139664805
1343,0.0434173669467787,0.169467787114846,0.427170868347339,0.331932773109244,0.0280112044817927
1344,0.074487895716946,0.236499068901304,0.35195530726257,0.2756052141527,0.0614525139664805
1345,0.178300757877942,0.400877542879936,0.237335460710012,0.121659353809334,0.0618268847227762
1346,0.074487895716946,0.236499068901304,0.35195530726257,0.2756052141527,0.0614525139664805
1347,0.00307692307692308,0.00615384615384615,0.0153846153846154,0.203076923076923,0.772307692307692
1348,0.178300757877942,0.400877542879936,0.237335460710012,0.121659353809334,0.0618268847227762
1349,0.0100502512562814,0.0050251256281407,0.0100502512562814,0.0452261306532663,0.92964824120603
1350,0.178300757877942,0.400877542879936,0.237335460710012,0.121659353809334,0.0618268847227762
1351,0.178300757877942,0.400877542879936,0.237335460710012,0.121659353809334,0.0618268847227762
1352,0.074487895716946,0.236499068901304,0.35195530726257,0.2756052141527,0.0614525139664805
1353,0.178300757877942,0.400877542879936,0.237335460710012,0.121659353809334,0.0618268847227762
1354,0.074487895716946,0.236499068901304,0.35195530726257,0.2756052141527,0.0614525139664805
1355,0.074487895716946,0.236499068901304,0.35195530726257,0.2756052141527,0.0614525139664805
1356,0.178300757877942,0.400877542879936,0.237335460710012,0.121659353809334,0.0618268847227762
1357,0.178300757877942,0.400877542879936,0.237335460710012,0.121659353809334,0.0618268847227762
1358,0.0552268244575937,0.100591715976331,0.252465483234714,0.388560157790927,0.203155818540434
1359,0.178300757877942,0.400877542879936,0.237335460710012,0.121659353809334,0.0618268847227762
1360,0.0100502512562814,0.0050251256281407,0.0100502512562814,0.0452261306532663,0.92964824120603
1361,0.074487895716946,0.236499068901304,0.35195530726257,0.2756052141527,0.0614525139664805
1362,0.178300757877942,0.400877542879936,0.237335460710012,0.121659353809334,0.0618268847227762
1363,0.178300757877942,0.400877542879936,0.237335460710012,0.121659353809334,0.0618268847227762
1364,0.0434173669467787,0.169467787114846,0.427170868347339,0.331932773109244,0.0280112044817927
1365,0.00307692307692308,0.00615384615384615,0.0153846153846154,0.203076923076923,0.772307692307692
1366,0.0434173669467787,0.169467787114846,0.427170868347339,0.331932773109244,0.0280112044817927
1367,0.0434173669467787,0.169467787114846,0.427170868347339,0.331932773109244,0.0280112044817927
1368,0.0552268244575937,0.100591715976331,0.252465483234714,0.388560157790927,0.203155818540434
1369,0.178300757877942,0.400877542879936,0.237335460710012,0.121659353809334,0.0618268847227762
1370,0.074487895716946,0.236499068901304,0.35195530726257,0.2756052141527,0.0614525139664805
1371,0.0434173669467787,0.169467787114846,0.427170868347339,0.331932773109244,0.0280112044817927
1372,0.0434173669467787,0.169467787114846,0.427170868347339,0.331932773109244,0.0280112044817927
1373,0.178300757877942,0.400877542879936,0.237335460710012,0.121659353809334,0.0618268847227762
1374,0.178300757877942,0.400877542879936,0.237335460710012,0.121659353809334,0.0618268847227762
1375,0.0051413881748072,0.0359897172236504,0.0616966580976864,0.298200514138817,0.598971722365039
1376,0.00625,0.03125,0.125,0.575,0.2625
1377,0.00307692307692308,0.00615384615384615,0.0153846153846154,0.203076923076923,0.772307692307692
1378,0.178300757877942,0.400877542879936,0.237335460710012,0.121659353809334,0.0618268847227762
1379,0.00307692307692308,0.00615384615384615,0.0153846153846154,0.203076923076923,0.772307692307692
1380,0.178300757877942,0.400877542879936,0.237335460710012,0.121659353809334,0.0618268847227762
1381,0.178300757877942,0.400877542879936,0.237335460710012,0.121659353809334,0.0618268847227762
1382,0.178300757877942,0.400877542879936,0.237335460710012,0.121659353809334,0.0618268847227762
1383,0.0552268244575937,0.100591715976331,0.252465483234714,0.388560157790927,0.203155818540434
1384,0.0100502512562814,0.0050251256281407,0.0100502512562814,0.0452261306532663,0.92964824120603
1385,0,0,0.122222222222222,0.722222222222222,0.155555555555556
1386,0.178300757877942,0.400877542879936,0.237335460710012,0.121659353809334,0.0618268847227762
1387,0.178300757877942,0.400877542879936,0.237335460710012,0.121659353809334,0.0618268847227762
1388,0.178300757877942,0.400877542879936,0.237335460710012,0.121659353809334,0.0618268847227762
1389,0.074487895716946,0.236499068901304,0.35195530726257,0.2756052141527,0.0614525139664805
1390,0.00307692307692308,0.00615384615384615,0.0153846153846154,0.203076923076923,0.772307692307692
1391,0.625,0.288461538461538,0.0737179487179487,0.0128205128205128,0
1392,0.0434173669467787,0.169467787114846,0.427170868347339,0.331932773109244,0.0280112044817927
1393,0.074487895716946,0.236499068901304,0.35195530726257,0.2756052141527,0.0614525139664805
1394,0.0434173669467787,0.169467787114846,0.427170868347339,0.331932773109244,0.0280112044817927
1395,0.074487895716946,0.236499068901304,0.35195530726257,0.2756052141527,0.0614525139664805
1396,0.178300757877942,0.400877542879936,0.237335460710012,0.121659353809334,0.0618268847227762
1397,0.0552268244575937,0.100591715976331,0.252465483234714,0.388560157790927,0.203155818540434
1398,0.178300757877942,0.400877542879936,0.237335460710012,0.121659353809334,0.0618268847227762
1399,0.178300757877942,0.400877542879936,0.237335460710012,0.121659353809334,0.0618268847227762
1400,0.178300757877942,0.400877542879936,0.237335460710012,0.121659353809334,0.0618268847227762
1401,0.074487895716946,0.236499068901304,0.35195530726257,0.2756052141527,0.0614525139664805
1402,0.178300757877942,0.400877542879936,0.237335460710012,0.121659353809334,0.0618268847227762
1403,0,0,0.122222222222222,0.722222222222222,0.155555555555556
1404,0.178300757877942,0.400877542879936,0.237335460710012,0.121659353809334,0.0618268847227762
1405,0.074487895716946,0.236499068901304,0.35195530726257,0.2756052141527,0.0614525139664805
1406,0.0552268244575937,0.100591715976331,0.252465483234714,0.388560157790927,0.203155818540434
1407,0.00625,0.03125,0.125,0.575,0.2625
1408,0.178300757877942,0.400877542879936,0.237335460710012,0.121659353809334,0.0618268847227762
1409,0.00595238095238095,0.0595238095238095,0.297619047619048,0.470238095238095,0.166666666666667
1410,0.178300757877942,0.400877542879936,0.237335460710012,0.121659353809334,0.0618268847227762
1411,0.0434173669467787,0.169467787114846,0.427170868347339,0.331932773109244,0.0280112044817927
1412,0.178300757877942,0.400877542879936,0.237335460710012,0.121659353809334,0.0618268847227762
1413,0.074487895716946,0.236499068901304,0.35195530726257,0.2756052141527,0.0614525139664805
1414,0.625,0.288461538461538,0.0737179487179487,0.0128205128205128,0
1415,0.178300757877942,0.400877542879936,0.237335460710012,0.121659353809334,0.0618268847227762
1416,0.074487895716946,0.236499068901304,0.35195530726257,0.2756052141527,0.0614525139664805
1417,0.0552268244575937,0.100591715976331,0.252465483234714,0.388560157790927,0.203155818540434
1418,0.074487895716946,0.236499068901304,0.35195530726257,0.2756052141527,0.0614525139664805
1419,0.00307692307692308,0.00615384615384615,0.0153846153846154,0.203076923076923,0.772307692307692
1420,0.178300757877942,0.400877542879936,0.237335460710012,0.121659353809334,0.0618268847227762
1421,0.178300757877942,0.400877542879936,0.237335460710012,0.121659353809334,0.0618268847227762
1422,0.178300757877942,0.400877542879936,0.237335460710012,0.121659353809334,0.0618268847227762
1423,0.0434173669467787,0.169467787114846,0.427170868347339,0.331932773109244,0.0280112044817927
1424,0.0434173669467787,0.169467787114846,0.427170868347339,0.331932773109244,0.0280112044817927
1425,0.178300757877942,0.400877542879936,0.237335460710012,0.121659353809334,0.0618268847227762
1426,0,0,0.122222222222222,0.722222222222222,0.155555555555556
1427,0.178300757877942,0.400877542879936,0.237335460710012,0.121659353809334,0.0618268847227762
1428,0,0,0.122222222222222,0.722222222222222,0.155555555555556
1429,0.178300757877942,0.400877542879936,0.237335460710012,0.121659353809334,0.0618268847227762
1430,0.178300757877942,0.400877542879936,0.237335460710012,0.121659353809334,0.0618268847227762
1431,0.00307692307692308,0.00615384615384615,0.0153846153846154,0.203076923076923,0.772307692307692
1432,0.00307692307692308,0.00615384615384615,0.0153846153846154,0.203076923076923,0.772307692307692
1433,0.178300757877942,0.400877542879936,0.237335460710012,0.121659353809334,0.0618268847227762
1434,0.0051413881748072,0.0359897172236504,0.0616966580976864,0.298200514138817,0.598971722365039
1435,0.178300757877942,0.400877542879936,0.237335460710012,0.121659353809334,0.0618268847227762
1436,0.0434173669467787,0.169467787114846,0.427170868347339,0.331932773109244,0.0280112044817927
1437,0.0552268244575937,0.100591715976331,0.252465483234714,0.388560157790927,0.203155818540434
1438,0.178300757877942,0.400877542879936,0.237335460710012,0.121659353809334,0.0618268847227762
1439,0.178300757877942,0.400877542879936,0.237335460710012,0.121659353809334,0.0618268847227762
1440,0.0051413881748072,0.0359897172236504,0.0616966580976864,0.298200514138817,0.598971722365039
1441,0.0552268244575937,0.100591715976331,0.252465483234714,0.388560157790927,0.203155818540434
1442,0.0434173669467787,0.169467787114846,0.427170868347339,0.331932773109244,0.0280112044817927
1443,0.178300757877942,0.400877542879936,0.237335460710012,0.121659353809334,0.0618268847227762
1444,0.178300757877942,0.400877542879936,0.237335460710012,0.121659353809334,0.0618268847227762
1445,0.178300757877942,0.400877542879936,0.237335460710012,0.121659353809334,0.0618268847227762
1446,0.178300757877942,0.400877542879936,0.237335460710012,0.121659353809334,0.0618268847227762
1447,0.074487895716946,0.236499068901304,0.35195530726257,0.2756052141527,0.0614525139664805
1448,0.074487895716946,0.236499068901304,0.35195530726257,0.2756052141527,0.0614525139664805
1449,0.00307692307692308,0.00615384615384615,0.0153846153846154,0.203076923076923,0.772307692307692
1450,0.00307692307692308,0.00615384615384615,0.0153846153846154,0.203076923076923,0.772307692307692
1451,0.625,0.288461538461538,0.0737179487179487,0.0128205128205128,0
1452,0.178300757877942,0.400877542879936,0.237335460710012,0.121659353809334,0.0618268847227762
1453,0.178300757877942,0.400877542879936,0.237335460710012,0.121659353809334,0.0618268847227762
1454,0.178300757877942,0.400877542879936,0.237335460710012,0.121659353809334,0.0618268847227762
1455,0.0434173669467787,0.169467787114846,0.427170868347339,0.331932773109244,0.0280112044817927
1456,0.0434173669467787,0.169467787114846,0.427170868347339,0.331932773109244,0.0280112044817927
1457,0.178300757877942,0.400877542879936,0.237335460710012,0.121659353809334,0.0618268847227762
1458,0.0552268244575937,0.100591715976331,0.252465483234714,0.388560157790927,0.203155818540434
1459,0.0434173669467787,0.169467787114846,0.427170868347339,0.331932773109244,0.0280112044817927
1460,0.0552268244575937,0.100591715976331,0.252465483234714,0.388560157790927,0.203155818540434
1461,0.178300757877942,0.400877542879936,0.237335460710012,0.121659353809334,0.0618268847227762
1462,0.0552268244575937,0.100591715976331,0.252465483234714,0.388560157790927,0.203155818540434
1463,0.178300757877942,0.400877542879936,0.237335460710012,0.121659353809334,0.0618268847227762
1464,0.178300757877942,0.400877542879936,0.237335460710012,0.121659353809334,0.0618268847227762
1465,0.178300757877942,0.400877542879936,0.237335460710012,0.121659353809334,0.0618268847227762
1466,0.074487895716946,0.236499068901304,0.35195530726257,0.2756052141527,0.0614525139664805
1467,0.625,0.288461538461538,0.0737179487179487,0.0128205128205128,0
1468,0.0434173669467787,0.169467787114846,0.427170868347339,0.331932773109244,0.0280112044817927
1469,0.178300757877942,0.400877542879936,0.237335460710012,0.121659353809334,0.0618268847227762
1470,0.00307692307692308,0.00615384615384615,0.0153846153846154,0.203076923076923,0.772307692307692
1471,0.178300757877942,0.400877542879936,0.237335460710012,0.121659353809334,0.0618268847227762
1472,0.178300757877942,0.400877542879936,0.237335460710012,0.121659353809334,0.0618268847227762
1473,0.074487895716946,0.236499068901304,0.35195530726257,0.2756052141527,0.0614525139664805
1474,0.00307692307692308,0.00615384615384615,0.0153846153846154,0.203076923076923,0.772307692307692
1475,0.0051413881748072,0.0359897172236504,0.0616966580976864,0.298200514138817,0.598971722365039
1476,0.178300757877942,0.400877542879936,0.237335460710012,0.121659353809334,0.0618268847227762
1477,0.0100502512562814,0.0050251256281407,0.0100502512562814,0.0452261306532663,0.92964824120603
1478,0.178300757877942,0.400877542879936,0.237335460710012,0.121659353809334,0.0618268847227762
1479,0.0051413881748072,0.0359897172236504,0.0616966580976864,0.298200514138817,0.598971722365039
1480,0.074487895716946,0.236499068901304,0.35195530726257,0.2756052141527,0.0614525139664805
1481,0.00307692307692308,0.00615384615384615,0.0153846153846154,0.203076923076923,0.772307692307692
1482,0.0434173669467787,0.169467787114846,0.427170868347339,0.331932773109244,0.0280112044817927
1483,0.178300757877942,0.400877542879936,0.237335460710012,0.121659353809334,0.0618268847227762
1484,0.074487895716946,0.236499068901304,0.35195530726257,0.2756052141527,0.0614525139664805
1485,0.0434173669467787,0.169467787114846,0.427170868347339,0.331932773109244,0.0280112044817927
1486,0.00595238095238095,0.0595238095238095,0.297619047619048,0.470238095238095,0.166666666666667
1487,0.00307692307692308,0.00615384615384615,0.0153846153846154,0.203076923076923,0.772307692307692
1488,0.178300757877942,0.400877542879936,0.237335460710012,0.121659353809334,0.0618268847227762
1489,0.178300757877942,0.400877542879936,0.237335460710012,0.121659353809334,0.0618268847227762
1490,0.178300757877942,0.400877542879936,0.237335460710012,0.121659353809334,0.0618268847227762
1491,0.0552268244575937,0.100591715976331,0.252465483234714,0.388560157790927,0.203155818540434
1492,0.178300757877942,0.400877542879936,0.237335460710012,0.121659353809334,0.0618268847227762
1493,0.0434173669467787,0.169467787114846,0.427170868347339,0.331932773109244,0.0280112044817927
1494,0.178300757877942,0.400877542879936,0.237335460710012,0.121659353809334,0.0618268847227762
1495,0,0,0.122222222222222,0.722222222222222,0.155555555555556
1496,0.178300757877942,0.400877542879936,0.237335460710012,0.121659353809334,0.0618268847227762
1497,0.00595238095238095,0.0595238095238095,0.297619047619048,0.470238095238095,0.166666666666667
1498,0.074487895716946,0.236499068901304,0.35195530726257,0.2756052141527,0.0614525139664805
1499,0.00625,0.03125,0.125,0.575,0.2625
1500,0.178300757877942,0.400877542879936,0.237335460710012,0.121659353809334,0.0618268847227762
1501,0.178300757877942,0.400877542879936,0.237335460710012,0.121659353809334,0.0618268847227762
1502,0.178300757877942,0.400877542879936,0.237335460710012,0.121659353809334,0.0618268847227762
1503,0.0552268244575937,0.100591715976331,0.252465483234714,0.388560157790927,0.203155818540434
1504,0.178300757877942,0.400877542879936,0.237335460710012,0.121659353809334,0.0618268847227762
1505,0.0051413881748072,0.0359897172236504,0.0616966580976864,0.298200514138817,0.598971722365039
1506,0.074487895716946,0.236499068901304,0.35195530726257,0.2756052141527,0.0614525139664805
1507,0.00625,0.03125,0.125,0.575,0.2625
1508,0.0434173669467787,0.169467787114846,0.427170868347339,0.331932773109244,0.0280112044817927
1509,0.0552268244575937,0.100591715976331,0.252465483234714,0.388560157790927,0.203155818540434
1510,0.074487895716946,0.236499068901304,0.35195530726257,0.2756052141527,0.0614525139664805
1511,0.00595238095238095,0.0595238095238095,0.297619047619048,0.470238095238095,0.166666666666667
1512,0.178300757877942,0.400877542879936,0.237335460710012,0.121659353809334,0.0618268847227762
1513,0.178300757877942,0.400877542879936,0.237335460710012,0.121659353809334,0.0618268847227762
1514,0.0051413881748072,0.0359897172236504,0.0616966580976864,0.298200514138817,0.598971722365039
1515,0.0434173669467787,0.169467787114846,0.427170868347339,0.331932773109244,0.0280112044817927
1516,0.0100502512562814,0.0050251256281407,0.0100502512562814,0.0452261306532663,0.92964824120603
1517,0.625,0.288461538461538,0.0737179487179487,0.0128205128205128,0
1518,0.0100502512562814,0.0050251256281407,0.0100502512562814,0.0452261306532663,0.92964824120603
1519,0.178300757877942,0.400877542879936,0.237335460710012,0.121659353809334,0.0618268847227762
1520,0.178300757877942,0.400877542879936,0.237335460710012,0.121659353809334,0.0618268847227762
1521,0.0100502512562814,0.0050251256281407,0.0100502512562814,0.0452261306532663,0.92964824120603
1522,0.178300757877942,0.400877542879936,0.237335460710012,0.121659353809334,0.0618268847227762
1523,0.0552268244575937,0.100591715976331,0.252465483234714,0.388560157790927,0.203155818540434
1524,0.0100502512562814,0.0050251256281407,0.0100502512562814,0.0452261306532663,0.92964824120603
1525,0.074487895716946,0.236499068901304,0.35195530726257,0.2756052141527,0.0614525139664805
1526,0.074487895716946,0.236499068901304,0.35195530726257,0.2756052141527,0.0614525139664805
1527,0.074487895716946,0.236499068901304,0.35195530726257,0.2756052141527,0.0614525139664805
1528,0.178300757877942,0.400877542879936,0.237335460710012,0.121659353809334,0.0618268847227762
1529,0.178300757877942,0.400877542879936,0.237335460710012,0.121659353809334,0.0618268847227762
1530,0.178300757877942,0.400877542879936,0.237335460710012,0.121659353809334,0.0618268847227762
1531,0.178300757877942,0.400877542879936,0.237335460710012,0.121659353809334,0.0618268847227762
1532,0.0552268244575937,0.100591715976331,0.252465483234714,0.388560157790927,0.203155818540434
1533,0.074487895716946,0.236499068901304,0.35195530726257,0.2756052141527,0.0614525139664805
1534,0.178300757877942,0.400877542879936,0.237335460710012,0.121659353809334,0.0618268847227762
1535,0.178300757877942,0.400877542879936,0.237335460710012,0.121659353809334,0.0618268847227762
1536,0.0552268244575937,0.100591715976331,0.252465483234714,0.388560157790927,0.203155818540434
1537,0.178300757877942,0.400877542879936,0.237335460710012,0.121659353809334,0.0618268847227762
1538,0.178300757877942,0.400877542879936,0.237335460710012,0.121659353809334,0.0618268847227762
1539,0.0552268244575937,0.100591715976331,0.252465483234714,0.388560157790927,0.203155818540434
1540,0.0434173669467787,0.169467787114846,0.427170868347339,0.331932773109244,0.0280112044817927
1541,0.625,0.288461538461538,0.0737179487179487,0.0128205128205128,0
1542,0.0100502512562814,0.0050251256281407,0.0100502512562814,0.0452261306532663,0.92964824120603
1543,0.0434173669467787,0.169467787114846,0.427170868347339,0.331932773109244,0.0280112044817927
1544,0.178300757877942,0.400877542879936,0.237335460710012,0.121659353809334,0.0618268847227762
1545,0.0552268244575937,0.100591715976331,0.252465483234714,0.388560157790927,0.203155818540434
1546,0.0552268244575937,0.100591715976331,0.252465483234714,0.388560157790927,0.203155818540434
1547,0.0434173669467787,0.169467787114846,0.427170868347339,0.331932773109244,0.0280112044817927
1548,0.178300757877942,0.400877542879936,0.237335460710012,0.121659353809334,0.0618268847227762
1549,0.178300757877942,0.400877542879936,0.237335460710012,0.121659353809334,0.0618268847227762
1550,0.178300757877942,0.400877542879936,0.237335460710012,0.121659353809334,0.0618268847227762
1551,0.0434173669467787,0.169467787114846,0.427170868347339,0.331932773109244,0.0280112044817927
1552,0.625,0.288461538461538,0.0737179487179487,0.0128205128205128,0
1553,0.0051413881748072,0.0359897172236504,0.0616966580976864,0.298200514138817,0.598971722365039
1554,0.178300757877942,0.400877542879936,0.237335460710012,0.121659353809334,0.0618268847227762
1555,0.178300757877942,0.400877542879936,0.237335460710012,0.121659353809334,0.0618268847227762
1556,0.00595238095238095,0.0595238095238095,0.297619047619048,0.470238095238095,0.166666666666667
1557,0.0051413881748072,0.0359897172236504,0.0616966580976864,0.298200514138817,0.598971722365039
1558,0.178300757877942,0.400877542879936,0.237335460710012,0.121659353809334,0.0618268847227762
1559,0.0434173669467787,0.169467787114846,0.427170868347339,0.331932773109244,0.0280112044817927
1560,0.178300757877942,0.400877542879936,0.237335460710012,0.121659353809334,0.0618268847227762
1561,0.0051413881748072,0.0359897172236504,0.0616966580976864,0.298200514138817,0.598971722365039
1562,0.0434173669467787,0.169467787114846,0.427170868347339,0.331932773109244,0.0280112044817927
1563,0.178300757877942,0.400877542879936,0.237335460710012,0.121659353809334,0.0618268847227762
1564,0.074487895716946,0.236499068901304,0.35195530726257,0.2756052141527,0.0614525139664805
1565,0.178300757877942,0.400877542879936,0.237335460710012,0.121659353809334,0.0618268847227762
1566,0.0100502512562814,0.0050251256281407,0.0100502512562814,0.0452261306532663,0.92964824120603
1567,0.178300757877942,0.400877542879936,0.237335460710012,0.121659353809334,0.0618268847227762
1568,0.074487895716946,0.236499068901304,0.35195530726257,0.2756052141527,0.0614525139664805
1569,0.0434173669467787,0.169467787114846,0.427170868347339,0.331932773109244,0.0280112044817927
1570,0.074487895716946,0.236499068901304,0.35195530726257,0.2756052141527,0.0614525139664805
1571,0.178300757877942,0.400877542879936,0.237335460710012,0.121659353809334,0.0618268847227762
1572,0.0552268244575937,0.100591715976331,0.252465483234714,0.388560157790927,0.203155818540434
1573,0.0552268244575937,0.100591715976331,0.252465483234714,0.388560157790927,0.203155818540434
1574,0.178300757877942,0.400877542879936,0.237335460710012,0.121659353809334,0.0618268847227762
1575,0.0434173669467787,0.169467787114846,0.427170868347339,0.331932773109244,0.0280112044817927
1576,0.0552268244575937,0.100591715976331,0.252465483234714,0.388560157790927,0.203155818540434
1577,0.0434173669467787,0.169467787114846,0.427170868347339,0.331932773109244,0.0280112044817927
1578,0.178300757877942,0.400877542879936,0.237335460710012,0.121659353809334,0.0618268847227762
1579,0.178300757877942,0.400877542879936,0.237335460710012,0.121659353809334,0.0618268847227762
1580,0.0552268244575937,0.100591715976331,0.252465483234714,0.388560157790927,0.203155818540434
1581,0.178300757877942,0.400877542879936,0.237335460710012,0.121659353809334,0.0618268847227762
1582,0.074487895716946,0.236499068901304,0.35195530726257,0.2756052141527,0.0614525139664805
1583,0.0552268244575937,0.100591715976331,0.252465483234714,0.388560157790927,0.203155818540434
1584,0.0434173669467787,0.169467787114846,0.427170868347339,0.331932773109244,0.0280112044817927
1585,0.074487895716946,0.236499068901304,0.35195530726257,0.2756052141527,0.0614525139664805
1586,0.0100502512562814,0.0050251256281407,0.0100502512562814,0.0452261306532663,0.92964824120603
1587,0,0,0.122222222222222,0.722222222222222,0.155555555555556
1588,0.625,0.288461538461538,0.0737179487179487,0.0128205128205128,0
1589,0.178300757877942,0.400877542879936,0.237335460710012,0.121659353809334,0.0618268847227762
1590,0.00307692307692308,0.00615384615384615,0.0153846153846154,0.203076923076923,0.772307692307692
1591,0.074487895716946,0.236499068901304,0.35195530726257,0.2756052141527,0.0614525139664805
1592,0.625,0.288461538461538,0.0737179487179487,0.0128205128205128,0
1593,0.178300757877942,0.400877542879936,0.237335460710012,0.121659353809334,0.0618268847227762
1594,0.074487895716946,0.236499068901304,0.35195530726257,0.2756052141527,0.0614525139664805
1595,0.178300757877942,0.400877542879936,0.237335460710012,0.121659353809334,0.0618268847227762
1596,0.178300757877942,0.400877542879936,0.237335460710012,0.121659353809334,0.0618268847227762
1597,0.625,0.288461538461538,0.0737179487179487,0.0128205128205128,0
1598,0.00625,0.03125,0.125,0.575,0.2625
1599,0.625,0.288461538461538,0.0737179487179487,0.0128205128205128,0
1600,0.0552268244575937,0.100591715976331,0.252465483234714,0.388560157790927,0.203155818540434
1601,0.00307692307692308,0.00615384615384615,0.0153846153846154,0.203076923076923,0.772307692307692
1602,0,0,0.122222222222222,0.722222222222222,0.155555555555556
1603,0.625,0.288461538461538,0.0737179487179487,0.0128205128205128,0
1604,0.178300757877942,0.400877542879936,0.237335460710012,0.121659353809334,0.0618268847227762
1605,0.0552268244575937,0.100591715976331,0.252465483234714,0.388560157790927,0.203155818540434
1606,0.178300757877942,0.400877542879936,0.237335460710012,0.121659353809334,0.0618268847227762
1607,0.0434173669467787,0.169467787114846,0.427170868347339,0.331932773109244,0.0280112044817927
1608,0.625,0.288461538461538,0.0737179487179487,0.0128205128205128,0
1609,0.178300757877942,0.400877542879936,0.237335460710012,0.121659353809334,0.0618268847227762
1610,0.178300757877942,0.400877542879936,0.237335460710012,0.121659353809334,0.0618268847227762
1611,0.178300757877942,0.400877542879936,0.237335460710012,0.121659353809334,0.0618268847227762
1612,0.074487895716946,0.236499068901304,0.35195530726257,0.2756052141527,0.0614525139664805
1613,0.0100502512562814,0.0050251256281407,0.0100502512562814,0.0452261306532663,0.92964824120603
1614,0.178300757877942,0.400877542879936,0.237335460710012,0.121659353809334,0.0618268847227762
1615,0.074487895716946,0.236499068901304,0.35195530726257,0.2756052141527,0.0614525139664805
1616,0.0434173669467787,0.169467787114846,0.427170868347339,0.331932773109244,0.0280112044817927
1617,0.178300757877942,0.400877542879936,0.237335460710012,0.121659353809334,0.0618268847227762
1618,0.178300757877942,0.400877542879936,0.237335460710012,0.121659353809334,0.0618268847227762
1619,0.178300757877942,0.400877542879936,0.237335460710012,0.121659353809334,0.0618268847227762
1620,0.178300757877942,0.400877542879936,0.237335460710012,0.121659353809334,0.0618268847227762
1621,0,0,0.122222222222222,0.722222222222222,0.155555555555556
1622,0.178300757877942,0.400877542879936,0.237335460710012,0.121659353809334,0.0618268847227762
1623,0.178300757877942,0.400877542879936,0.237335460710012,0.121659353809334,0.0618268847227762
1624,0.178300757877942,0.400877542879936,0.237335460710012,0.121659353809334,0.0618268847227762
1625,0.0434173669467787,0.169467787114846,0.427170868347339,0.331932773109244,0.0280112044817927
1626,0.178300757877942,0.400877542879936,0.237335460710012,0.121659353809334,0.0618268847227762
1627,0.178300757877942,0.400877542879936,0.237335460710012,0.121659353809334,0.0618268847227762
1628,0.0434173669467787,0.169467787114846,0.427170868347339,0.331932773109244,0.0280112044817927
1629,0.0100502512562814,0.0050251256281407,0.0100502512562814,0.0452261306532663,0.92964824120603
1630,0.178300757877942,0.400877542879936,0.237335460710012,0.121659353809334,0.0618268847227762
1631,0.0552268244575937,0.100591715976331,0.252465483234714,0.388560157790927,0.203155818540434
1632,0.0434173669467787,0.169467787114846,0.427170868347339,0.331932773109244,0.0280112044817927
1633,0.625,0.288461538461538,0.0737179487179487,0.0128205128205128,0
1634,0.0552268244575937,0.100591715976331,0.252465483234714,0.388560157790927,0.203155818540434
1635,0.625,0.288461538461538,0.0737179487179487,0.0128205128205128,0
1636,0.178300757877942,0.400877542879936,0.237335460710012,0.121659353809334,0.0618268847227762
1637,0.178300757877942,0.400877542879936,0.237335460710012,0.121659353809334,0.0618268847227762
1638,0.0434173669467787,0.169467787114846,0.427170868347339,0.331932773109244,0.0280112044817927
1639,0.178300757877942,0.400877542879936,0.237335460710012,0.121659353809334,0.0618268847227762
1640,0.178300757877942,0.400877542879936,0.237335460710012,0.121659353809334,0.0618268847227762
1641,0.0552268244575937,0.100591715976331,0.252465483234714,0.388560157790927,0.203155818540434
1642,0.00307692307692308,0.00615384615384615,0.0153846153846154,0.203076923076923,0.772307692307692
1643,0.178300757877942,0.400877542879936,0.237335460710012,0.121659353809334,0.0618268847227762
1644,0.178300757877942,0.400877542879936,0.237335460710012,0.121659353809334,0.0618268847227762
1645,0.178300757877942,0.400877542879936,0.237335460710012,0.121659353809334,0.0618268847227762
1646,0.178300757877942,0.400877542879936,0.237335460710012,0.121659353809334,0.0618268847227762
1647,0,0,0.122222222222222,0.722222222222222,0.155555555555556
1648,0.0434173669467787,0.169467787114846,0.427170868347339,0.331932773109244,0.0280112044817927
1649,0,0,0.122222222222222,0.722222222222222,0.155555555555556
1650,0.178300757877942,0.400877542879936,0.237335460710012,0.121659353809334,0.0618268847227762
1651,0.625,0.288461538461538,0.0737179487179487,0.0128205128205128,0
1652,0.00307692307692308,0.00615384615384615,0.0153846153846154,0.203076923076923,0.772307692307692
1653,0.178300757877942,0.400877542879936,0.237335460710012,0.121659353809334,0.0618268847227762
1654,0.00307692307692308,0.00615384615384615,0.0153846153846154,0.203076923076923,0.772307692307692
1655,0.0051413881748072,0.0359897172236504,0.0616966580976864,0.298200514138817,0.598971722365039
1656,0.00595238095238095,0.0595238095238095,0.297619047619048,0.470238095238095,0.166666666666667
1657,0.178300757877942,0.400877542879936,0.237335460710012,0.121659353809334,0.0618268847227762
1658,0.178300757877942,0.400877542879936,0.237335460710012,0.121659353809334,0.0618268847227762
1659,0.074487895716946,0.236499068901304,0.35195530726257,0.2756052141527,0.0614525139664805
1660,0.074487895716946,0.236499068901304,0.35195530726257,0.2756052141527,0.0614525139664805
1661,0,0,0.122222222222222,0.722222222222222,0.155555555555556
1662,0.074487895716946,0.236499068901304,0.35195530726257,0.2756052141527,0.0614525139664805
1663,0.178300757877942,0.400877542879936,0.237335460710012,0.121659353809334,0.0618268847227762
1664,0.0552268244575937,0.100591715976331,0.252465483234714,0.388560157790927,0.203155818540434
1665,0.0051413881748072,0.0359897172236504,0.0616966580976864,0.298200514138817,0.598971722365039
1666,0.0552268244575937,0.100591715976331,0.252465483234714,0.388560157790927,0.203155818540434
1667,0.178300757877942,0.400877542879936,0.237335460710012,0.121659353809334,0.0618268847227762
1668,0.178300757877942,0.400877542879936,0.237335460710012,0.121659353809334,0.0618268847227762
1669,0.178300757877942,0.400877542879936,0.237335460710012,0.121659353809334,0.0618268847227762
1670,0.0434173669467787,0.169467787114846,0.427170868347339,0.331932773109244,0.0280112044817927
1671,0.178300757877942,0.400877542879936,0.237335460710012,0.121659353809334,0.0618268847227762
1672,0.178300757877942,0.400877542879936,0.237335460710012,0.121659353809334,0.0618268847227762
1673,0.0552268244575937,0.100591715976331,0.252465483234714,0.388560157790927,0.203155818540434
1674,0.625,0.288461538461538,0.0737179487179487,0.0128205128205128,0
1675,0.178300757877942,0.400877542879936,0.237335460710012,0.121659353809334,0.0618268847227762
1676,0.178300757877942,0.400877542879936,0.237335460710012,0.121659353809334,0.0618268847227762
1677,0.0100502512562814,0.0050251256281407,0.0100502512562814,0.0452261306532663,0.92964824120603
1678,0.0434173669467787,0.169467787114846,0.427170868347339,0.331932773109244,0.0280112044817927
1679,0.178300757877942,0.400877542879936,0.237335460710012,0.121659353809334,0.0618268847227762
1680,0.178300757877942,0.400877542879936,0.237335460710012,0.121659353809334,0.0618268847227762
1681,0.178300757877942,0.400877542879936,0.237335460710012,0.121659353809334,0.0618268847227762
1682,0.0051413881748072,0.0359897172236504,0.0616966580976864,0.298200514138817,0.598971722365039
1683,0.00307692307692308,0.00615384615384615,0.0153846153846154,0.203076923076923,0.772307692307692
1684,0.0552268244575937,0.100591715976331,0.252465483234714,0.388560157790927,0.203155818540434
1685,0.178300757877942,0.400877542879936,0.237335460710012,0.121659353809334,0.0618268847227762
1686,0.178300757877942,0.400877542879936,0.237335460710012,0.121659353809334,0.0618268847227762
1687,0.074487895716946,0.236499068901304,0.35195530726257,0.2756052141527,0.0614525139664805
1688,0.0434173669467787,0.169467787114846,0.427170868347339,0.331932773109244,0.0280112044817927
1689,0.178300757877942,0.400877542879936,0.237335460710012,0.121659353809334,0.0618268847227762
1690,0.178300757877942,0.400877542879936,0.237335460710012,0.121659353809334,0.0618268847227762
1691,0.0434173669467787,0.169467787114846,0.427170868347339,0.331932773109244,0.0280112044817927
1692,0.0051413881748072,0.0359897172236504,0.0616966580976864,0.298200514138817,0.598971722365039
1693,0.0434173669467787,0.169467787114846,0.427170868347339,0.331932773109244,0.0280112044817927
1694,0.178300757877942,0.400877542879936,0.237335460710012,0.121659353809334,0.0618268847227762
1695,0.0552268244575937,0.100591715976331,0.252465483234714,0.388560157790927,0.203155818540434
1696,0.178300757877942,0.400877542879936,0.237335460710012,0.121659353809334,0.0618268847227762
1697,0.178300757877942,0.400877542879936,0.237335460710012,0.121659353809334,0.0618268847227762
1698,0.178300757877942,0.400877542879936,0.237335460710012,0.121659353809334,0.0618268847227762
1699,0.178300757877942,0.400877542879936,0.237335460710012,0.121659353809334,0.0618268847227762
1700,0.178300757877942,0.400877542879936,0.237335460710012,0.121659353809334,0.0618268847227762
1701,0.178300757877942,0.400877542879936,0.237335460710012,0.121659353809334,0.0618268847227762
1702,0.0434173669467787,0.169467787114846,0.427170868347339,0.331932773109244,0.0280112044817927
1703,0,0,0.122222222222222,0.722222222222222,0.155555555555556
1704,0.00595238095238095,0.0595238095238095,0.297619047619048,0.470238095238095,0.166666666666667
1705,0.0552268244575937,0.100591715976331,0.252465483234714,0.388560157790927,0.203155818540434
1706,0.074487895716946,0.236499068901304,0.35195530726257,0.2756052141527,0.0614525139664805
1707,0,0,0.122222222222222,0.722222222222222,0.155555555555556
1708,0.00307692307692308,0.00615384615384615,0.0153846153846154,0.203076923076923,0.772307692307692
1709,0.074487895716946,0.236499068901304,0.35195530726257,0.2756052141527,0.0614525139664805
1710,0.074487895716946,0.236499068901304,0.35195530726257,0.2756052141527,0.0614525139664805
1711,0.178300757877942,0.400877542879936,0.237335460710012,0.121659353809334,0.0618268847227762
1712,0.00307692307692308,0.00615384615384615,0.0153846153846154,0.203076923076923,0.772307692307692
1713,0.074487895716946,0.236499068901304,0.35195530726257,0.2756052141527,0.0614525139664805
1714,0.178300757877942,0.400877542879936,0.237335460710012,0.121659353809334,0.0618268847227762
1715,0.0552268244575937,0.100591715976331,0.252465483234714,0.388560157790927,0.203155818540434
1716,0.0552268244575937,0.100591715976331,0.252465483234714,0.388560157790927,0.203155818540434
1717,0.178300757877942,0.400877542879936,0.237335460710012,0.121659353809334,0.0618268847227762
1718,0.178300757877942,0.400877542879936,0.237335460710012,0.121659353809334,0.0618268847227762
1719,0.0552268244575937,0.100591715976331,0.252465483234714,0.388560157790927,0.203155818540434
1720,0.178300757877942,0.400877542879936,0.237335460710012,0.121659353809334,0.0618268847227762
1721,0.00595238095238095,0.0595238095238095,0.297619047619048,0.470238095238095,0.166666666666667
1722,0.0051413881748072,0.0359897172236504,0.0616966580976864,0.298200514138817,0.598971722365039
1723,0.178300757877942,0.400877542879936,0.237335460710012,0.121659353809334,0.0618268847227762
1724,0.178300757877942,0.400877542879936,0.237335460710012,0.121659353809334,0.0618268847227762
1725,0.178300757877942,0.400877542879936,0.237335460710012,0.121659353809334,0.0618268847227762
1726,0.178300757877942,0.400877542879936,0.237335460710012,0.121659353809334,0.0618268847227762
1727,0.00595238095238095,0.0595238095238095,0.297619047619048,0.470238095238095,0.166666666666667
1728,0.178300757877942,0.400877542879936,0.237335460710012,0.121659353809334,0.0618268847227762
1729,0.178300757877942,0.400877542879936,0.237335460710012,0.121659353809334,0.0618268847227762
1730,0.0434173669467787,0.169467787114846,0.427170868347339,0.331932773109244,0.0280112044817927
1731,0.00307692307692308,0.00615384615384615,0.0153846153846154,0.203076923076923,0.772307692307692
1732,0.0552268244575937,0.100591715976331,0.252465483234714,0.388560157790927,0.203155818540434
1733,0.178300757877942,0.400877542879936,0.237335460710012,0.121659353809334,0.0618268847227762
1734,0.178300757877942,0.400877542879936,0.237335460710012,0.121659353809334,0.0618268847227762
1735,0.178300757877942,0.400877542879936,0.237335460710012,0.121659353809334,0.0618268847227762
1736,0.00307692307692308,0.00615384615384615,0.0153846153846154,0.203076923076923,0.772307692307692
1737,0.178300757877942,0.400877542879936,0.237335460710012,0.121659353809334,0.0618268847227762
1738,0.178300757877942,0.400877542879936,0.237335460710012,0.121659353809334,0.0618268847227762
1739,0.625,0.288461538461538,0.0737179487179487,0.0128205128205128,0
1740,0.178300757877942,0.400877542879936,0.237335460710012,0.121659353809334,0.0618268847227762
1741,0.178300757877942,0.400877542879936,0.237335460710012,0.121659353809334,0.0618268847227762
1742,0.0434173669467787,0.169467787114846,0.427170868347339,0.331932773109244,0.0280112044817927
1743,0.178300757877942,0.400877542879936,0.237335460710012,0.121659353809334,0.0618268847227762
1744,0.178300757877942,0.400877542879936,0.237335460710012,0.121659353809334,0.0618268847227762
1745,0.0051413881748072,0.0359897172236504,0.0616966580976864,0.298200514138817,0.598971722365039
1746,0.625,0.288461538461538,0.0737179487179487,0.0128205128205128,0
1747,0.178300757877942,0.400877542879936,0.237335460710012,0.121659353809334,0.0618268847227762
1748,0.178300757877942,0.400877542879936,0.237335460710012,0.121659353809334,0.0618268847227762
1749,0.0552268244575937,0.100591715976331,0.252465483234714,0.388560157790927,0.203155818540434
1750,0.178300757877942,0.400877542879936,0.237335460710012,0.121659353809334,0.0618268847227762
1751,0.178300757877942,0.400877542879936,0.237335460710012,0.121659353809334,0.0618268847227762
1752,0.178300757877942,0.400877542879936,0.237335460710012,0.121659353809334,0.0618268847227762
1753,0.0552268244575937,0.100591715976331,0.252465483234714,0.388560157790927,0.203155818540434
1754,0.178300757877942,0.400877542879936,0.237335460710012,0.121659353809334,0.0618268847227762
1755,0.178300757877942,0.400877542879936,0.237335460710012,0.121659353809334,0.0618268847227762
1756,0.0051413881748072,0.0359897172236504,0.0616966580976864,0.298200514138817,0.598971722365039
1757,0.0434173669467787,0.169467787114846,0.427170868347339,0.331932773109244,0.0280112044817927
1758,0.074487895716946,0.236499068901304,0.35195530726257,0.2756052141527,0.0614525139664805
1759,0.0434173669467787,0.169467787114846,0.427170868347339,0.331932773109244,0.0280112044817927
1760,0.178300757877942,0.400877542879936,0.237335460710012,0.121659353809334,0.0618268847227762
1761,0.178300757877942,0.400877542879936,0.237335460710012,0.121659353809334,0.0618268847227762
1762,0.0552268244575937,0.100591715976331,0.252465483234714,0.388560157790927,0.203155818540434
1763,0.178300757877942,0.400877542879936,0.237335460710012,0.121659353809334,0.0618268847227762
1764,0.0552268244575937,0.100591715976331,0.252465483234714,0.388560157790927,0.203155818540434
1765,0.178300757877942,0.400877542879936,0.237335460710012,0.121659353809334,0.0618268847227762
1766,0.0434173669467787,0.169467787114846,0.427170868347339,0.331932773109244,0.0280112044817927
1767,0.178300757877942,0.400877542879936,0.237335460710012,0.121659353809334,0.0618268847227762
1768,0.074487895716946,0.236499068901304,0.35195530726257,0.2756052141527,0.0614525139664805
1769,0.00595238095238095,0.0595238095238095,0.297619047619048,0.470238095238095,0.166666666666667
1770,0.625,0.288461538461538,0.0737179487179487,0.0128205128205128,0
1771,0.178300757877942,0.400877542879936,0.237335460710012,0.121659353809334,0.0618268847227762
1772,0.178300757877942,0.400877542879936,0.237335460710012,0.121659353809334,0.0618268847227762
1773,0.178300757877942,0.400877542879936,0.237335460710012,0.121659353809334,0.0618268847227762
1774,0.178300757877942,0.400877542879936,0.237335460710012,0.121659353809334,0.0618268847227762
1775,0.178300757877942,0.400877542879936,0.237335460710012,0.121659353809334,0.0618268847227762
1776,0.0434173669467787,0.169467787114846,0.427170868347339,0.331932773109244,0.0280112044817927
1777,0.178300757877942,0.400877542879936,0.237335460710012,0.121659353809334,0.0618268847227762
1778,0,0,0.122222222222222,0.722222222222222,0.155555555555556
1779,0.178300757877942,0.400877542879936,0.237335460710012,0.121659353809334,0.0618268847227762
1780,0.178300757877942,0.400877542879936,0.237335460710012,0.121659353809334,0.0618268847227762
1781,0.0434173669467787,0.169467787114846,0.427170868347339,0.331932773109244,0.0280112044817927
1782,0.0051413881748072,0.0359897172236504,0.0616966580976864,0.298200514138817,0.598971722365039
1783,0.178300757877942,0.400877542879936,0.237335460710012,0.121659353809334,0.0618268847227762
1784,0.625,0.288461538461538,0.0737179487179487,0.0128205128205128,0
1785,0.178300757877942,0.400877542879936,0.237335460710012,0.121659353809334,0.0618268847227762
1786,0.0434173669467787,0.169467787114846,0.427170868347339,0.331932773109244,0.0280112044817927
1787,0.0434173669467787,0.169467787114846,0.427170868347339,0.331932773109244,0.0280112044817927
1788,0.178300757877942,0.400877542879936,0.237335460710012,0.121659353809334,0.0618268847227762
1789,0.178300757877942,0.400877542879936,0.237335460710012,0.121659353809334,0.0618268847227762
1790,0,0,0.122222222222222,0.722222222222222,0.155555555555556
1791,0.074487895716946,0.236499068901304,0.35195530726257,0.2756052141527,0.0614525139664805
1792,0.0434173669467787,0.169467787114846,0.427170868347339,0.331932773109244,0.0280112044817927
1793,0.0100502512562814,0.0050251256281407,0.0100502512562814,0.0452261306532663,0.92964824120603
1794,0.0434173669467787,0.169467787114846,0.427170868347339,0.331932773109244,0.0280112044817927
1795,0.0434173669467787,0.169467787114846,0.427170868347339,0.331932773109244,0.0280112044817927
1796,0.178300757877942,0.400877542879936,0.237335460710012,0.121659353809334,0.0618268847227762
1797,0.0434173669467787,0.169467787114846,0.427170868347339,0.331932773109244,0.0280112044817927
1798,0.0100502512562814,0.0050251256281407,0.0100502512562814,0.0452261306532663,0.92964824120603
1799,0.178300757877942,0.400877542879936,0.237335460710012,0.121659353809334,0.0618268847227762
1800,0.074487895716946,0.236499068901304,0.35195530726257,0.2756052141527,0.0614525139664805
1801,0.0434173669467787,0.169467787114846,0.427170868347339,0.331932773109244,0.0280112044817927
1802,0.178300757877942,0.400877542879936,0.237335460710012,0.121659353809334,0.0618268847227762
1803,0.074487895716946,0.236499068901304,0.35195530726257,0.2756052141527,0.0614525139664805
1804,0.178300757877942,0.400877542879936,0.237335460710012,0.121659353809334,0.0618268847227762
1805,0.178300757877942,0.400877542879936,0.237335460710012,0.121659353809334,0.0618268847227762
1806,0.625,0.288461538461538,0.0737179487179487,0.0128205128205128,0
1807,0.074487895716946,0.236499068901304,0.35195530726257,0.2756052141527,0.0614525139664805
1808,0.178300757877942,0.400877542879936,0.237335460710012,0.121659353809334,0.0618268847227762
1809,0.178300757877942,0.400877542879936,0.237335460710012,0.121659353809334,0.0618268847227762
1810,0.178300757877942,0.400877542879936,0.237335460710012,0.121659353809334,0.0618268847227762
1811,0.00595238095238095,0.0595238095238095,0.297619047619048,0.470238095238095,0.166666666666667
1812,0.178300757877942,0.400877542879936,0.237335460710012,0.121659353809334,0.0618268847227762
1813,0.0434173669467787,0.169467787114846,0.427170868347339,0.331932773109244,0.0280112044817927
1814,0,0,0.122222222222222,0.722222222222222,0.155555555555556
1815,0.0552268244575937,0.100591715976331,0.252465483234714,0.388560157790927,0.203155818540434
1816,0,0,0.122222222222222,0.722222222222222,0.155555555555556
1817,0.00307692307692308,0.00615384615384615,0.0153846153846154,0.203076923076923,0.772307692307692
1818,0.178300757877942,0.400877542879936,0.237335460710012,0.121659353809334,0.0618268847227762
1819,0,0,0.122222222222222,0.722222222222222,0.155555555555556
1820,0.0434173669467787,0.169467787114846,0.427170868347339,0.331932773109244,0.0280112044817927
1821,0.178300757877942,0.400877542879936,0.237335460710012,0.121659353809334,0.0618268847227762
1822,0.178300757877942,0.400877542879936,0.237335460710012,0.121659353809334,0.0618268847227762
1823,0.178300757877942,0.400877542879936,0.237335460710012,0.121659353809334,0.0618268847227762
1824,0.178300757877942,0.400877542879936,0.237335460710012,0.121659353809334,0.0618268847227762
1825,0.00307692307692308,0.00615384615384615,0.0153846153846154,0.203076923076923,0.772307692307692
1826,0.0434173669467787,0.169467787114846,0.427170868347339,0.331932773109244,0.0280112044817927
1827,0.0100502512562814,0.0050251256281407,0.0100502512562814,0.0452261306532663,0.92964824120603
1828,0.625,0.288461538461538,0.0737179487179487,0.0128205128205128,0
1829,0.625,0.288461538461538,0.0737179487179487,0.0128205128205128,0
1830,0.625,0.288461538461538,0.0737179487179487,0.0128205128205128,0
1831,0.0051413881748072,0.0359897172236504,0.0616966580976864,0.298200514138817,0.598971722365039
1832,0.0552268244575937,0.100591715976331,0.252465483234714,0.388560157790927,0.203155818540434
1833,0.00307692307692308,0.00615384615384615,0.0153846153846154,0.203076923076923,0.772307692307692
1834,0.178300757877942,0.400877542879936,0.237335460710012,0.121659353809334,0.0618268847227762
1835,0.00307692307692308,0.00615384615384615,0.0153846153846154,0.203076923076923,0.772307692307692
1836,0.00595238095238095,0.0595238095238095,0.297619047619048,0.470238095238095,0.166666666666667
1837,0.00595238095238095,0.0595238095238095,0.297619047619048,0.470238095238095,0.166666666666667
1838,0.178300757877942,0.400877542879936,0.237335460710012,0.121659353809334,0.0618268847227762
1839,0.074487895716946,0.236499068901304,0.35195530726257,0.2756052141527,0.0614525139664805
1840,0.0434173669467787,0.169467787114846,0.427170868347339,0.331932773109244,0.0280112044817927
1841,0.178300757877942,0.400877542879936,0.237335460710012,0.121659353809334,0.0618268847227762
1842,0.178300757877942,0.400877542879936,0.237335460710012,0.121659353809334,0.0618268847227762
1843,0.178300757877942,0.400877542879936,0.237335460710012,0.121659353809334,0.0618268847227762
1844,0.178300757877942,0.400877542879936,0.237335460710012,0.121659353809334,0.0618268847227762
1845,0.074487895716946,0.236499068901304,0.35195530726257,0.2756052141527,0.0614525139664805
1846,0.178300757877942,0.400877542879936,0.237335460710012,0.121659353809334,0.0618268847227762
1847,0.625,0.288461538461538,0.0737179487179487,0.0128205128205128,0
1848,0.0100502512562814,0.0050251256281407,0.0100502512562814,0.0452261306532663,0.92964824120603
1849,0.625,0.288461538461538,0.0737179487179487,0.0128205128205128,0
1850,0.0552268244575937,0.100591715976331,0.252465483234714,0.388560157790927,0.203155818540434
1851,0.178300757877942,0.400877542879936,0.237335460710012,0.121659353809334,0.0618268847227762
1852,0.178300757877942,0.400877542879936,0.237335460710012,0.121659353809334,0.0618268847227762
1853,0.00307692307692308,0.00615384615384615,0.0153846153846154,0.203076923076923,0.772307692307692
1854,0.178300757877942,0.400877542879936,0.237335460710012,0.121659353809334,0.0618268847227762
1855,0.0434173669467787,0.169467787114846,0.427170868347339,0.331932773109244,0.0280112044817927
1856,0.178300757877942,0.400877542879936,0.237335460710012,0.121659353809334,0.0618268847227762
1857,0.00307692307692308,0.00615384615384615,0.0153846153846154,0.203076923076923,0.772307692307692
1858,0.0434173669467787,0.169467787114846,0.427170868347339,0.331932773109244,0.0280112044817927
1859,0.0552268244575937,0.100591715976331,0.252465483234714,0.388560157790927,0.203155818540434
1860,0.0434173669467787,0.169467787114846,0.427170868347339,0.331932773109244,0.0280112044817927
1861,0,0,0.122222222222222,0.722222222222222,0.155555555555556
1862,0.178300757877942,0.400877542879936,0.237335460710012,0.121659353809334,0.0618268847227762
1863,0.178300757877942,0.400877542879936,0.237335460710012,0.121659353809334,0.0618268847227762
1864,0.0434173669467787,0.169467787114846,0.427170868347339,0.331932773109244,0.0280112044817927
1865,0.0434173669467787,0.169467787114846,0.427170868347339,0.331932773109244,0.0280112044817927
1866,0.178300757877942,0.400877542879936,0.237335460710012,0.121659353809334,0.0618268847227762
1867,0.0100502512562814,0.0050251256281407,0.0100502512562814,0.0452261306532663,0.92964824120603
1868,0.074487895716946,0.236499068901304,0.35195530726257,0.2756052141527,0.0614525139664805
1869,0.625,0.288461538461538,0.0737179487179487,0.0128205128205128,0
1870,0.00307692307692308,0.00615384615384615,0.0153846153846154,0.203076923076923,0.772307692307692
1871,0.178300757877942,0.400877542879936,0.237335460710012,0.121659353809334,0.0618268847227762
1872,0.0552268244575937,0.100591715976331,0.252465483234714,0.388560157790927,0.203155818540434
1873,0.074487895716946,0.236499068901304,0.35195530726257,0.2756052141527,0.0614525139664805
1874,0.0434173669467787,0.169467787114846,0.427170868347339,0.331932773109244,0.0280112044817927
1875,0.178300757877942,0.400877542879936,0.237335460710012,0.121659353809334,0.0618268847227762
1876,0.178300757877942,0.400877542879936,0.237335460710012,0.121659353809334,0.0618268847227762
1877,0.0552268244575937,0.100591715976331,0.252465483234714,0.388560157790927,0.203155818540434
1878,0.178300757877942,0.400877542879936,0.237335460710012,0.121659353809334,0.0618268847227762
1879,0.178300757877942,0.400877542879936,0.237335460710012,0.121659353809334,0.0618268847227762
1880,0.0051413881748072,0.0359897172236504,0.0616966580976864,0.298200514138817,0.598971722365039
1881,0.0552268244575937,0.100591715976331,0.252465483234714,0.388560157790927,0.203155818540434
1882,0.178300757877942,0.400877542879936,0.237335460710012,0.121659353809334,0.0618268847227762
1883,0.178300757877942,0.400877542879936,0.237335460710012,0.121659353809334,0.0618268847227762
1884,0.0552268244575937,0.100591715976331,0.252465483234714,0.388560157790927,0.203155818540434
1885,0.178300757877942,0.400877542879936,0.237335460710012,0.121659353809334,0.0618268847227762
1886,0.074487895716946,0.236499068901304,0.35195530726257,0.2756052141527,0.0614525139664805
1887,0.178300757877942,0.400877542879936,0.237335460710012,0.121659353809334,0.0618268847227762
1888,0.074487895716946,0.236499068901304,0.35195530726257,0.2756052141527,0.0614525139664805
1889,0.178300757877942,0.400877542879936,0.237335460710012,0.121659353809334,0.0618268847227762
1890,0.178300757877942,0.400877542879936,0.237335460710012,0.121659353809334,0.0618268847227762
1891,0.178300757877942,0.400877542879936,0.237335460710012,0.121659353809334,0.0618268847227762
1892,0.178300757877942,0.400877542879936,0.237335460710012,0.121659353809334,0.0618268847227762
1893,0.0552268244575937,0.100591715976331,0.252465483234714,0.388560157790927,0.203155818540434
1894,0.00625,0.03125,0.125,0.575,0.2625
1895,0.0434173669467787,0.169467787114846,0.427170868347339,0.331932773109244,0.0280112044817927
1896,0.178300757877942,0.400877542879936,0.237335460710012,0.121659353809334,0.0618268847227762
1897,0.178300757877942,0.400877542879936,0.237335460710012,0.121659353809334,0.0618268847227762
1898,0.0434173669467787,0.169467787114846,0.427170868347339,0.331932773109244,0.0280112044817927
1899,0.0051413881748072,0.0359897172236504,0.0616966580976864,0.298200514138817,0.598971722365039
1900,0.074487895716946,0.236499068901304,0.35195530726257,0.2756052141527,0.0614525139664805
1901,0.178300757877942,0.400877542879936,0.237335460710012,0.121659353809334,0.0618268847227762
1902,0.178300757877942,0.400877542879936,0.237335460710012,0.121659353809334,0.0618268847227762
1903,0.0434173669467787,0.169467787114846,0.427170868347339,0.331932773109244,0.0280112044817927
1904,0.0051413881748072,0.0359897172236504,0.0616966580976864,0.298200514138817,0.598971722365039
1905,0.074487895716946,0.236499068901304,0.35195530726257,0.2756052141527,0.0614525139664805
1906,0.0434173669467787,0.169467787114846,0.427170868347339,0.331932773109244,0.0280112044817927
1907,0.00625,0.03125,0.125,0.575,0.2625
1908,0.074487895716946,0.236499068901304,0.35195530726257,0.2756052141527,0.0614525139664805
1909,0.00307692307692308,0.00615384615384615,0.0153846153846154,0.203076923076923,0.772307692307692
1910,0.0434173669467787,0.169467787114846,0.427170868347339,0.331932773109244,0.0280112044817927
1911,0.625,0.288461538461538,0.0737179487179487,0.0128205128205128,0
1912,0.0434173669467787,0.169467787114846,0.427170868347339,0.331932773109244,0.0280112044817927
1913,0.00307692307692308,0.00615384615384615,0.0153846153846154,0.203076923076923,0.772307692307692
1914,0.625,0.288461538461538,0.0737179487179487,0.0128205128205128,0
1915,0.178300757877942,0.400877542879936,0.237335460710012,0.121659353809334,0.0618268847227762
1916,0.0051413881748072,0.0359897172236504,0.0616966580976864,0.298200514138817,0.598971722365039
1917,0.074487895716946,0.236499068901304,0.35195530726257,0.2756052141527,0.0614525139664805
1918,0.0100502512562814,0.0050251256281407,0.0100502512562814,0.0452261306532663,0.92964824120603
1919,0.178300757877942,0.400877542879936,0.237335460710012,0.121659353809334,0.0618268847227762
1920,0.074487895716946,0.236499068901304,0.35195530726257,0.2756052141527,0.0614525139664805
1921,0.0552268244575937,0.100591715976331,0.252465483234714,0.388560157790927,0.203155818540434
1922,0.00595238095238095,0.0595238095238095,0.297619047619048,0.470238095238095,0.166666666666667
1923,0.178300757877942,0.400877542879936,0.237335460710012,0.121659353809334,0.0618268847227762
1924,0.0434173669467787,0.169467787114846,0.427170868347339,0.331932773109244,0.0280112044817927
1925,0.0051413881748072,0.0359897172236504,0.0616966580976864,0.298200514138817,0.598971722365039
1926,0.0434173669467787,0.169467787114846,0.427170868347339,0.331932773109244,0.0280112044817927
1927,0.178300757877942,0.400877542879936,0.237335460710012,0.121659353809334,0.0618268847227762
1928,0.178300757877942,0.400877542879936,0.237335460710012,0.121659353809334,0.0618268847227762
1929,0.178300757877942,0.400877542879936,0.237335460710012,0.121659353809334,0.0618268847227762
1930,0.178300757877942,0.400877542879936,0.237335460710012,0.121659353809334,0.0618268847227762
1931,0.0434173669467787,0.169467787114846,0.427170868347339,0.331932773109244,0.0280112044817927
1932,0.178300757877942,0.400877542879936,0.237335460710012,0.121659353809334,0.0618268847227762
1933,0.178300757877942,0.400877542879936,0.237335460710012,0.121659353809334,0.0618268847227762
1934,0.0552268244575937,0.100591715976331,0.252465483234714,0.388560157790927,0.203155818540434
1935,0.0434173669467787,0.169467787114846,0.427170868347339,0.331932773109244,0.0280112044817927
1936,0.074487895716946,0.236499068901304,0.35195530726257,0.2756052141527,0.0614525139664805
1937,0.178300757877942,0.400877542879936,0.237335460710012,0.121659353809334,0.0618268847227762
1938,0.178300757877942,0.400877542879936,0.237335460710012,0.121659353809334,0.0618268847227762
1939,0.0552268244575937,0.100591715976331,0.252465483234714,0.388560157790927,0.203155818540434
1940,0.0434173669467787,0.169467787114846,0.427170868347339,0.331932773109244,0.0280112044817927
1941,0.178300757877942,0.400877542879936,0.237335460710012,0.121659353809334,0.0618268847227762
1942,0.0552268244575937,0.100591715976331,0.252465483234714,0.388560157790927,0.203155818540434
1943,0,0,0.122222222222222,0.722222222222222,0.155555555555556
1944,0.625,0.288461538461538,0.0737179487179487,0.0128205128205128,0
1945,0.625,0.288461538461538,0.0737179487179487,0.0128205128205128,0
1946,0.0434173669467787,0.169467787114846,0.427170868347339,0.331932773109244,0.0280112044817927
1947,0.178300757877942,0.400877542879936,0.237335460710012,0.121659353809334,0.0618268847227762
1948,0.178300757877942,0.400877542879936,0.237335460710012,0.121659353809334,0.0618268847227762
1949,0.178300757877942,0.400877542879936,0.237335460710012,0.121659353809334,0.0618268847227762
1950,0.178300757877942,0.400877542879936,0.237335460710012,0.121659353809334,0.0618268847227762
1951,0.0552268244575937,0.100591715976331,0.252465483234714,0.388560157790927,0.203155818540434
1952,0.0552268244575937,0.100591715976331,0.252465483234714,0.388560157790927,0.203155818540434
1953,0.178300757877942,0.400877542879936,0.237335460710012,0.121659353809334,0.0618268847227762
1954,0.0552268244575937,0.100591715976331,0.252465483234714,0.388560157790927,0.203155818540434
1955,0.178300757877942,0.400877542879936,0.237335460710012,0.121659353809334,0.0618268847227762
1956,0.0434173669467787,0.169467787114846,0.427170868347339,0.331932773109244,0.0280112044817927
1957,0.178300757877942,0.400877542879936,0.237335460710012,0.121659353809334,0.0618268847227762
1958,0.0100502512562814,0.0050251256281407,0.0100502512562814,0.0452261306532663,0.92964824120603
1959,0.178300757877942,0.400877542879936,0.237335460710012,0.121659353809334,0.0618268847227762
1960,0.0552268244575937,0.100591715976331,0.252465483234714,0.388560157790927,0.203155818540434
1961,0.178300757877942,0.400877542879936,0.237335460710012,0.121659353809334,0.0618268847227762
1962,0.178300757877942,0.400877542879936,0.237335460710012,0.121659353809334,0.0618268847227762
1963,0.0434173669467787,0.169467787114846,0.427170868347339,0.331932773109244,0.0280112044817927
1964,0.0552268244575937,0.100591715976331,0.252465483234714,0.388560157790927,0.203155818540434
1965,0.178300757877942,0.400877542879936,0.237335460710012,0.121659353809334,0.0618268847227762
1966,0.0051413881748072,0.0359897172236504,0.0616966580976864,0.298200514138817,0.598971722365039
1967,0.00595238095238095,0.0595238095238095,0.297619047619048,0.470238095238095,0.166666666666667
1968,0.178300757877942,0.400877542879936,0.237335460710012,0.121659353809334,0.0618268847227762
1969,0.178300757877942,0.400877542879936,0.237335460710012,0.121659353809334,0.0618268847227762
1970,0.178300757877942,0.400877542879936,0.237335460710012,0.121659353809334,0.0618268847227762
1971,0.178300757877942,0.400877542879936,0.237335460710012,0.121659353809334,0.0618268847227762
1972,0.074487895716946,0.236499068901304,0.35195530726257,0.2756052141527,0.0614525139664805
1973,0.00307692307692308,0.00615384615384615,0.0153846153846154,0.203076923076923,0.772307692307692
1974,0.178300757877942,0.400877542879936,0.237335460710012,0.121659353809334,0.0618268847227762
1975,0.178300757877942,0.400877542879936,0.237335460710012,0.121659353809334,0.0618268847227762
1976,0.178300757877942,0.400877542879936,0.237335460710012,0.121659353809334,0.0618268847227762
1977,0.178300757877942,0.400877542879936,0.237335460710012,0.121659353809334,0.0618268847227762
1978,0.0434173669467787,0.169467787114846,0.427170868347339,0.331932773109244,0.0280112044817927
1979,0.0434173669467787,0.169467787114846,0.427170868347339,0.331932773109244,0.0280112044817927
1980,0.00307692307692308,0.00615384615384615,0.0153846153846154,0.203076923076923,0.772307692307692
1981,0.178300757877942,0.400877542879936,0.237335460710012,0.121659353809334,0.0618268847227762
1982,0.178300757877942,0.400877542879936,0.237335460710012,0.121659353809334,0.0618268847227762
1983,0.0100502512562814,0.0050251256281407,0.0100502512562814,0.0452261306532663,0.92964824120603
1984,0.178300757877942,0.400877542879936,0.237335460710012,0.121659353809334,0.0618268847227762
1985,0.178300757877942,0.400877542879936,0.237335460710012,0.121659353809334,0.0618268847227762
1986,0.178300757877942,0.400877542879936,0.237335460710012,0.121659353809334,0.0618268847227762
1987,0.178300757877942,0.400877542879936,0.237335460710012,0.121659353809334,0.0618268847227762
1988,0.00307692307692308,0.00615384615384615,0.0153846153846154,0.203076923076923,0.772307692307692
1989,0.178300757877942,0.400877542879936,0.237335460710012,0.121659353809334,0.0618268847227762
1990,0.00307692307692308,0.00615384615384615,0.0153846153846154,0.203076923076923,0.772307692307692
1991,0,0,0.122222222222222,0.722222222222222,0.155555555555556
1992,0.0100502512562814,0.0050251256281407,0.0100502512562814,0.0452261306532663,0.92964824120603
1993,0.0434173669467787,0.169467787114846,0.427170868347339,0.331932773109244,0.0280112044817927
1994,0.178300757877942,0.400877542879936,0.237335460710012,0.121659353809334,0.0618268847227762
1995,0.0552268244575937,0.100591715976331,0.252465483234714,0.388560157790927,0.203155818540434
1996,0.178300757877942,0.400877542879936,0.237335460710012,0.121659353809334,0.0618268847227762
1997,0.178300757877942,0.400877542879936,0.237335460710012,0.121659353809334,0.0618268847227762
1998,0.0434173669467787,0.169467787114846,0.427170868347339,0.331932773109244,0.0280112044817927
1999,0.178300757877942,0.400877542879936,0.237335460710012,0.121659353809334,0.0618268847227762
2000,0.0552268244575937,0.100591715976331,0.252465483234714,0.388560157790927,0.203155818540434
2001,0.178300757877942,0.400877542879936,0.237335460710012,0.121659353809334,0.0618268847227762
2002,0.178300757877942,0.400877542879936,0.237335460710012,0.121659353809334,0.0618268847227762
2003,0.00595238095238095,0.0595238095238095,0.297619047619048,0.470238095238095,0.166666666666667
2004,0.00307692307692308,0.00615384615384615,0.0153846153846154,0.203076923076923,0.772307692307692
2005,0.178300757877942,0.400877542879936,0.237335460710012,0.121659353809334,0.0618268847227762
2006,0.178300757877942,0.400877542879936,0.237335460710012,0.121659353809334,0.0618268847227762
2007,0.0051413881748072,0.0359897172236504,0.0616966580976864,0.298200514138817,0.598971722365039
2008,0.178300757877942,0.400877542879936,0.237335460710012,0.121659353809334,0.0618268847227762
2009,0.00307692307692308,0.00615384615384615,0.0153846153846154,0.203076923076923,0.772307692307692
2010,0.625,0.288461538461538,0.0737179487179487,0.0128205128205128,0
2011,0.0434173669467787,0.169467787114846,0.427170868347339,0.331932773109244,0.0280112044817927
2012,0.178300757877942,0.400877542879936,0.237335460710012,0.121659353809334,0.0618268847227762
2013,0.0051413881748072,0.0359897172236504,0.0616966580976864,0.298200514138817,0.598971722365039
2014,0.00625,0.03125,0.125,0.575,0.2625
2015,0.0434173669467787,0.169467787114846,0.427170868347339,0.331932773109244,0.0280112044817927
2016,0.074487895716946,0.236499068901304,0.35195530726257,0.2756052141527,0.0614525139664805
2017,0.00625,0.03125,0.125,0.575,0.2625
2018,0.0051413881748072,0.0359897172236504,0.0616966580976864,0.298200514138817,0.598971722365039
2019,0.00307692307692308,0.00615384615384615,0.0153846153846154,0.203076923076923,0.772307692307692
2020,0.0552268244575937,0.100591715976331,0.252465483234714,0.388560157790927,0.203155818540434
2021,0.0051413881748072,0.0359897172236504,0.0616966580976864,0.298200514138817,0.598971722365039
2022,0.178300757877942,0.400877542879936,0.237335460710012,0.121659353809334,0.0618268847227762
2023,0.0552268244575937,0.100591715976331,0.252465483234714,0.388560157790927,0.203155818540434
2024,0.178300757877942,0.400877542879936,0.237335460710012,0.121659353809334,0.0618268847227762
2025,0.0100502512562814,0.0050251256281407,0.0100502512562814,0.0452261306532663,0.92964824120603
2026,0.0100502512562814,0.0050251256281407,0.0100502512562814,0.0452261306532663,0.92964824120603
2027,0.00595238095238095,0.0595238095238095,0.297619047619048,0.470238095238095,0.166666666666667
2028,0.178300757877942,0.400877542879936,0.237335460710012,0.121659353809334,0.0618268847227762
2029,0.00307692307692308,0.00615384615384615,0.0153846153846154,0.203076923076923,0.772307692307692
2030,0.00625,0.03125,0.125,0.575,0.2625
2031,0.178300757877942,0.400877542879936,0.237335460710012,0.121659353809334,0.0618268847227762
2032,0.178300757877942,0.400877542879936,0.237335460710012,0.121659353809334,0.0618268847227762
2033,0.178300757877942,0.400877542879936,0.237335460710012,0.121659353809334,0.0618268847227762
2034,0,0,0.122222222222222,0.722222222222222,0.155555555555556
2035,0.178300757877942,0.400877542879936,0.237335460710012,0.121659353809334,0.0618268847227762
2036,0.625,0.288461538461538,0.0737179487179487,0.0128205128205128,0
2037,0.178300757877942,0.400877542879936,0.237335460710012,0.121659353809334,0.0618268847227762
2038,0.178300757877942,0.400877542879936,0.237335460710012,0.121659353809334,0.0618268847227762
2039,0.00595238095238095,0.0595238095238095,0.297619047619048,0.470238095238095,0.166666666666667
2040,0.178300757877942,0.400877542879936,0.237335460710012,0.121659353809334,0.0618268847227762
2041,0.00595238095238095,0.0595238095238095,0.297619047619048,0.470238095238095,0.166666666666667
2042,0.625,0.288461538461538,0.0737179487179487,0.0128205128205128,0
2043,0.0552268244575937,0.100591715976331,0.252465483234714,0.388560157790927,0.203155818540434
2044,0.625,0.288461538461538,0.0737179487179487,0.0128205128205128,0
2045,0.178300757877942,0.400877542879936,0.237335460710012,0.121659353809334,0.0618268847227762
2046,0.0434173669467787,0.169467787114846,0.427170868347339,0.331932773109244,0.0280112044817927
2047,0.00307692307692308,0.00615384615384615,0.0153846153846154,0.203076923076923,0.772307692307692
2048,0.074487895716946,0.236499068901304,0.35195530726257,0.2756052141527,0.0614525139664805
2049,0.178300757877942,0.400877542879936,0.237335460710012,0.121659353809334,0.0618268847227762
2050,0.178300757877942,0.400877542879936,0.237335460710012,0.121659353809334,0.0618268847227762
2051,0.00625,0.03125,0.125,0.575,0.2625
2052,0,0,0.122222222222222,0.722222222222222,0.155555555555556
2053,0.178300757877942,0.400877542879936,0.237335460710012,0.121659353809334,0.0618268847227762
2054,0.00307692307692308,0.00615384615384615,0.0153846153846154,0.203076923076923,0.772307692307692
2055,0.178300757877942,0.400877542879936,0.237335460710012,0.121659353809334,0.0618268847227762
2056,0.0051413881748072,0.0359897172236504,0.0616966580976864,0.298200514138817,0.598971722365039
2057,0.0552268244575937,0.100591715976331,0.252465483234714,0.388560157790927,0.203155818540434
2058,0.0552268244575937,0.100591715976331,0.252465483234714,0.388560157790927,0.203155818540434
2059,0.00307692307692308,0.00615384615384615,0.0153846153846154,0.203076923076923,0.772307692307692
2060,0.00307692307692308,0.00615384615384615,0.0153846153846154,0.203076923076923,0.772307692307692
2061,0.074487895716946,0.236499068901304,0.35195530726257,0.2756052141527,0.0614525139664805
2062,0.074487895716946,0.236499068901304,0.35195530726257,0.2756052141527,0.0614525139664805
2063,0.178300757877942,0.400877542879936,0.237335460710012,0.121659353809334,0.0618268847227762
2064,0.074487895716946,0.236499068901304,0.35195530726257,0.2756052141527,0.0614525139664805
2065,0.0434173669467787,0.169467787114846,0.427170868347339,0.331932773109244,0.0280112044817927
2066,0.0100502512562814,0.0050251256281407,0.0100502512562814,0.0452261306532663,0.92964824120603
2067,0.00307692307692308,0.00615384615384615,0.0153846153846154,0.203076923076923,0.772307692307692
2068,0.0434173669467787,0.169467787114846,0.427170868347339,0.331932773109244,0.0280112044817927
2069,0.0051413881748072,0.0359897172236504,0.0616966580976864,0.298200514138817,0.598971722365039
2070,0.178300757877942,0.400877542879936,0.237335460710012,0.121659353809334,0.0618268847227762
2071,0.178300757877942,0.400877542879936,0.237335460710012,0.121659353809334,0.0618268847227762
2072,0.625,0.288461538461538,0.0737179487179487,0.0128205128205128,0
2073,0.0100502512562814,0.0050251256281407,0.0100502512562814,0.0452261306532663,0.92964824120603
2074,0.0051413881748072,0.0359897172236504,0.0616966580976864,0.298200514138817,0.598971722365039
2075,0.0434173669467787,0.169467787114846,0.427170868347339,0.331932773109244,0.0280112044817927
2076,0,0,0.122222222222222,0.722222222222222,0.155555555555556
2077,0.0051413881748072,0.0359897172236504,0.0616966580976864,0.298200514138817,0.598971722365039
2078,0.178300757877942,0.400877542879936,0.237335460710012,0.121659353809334,0.0618268847227762
2079,0.074487895716946,0.236499068901304,0.35195530726257,0.2756052141527,0.0614525139664805
2080,0.0100502512562814,0.0050251256281407,0.0100502512562814,0.0452261306532663,0.92964824120603
2081,0.0434173669467787,0.169467787114846,0.427170868347339,0.331932773109244,0.0280112044817927
2082,0.0552268244575937,0.100591715976331,0.252465483234714,0.388560157790927,0.203155818540434
2083,0.178300757877942,0.400877542879936,0.237335460710012,0.121659353809334,0.0618268847227762
2084,0.178300757877942,0.400877542879936,0.237335460710012,0.121659353809334,0.0618268847227762
2085,0.0552268244575937,0.100591715976331,0.252465483234714,0.388560157790927,0.203155818540434
2086,0.0051413881748072,0.0359897172236504,0.0616966580976864,0.298200514138817,0.598971722365039
2087,0.00595238095238095,0.0595238095238095,0.297619047619048,0.470238095238095,0.166666666666667
2088,0.178300757877942,0.400877542879936,0.237335460710012,0.121659353809334,0.0618268847227762
2089,0.178300757877942,0.400877542879936,0.237335460710012,0.121659353809334,0.0618268847227762
2090,0.178300757877942,0.400877542879936,0.237335460710012,0.121659353809334,0.0618268847227762
2091,0.00625,0.03125,0.125,0.575,0.2625
2092,0.0552268244575937,0.100591715976331,0.252465483234714,0.388560157790927,0.203155818540434
2093,0.0552268244575937,0.100591715976331,0.252465483234714,0.388560157790927,0.203155818540434
2094,0.178300757877942,0.400877542879936,0.237335460710012,0.121659353809334,0.0618268847227762
2095,0.0434173669467787,0.169467787114846,0.427170868347339,0.331932773109244,0.0280112044817927
2096,0.178300757877942,0.400877542879936,0.237335460710012,0.121659353809334,0.0618268847227762
2097,0.178300757877942,0.400877542879936,0.237335460710012,0.121659353809334,0.0618268847227762
2098,0,0,0.122222222222222,0.722222222222222,0.155555555555556
2099,0.00595238095238095,0.0595238095238095,0.297619047619048,0.470238095238095,0.166666666666667
2100,0.00595238095238095,0.0595238095238095,0.297619047619048,0.470238095238095,0.166666666666667
2101,0,0,0.122222222222222,0.722222222222222,0.155555555555556
2102,0.178300757877942,0.400877542879936,0.237335460710012,0.121659353809334,0.0618268847227762
2103,0.0552268244575937,0.100591715976331,0.252465483234714,0.388560157790927,0.203155818540434
2104,0.178300757877942,0.400877542879936,0.237335460710012,0.121659353809334,0.0618268847227762
2105,0,0,0.122222222222222,0.722222222222222,0.155555555555556
2106,0.625,0.288461538461538,0.0737179487179487,0.0128205128205128,0
2107,0.178300757877942,0.400877542879936,0.237335460710012,0.121659353809334,0.0618268847227762
2108,0.178300757877942,0.400877542879936,0.237335460710012,0.121659353809334,0.0618268847227762
2109,0.0100502512562814,0.0050251256281407,0.0100502512562814,0.0452261306532663,0.92964824120603
2110,0.178300757877942,0.400877542879936,0.237335460710012,0.121659353809334,0.0618268847227762
2111,0.178300757877942,0.400877542879936,0.237335460710012,0.121659353809334,0.0618268847227762
2112,0,0,0.122222222222222,0.722222222222222,0.155555555555556
2113,0.178300757877942,0.400877542879936,0.237335460710012,0.121659353809334,0.0618268847227762
2114,0.0434173669467787,0.169467787114846,0.427170868347339,0.331932773109244,0.0280112044817927
2115,0.178300757877942,0.400877542879936,0.237335460710012,0.121659353809334,0.0618268847227762
2116,0.625,0.288461538461538,0.0737179487179487,0.0128205128205128,0
2117,0.625,0.288461538461538,0.0737179487179487,0.0128205128205128,0
2118,0.625,0.288461538461538,0.0737179487179487,0.0128205128205128,0
2119,0.0434173669467787,0.169467787114846,0.427170868347339,0.331932773109244,0.0280112044817927
2120,0.0552268244575937,0.100591715976331,0.252465483234714,0.388560157790927,0.203155818540434
2121,0.00307692307692308,0.00615384615384615,0.0153846153846154,0.203076923076923,0.772307692307692
2122,0.178300757877942,0.400877542879936,0.237335460710012,0.121659353809334,0.0618268847227762
2123,0.0434173669467787,0.169467787114846,0.427170868347339,0.331932773109244,0.0280112044817927
2124,0.0552268244575937,0.100591715976331,0.252465483234714,0.388560157790927,0.203155818540434
2125,0.0051413881748072,0.0359897172236504,0.0616966580976864,0.298200514138817,0.598971722365039
2126,0.0434173669467787,0.169467787114846,0.427170868347339,0.331932773109244,0.0280112044817927
2127,0,0,0.122222222222222,0.722222222222222,0.155555555555556
2128,0.0552268244575937,0.100591715976331,0.252465483234714,0.388560157790927,0.203155818540434
2129,0.00625,0.03125,0.125,0.575,0.2625
2130,0.178300757877942,0.400877542879936,0.237335460710012,0.121659353809334,0.0618268847227762
2131,0.0434173669467787,0.169467787114846,0.427170868347339,0.331932773109244,0.0280112044817927
2132,0.178300757877942,0.400877542879936,0.237335460710012,0.121659353809334,0.0618268847227762
2133,0.00595238095238095,0.0595238095238095,0.297619047619048,0.470238095238095,0.166666666666667
2134,0.178300757877942,0.400877542879936,0.237335460710012,0.121659353809334,0.0618268847227762
2135,0.178300757877942,0.400877542879936,0.237335460710012,0.121659353809334,0.0618268847227762
2136,0.0100502512562814,0.0050251256281407,0.0100502512562814,0.0452261306532663,0.92964824120603
2137,0.178300757877942,0.400877542879936,0.237335460710012,0.121659353809334,0.0618268847227762
2138,0.074487895716946,0.236499068901304,0.35195530726257,0.2756052141527,0.0614525139664805
2139,0.178300757877942,0.400877542879936,0.237335460710012,0.121659353809334,0.0618268847227762
2140,0.178300757877942,0.400877542879936,0.237335460710012,0.121659353809334,0.0618268847227762
2141,0.178300757877942,0.400877542879936,0.237335460710012,0.121659353809334,0.0618268847227762
2142,0.0434173669467787,0.169467787114846,0.427170868347339,0.331932773109244,0.0280112044817927
2143,0.00307692307692308,0.00615384615384615,0.0153846153846154,0.203076923076923,0.772307692307692
2144,0.074487895716946,0.236499068901304,0.35195530726257,0.2756052141527,0.0614525139664805
2145,0.0051413881748072,0.0359897172236504,0.0616966580976864,0.298200514138817,0.598971722365039
2146,0.0552268244575937,0.100591715976331,0.252465483234714,0.388560157790927,0.203155818540434
2147,0.0434173669467787,0.169467787114846,0.427170868347339,0.331932773109244,0.0280112044817927
2148,0.178300757877942,0.400877542879936,0.237335460710012,0.121659353809334,0.0618268847227762
2149,0.074487895716946,0.236499068901304,0.35195530726257,0.2756052141527,0.0614525139664805
2150,0.178300757877942,0.400877542879936,0.237335460710012,0.121659353809334,0.0618268847227762
2151,0.178300757877942,0.400877542879936,0.237335460710012,0.121659353809334,0.0618268847227762
2152,0.00307692307692308,0.00615384615384615,0.0153846153846154,0.203076923076923,0.772307692307692
2153,0.178300757877942,0.400877542879936,0.237335460710012,0.121659353809334,0.0618268847227762
2154,0.178300757877942,0.400877542879936,0.237335460710012,0.121659353809334,0.0618268847227762
2155,0.178300757877942,0.400877542879936,0.237335460710012,0.121659353809334,0.0618268847227762
2156,0.074487895716946,0.236499068901304,0.35195530726257,0.2756052141527,0.0614525139664805
2157,0.178300757877942,0.400877542879936,0.237335460710012,0.121659353809334,0.0618268847227762
2158,0.0100502512562814,0.0050251256281407,0.0100502512562814,0.0452261306532663,0.92964824120603
2159,0.074487895716946,0.236499068901304,0.35195530726257,0.2756052141527,0.0614525139664805
2160,0.074487895716946,0.236499068901304,0.35195530726257,0.2756052141527,0.0614525139664805
2161,0.00307692307692308,0.00615384615384615,0.0153846153846154,0.203076923076923,0.772307692307692
2162,0.00625,0.03125,0.125,0.575,0.2625
2163,0.178300757877942,0.400877542879936,0.237335460710012,0.121659353809334,0.0618268847227762
2164,0.074487895716946,0.236499068901304,0.35195530726257,0.2756052141527,0.0614525139664805
2165,0,0,0.122222222222222,0.722222222222222,0.155555555555556
2166,0.178300757877942,0.400877542879936,0.237335460710012,0.121659353809334,0.0618268847227762
2167,0.0552268244575937,0.100591715976331,0.252465483234714,0.388560157790927,0.203155818540434
2168,0.0434173669467787,0.169467787114846,0.427170868347339,0.331932773109244,0.0280112044817927
2169,0.625,0.288461538461538,0.0737179487179487,0.0128205128205128,0
2170,0.625,0.288461538461538,0.0737179487179487,0.0128205128205128,0
2171,0,0,0.122222222222222,0.722222222222222,0.155555555555556
2172,0.0051413881748072,0.0359897172236504,0.0616966580976864,0.298200514138817,0.598971722365039
2173,0.0552268244575937,0.100591715976331,0.252465483234714,0.388560157790927,0.203155818540434
2174,0.178300757877942,0.400877542879936,0.237335460710012,0.121659353809334,0.0618268847227762
2175,0.178300757877942,0.400877542879936,0.237335460710012,0.121659353809334,0.0618268847227762
2176,0.00595238095238095,0.0595238095238095,0.297619047619048,0.470238095238095,0.166666666666667
2177,0.178300757877942,0.400877542879936,0.237335460710012,0.121659353809334,0.0618268847227762
2178,0.0552268244575937,0.100591715976331,0.252465483234714,0.388560157790927,0.203155818540434
2179,0.178300757877942,0.400877542879936,0.237335460710012,0.121659353809334,0.0618268847227762
2180,0.178300757877942,0.400877542879936,0.237335460710012,0.121659353809334,0.0618268847227762
2181,0,0,0.122222222222222,0.722222222222222,0.155555555555556
2182,0.074487895716946,0.236499068901304,0.35195530726257,0.2756052141527,0.0614525139664805
2183,0.0434173669467787,0.169467787114846,0.427170868347339,0.331932773109244,0.0280112044817927
2184,0.178300757877942,0.400877542879936,0.237335460710012,0.121659353809334,0.0618268847227762
2185,0.178300757877942,0.400877542879936,0.237335460710012,0.121659353809334,0.0618268847227762
2186,0.074487895716946,0.236499068901304,0.35195530726257,0.2756052141527,0.0614525139664805
2187,0.0434173669467787,0.169467787114846,0.427170868347339,0.331932773109244,0.0280112044817927
2188,0,0,0.122222222222222,0.722222222222222,0.155555555555556
2189,0.178300757877942,0.400877542879936,0.237335460710012,0.121659353809334,0.0618268847227762
2190,0.0434173669467787,0.169467787114846,0.427170868347339,0.331932773109244,0.0280112044817927
2191,0.0434173669467787,0.169467787114846,0.427170868347339,0.331932773109244,0.0280112044817927
2192,0.178300757877942,0.400877542879936,0.237335460710012,0.121659353809334,0.0618268847227762
2193,0.074487895716946,0.236499068901304,0.35195530726257,0.2756052141527,0.0614525139664805
2194,0.178300757877942,0.400877542879936,0.237335460710012,0.121659353809334,0.0618268847227762
2195,0.178300757877942,0.400877542879936,0.237335460710012,0.121659353809334,0.0618268847227762
2196,0.178300757877942,0.400877542879936,0.237335460710012,0.121659353809334,0.0618268847227762
2197,0.074487895716946,0.236499068901304,0.35195530726257,0.2756052141527,0.0614525139664805
2198,0.00595238095238095,0.0595238095238095,0.297619047619048,0.470238095238095,0.166666666666667
2199,0.0434173669467787,0.169467787114846,0.427170868347339,0.331932773109244,0.0280112044817927
2200,0.178300757877942,0.400877542879936,0.237335460710012,0.121659353809334,0.0618268847227762
2201,0.178300757877942,0.400877542879936,0.237335460710012,0.121659353809334,0.0618268847227762
2202,0.00595238095238095,0.0595238095238095,0.297619047619048,0.470238095238095,0.166666666666667
2203,0.178300757877942,0.400877542879936,0.237335460710012,0.121659353809334,0.0618268847227762
2204,0.178300757877942,0.400877542879936,0.237335460710012,0.121659353809334,0.0618268847227762
2205,0.00595238095238095,0.0595238095238095,0.297619047619048,0.470238095238095,0.166666666666667
2206,0.178300757877942,0.400877542879936,0.237335460710012,0.121659353809334,0.0618268847227762
2207,0.0051413881748072,0.0359897172236504,0.0616966580976864,0.298200514138817,0.598971722365039
2208,0.0434173669467787,0.169467787114846,0.427170868347339,0.331932773109244,0.0280112044817927
2209,0.178300757877942,0.400877542879936,0.237335460710012,0.121659353809334,0.0618268847227762
2210,0.0051413881748072,0.0359897172236504,0.0616966580976864,0.298200514138817,0.598971722365039
2211,0.178300757877942,0.400877542879936,0.237335460710012,0.121659353809334,0.0618268847227762
2212,0.074487895716946,0.236499068901304,0.35195530726257,0.2756052141527,0.0614525139664805
2213,0.625,0.288461538461538,0.0737179487179487,0.0128205128205128,0
2214,0.074487895716946,0.236499068901304,0.35195530726257,0.2756052141527,0.0614525139664805
2215,0.0434173669467787,0.169467787114846,0.427170868347339,0.331932773109244,0.0280112044817927
2216,0.178300757877942,0.400877542879936,0.237335460710012,0.121659353809334,0.0618268847227762
2217,0.178300757877942,0.400877542879936,0.237335460710012,0.121659353809334,0.0618268847227762
2218,0.00307692307692308,0.00615384615384615,0.0153846153846154,0.203076923076923,0.772307692307692
2219,0.178300757877942,0.400877542879936,0.237335460710012,0.121659353809334,0.0618268847227762
2220,0.0552268244575937,0.100591715976331,0.252465483234714,0.388560157790927,0.203155818540434
2221,0.178300757877942,0.400877542879936,0.237335460710012,0.121659353809334,0.0618268847227762
2222,0.178300757877942,0.400877542879936,0.237335460710012,0.121659353809334,0.0618268847227762
2223,0.178300757877942,0.400877542879936,0.237335460710012,0.121659353809334,0.0618268847227762
2224,0.0434173669467787,0.169467787114846,0.427170868347339,0.331932773109244,0.0280112044817927
2225,0.00625,0.03125,0.125,0.575,0.2625
2226,0.074487895716946,0.236499068901304,0.35195530726257,0.2756052141527,0.0614525139664805
2227,0.625,0.288461538461538,0.0737179487179487,0.0128205128205128,0
2228,0.178300757877942,0.400877542879936,0.237335460710012,0.121659353809334,0.0618268847227762
2229,0.178300757877942,0.400877542879936,0.237335460710012,0.121659353809334,0.0618268847227762
2230,0.074487895716946,0.236499068901304,0.35195530726257,0.2756052141527,0.0614525139664805
2231,0.00625,0.03125,0.125,0.575,0.2625
2232,0.0552268244575937,0.100591715976331,0.252465483234714,0.388560157790927,0.203155818540434
2233,0.178300757877942,0.400877542879936,0.237335460710012,0.121659353809334,0.0618268847227762
2234,0.178300757877942,0.400877542879936,0.237335460710012,0.121659353809334,0.0618268847227762
2235,0.0434173669467787,0.169467787114846,0.427170868347339,0.331932773109244,0.0280112044817927
2236,0.178300757877942,0.400877542879936,0.237335460710012,0.121659353809334,0.0618268847227762
2237,0,0,0.122222222222222,0.722222222222222,0.155555555555556
2238,0.178300757877942,0.400877542879936,0.237335460710012,0.121659353809334,0.0618268847227762
2239,0.178300757877942,0.400877542879936,0.237335460710012,0.121659353809334,0.0618268847227762
2240,0.178300757877942,0.400877542879936,0.237335460710012,0.121659353809334,0.0618268847227762
2241,0.0100502512562814,0.0050251256281407,0.0100502512562814,0.0452261306532663,0.92964824120603
2242,0.178300757877942,0.400877542879936,0.237335460710012,0.121659353809334,0.0618268847227762
2243,0.0552268244575937,0.100591715976331,0.252465483234714,0.388560157790927,0.203155818540434
2244,0.178300757877942,0.400877542879936,0.237335460710012,0.121659353809334,0.0618268847227762
2245,0.178300757877942,0.400877542879936,0.237335460710012,0.121659353809334,0.0618268847227762
2246,0.178300757877942,0.400877542879936,0.237335460710012,0.121659353809334,0.0618268847227762
2247,0.0552268244575937,0.100591715976331,0.252465483234714,0.388560157790927,0.203155818540434
2248,0.0100502512562814,0.0050251256281407,0.0100502512562814,0.0452261306532663,0.92964824120603
2249,0.0434173669467787,0.169467787114846,0.427170868347339,0.331932773109244,0.0280112044817927
2250,0.0434173669467787,0.169467787114846,0.427170868347339,0.331932773109244,0.0280112044817927
2251,0.178300757877942,0.400877542879936,0.237335460710012,0.121659353809334,0.0618268847227762
2252,0.00595238095238095,0.0595238095238095,0.297619047619048,0.470238095238095,0.166666666666667
2253,0.0051413881748072,0.0359897172236504,0.0616966580976864,0.298200514138817,0.598971722365039
2254,0.0552268244575937,0.100591715976331,0.252465483234714,0.388560157790927,0.203155818540434
2255,0.0434173669467787,0.169467787114846,0.427170868347339,0.331932773109244,0.0280112044817927
2256,0.178300757877942,0.400877542879936,0.237335460710012,0.121659353809334,0.0618268847227762
2257,0.178300757877942,0.400877542879936,0.237335460710012,0.121659353809334,0.0618268847227762
2258,0.178300757877942,0.400877542879936,0.237335460710012,0.121659353809334,0.0618268847227762
2259,0.074487895716946,0.236499068901304,0.35195530726257,0.2756052141527,0.0614525139664805
2260,0.178300757877942,0.400877542879936,0.237335460710012,0.121659353809334,0.0618268847227762
2261,0.178300757877942,0.400877542879936,0.237335460710012,0.121659353809334,0.0618268847227762
2262,0.178300757877942,0.400877542879936,0.237335460710012,0.121659353809334,0.0618268847227762
2263,0.00307692307692308,0.00615384615384615,0.0153846153846154,0.203076923076923,0.772307692307692
2264,0.0552268244575937,0.100591715976331,0.252465483234714,0.388560157790927,0.203155818540434
2265,0.0434173669467787,0.169467787114846,0.427170868347339,0.331932773109244,0.0280112044817927
2266,0.00595238095238095,0.0595238095238095,0.297619047619048,0.470238095238095,0.166666666666667
2267,0.178300757877942,0.400877542879936,0.237335460710012,0.121659353809334,0.0618268847227762
2268,0.178300757877942,0.400877542879936,0.237335460710012,0.121659353809334,0.0618268847227762
2269,0.0100502512562814,0.0050251256281407,0.0100502512562814,0.0452261306532663,0.92964824120603
2270,0.178300757877942,0.400877542879936,0.237335460710012,0.121659353809334,0.0618268847227762
2271,0.0552268244575937,0.100591715976331,0.252465483234714,0.388560157790927,0.203155818540434
2272,0.178300757877942,0.400877542879936,0.237335460710012,0.121659353809334,0.0618268847227762
2273,0,0,0.122222222222222,0.722222222222222,0.155555555555556
2274,0.178300757877942,0.400877542879936,0.237335460710012,0.121659353809334,0.0618268847227762
2275,0.178300757877942,0.400877542879936,0.237335460710012,0.121659353809334,0.0618268847227762
2276,0.178300757877942,0.400877542879936,0.237335460710012,0.121659353809334,0.0618268847227762
2277,0.0051413881748072,0.0359897172236504,0.0616966580976864,0.298200514138817,0.598971722365039
2278,0.178300757877942,0.400877542879936,0.237335460710012,0.121659353809334,0.0618268847227762
2279,0.625,0.288461538461538,0.0737179487179487,0.0128205128205128,0
2280,0.0051413881748072,0.0359897172236504,0.0616966580976864,0.298200514138817,0.598971722365039
2281,0.0552268244575937,0.100591715976331,0.252465483234714,0.388560157790927,0.203155818540434
2282,0.0434173669467787,0.169467787114846,0.427170868347339,0.331932773109244,0.0280112044817927
2283,0.178300757877942,0.400877542879936,0.237335460710012,0.121659353809334,0.0618268847227762
2284,0.074487895716946,0.236499068901304,0.35195530726257,0.2756052141527,0.0614525139664805
2285,0.178300757877942,0.400877542879936,0.237335460710012,0.121659353809334,0.0618268847227762
2286,0.0434173669467787,0.169467787114846,0.427170868347339,0.331932773109244,0.0280112044817927
2287,0.0051413881748072,0.0359897172236504,0.0616966580976864,0.298200514138817,0.598971722365039
2288,0.00625,0.03125,0.125,0.575,0.2625
2289,0.00595238095238095,0.0595238095238095,0.297619047619048,0.470238095238095,0.166666666666667
2290,0.178300757877942,0.400877542879936,0.237335460710012,0.121659353809334,0.0618268847227762
2291,0.074487895716946,0.236499068901304,0.35195530726257,0.2756052141527,0.0614525139664805
2292,0.0434173669467787,0.169467787114846,0.427170868347339,0.331932773109244,0.0280112044817927
2293,0.0552268244575937,0.100591715976331,0.252465483234714,0.388560157790927,0.203155818540434
2294,0.178300757877942,0.400877542879936,0.237335460710012,0.121659353809334,0.0618268847227762
2295,0.0552268244575937,0.100591715976331,0.252465483234714,0.388560157790927,0.203155818540434
2296,0.178300757877942,0.400877542879936,0.237335460710012,0.121659353809334,0.0618268847227762
2297,0.00595238095238095,0.0595238095238095,0.297619047619048,0.470238095238095,0.166666666666667
2298,0.625,0.288461538461538,0.0737179487179487,0.0128205128205128,0
2299,0.074487895716946,0.236499068901304,0.35195530726257,0.2756052141527,0.0614525139664805
2300,0.0552268244575937,0.100591715976331,0.252465483234714,0.388560157790927,0.203155818540434
2301,0.178300757877942,0.400877542879936,0.237335460710012,0.121659353809334,0.0618268847227762
2302,0.178300757877942,0.400877542879936,0.237335460710012,0.121659353809334,0.0618268847227762
2303,0,0,0.122222222222222,0.722222222222222,0.155555555555556
2304,0.0434173669467787,0.169467787114846,0.427170868347339,0.331932773109244,0.0280112044817927
2305,0.0100502512562814,0.0050251256281407,0.0100502512562814,0.0452261306532663,0.92964824120603
2306,0.0051413881748072,0.0359897172236504,0.0616966580976864,0.298200514138817,0.598971722365039
2307,0.178300757877942,0.400877542879936,0.237335460710012,0.121659353809334,0.0618268847227762
2308,0.0552268244575937,0.100591715976331,0.252465483234714,0.388560157790927,0.203155818540434
2309,0.074487895716946,0.236499068901304,0.35195530726257,0.2756052141527,0.0614525139664805
2310,0.178300757877942,0.400877542879936,0.237335460710012,0.121659353809334,0.0618268847227762
2311,0,0,0.122222222222222,0.722222222222222,0.155555555555556
2312,0.178300757877942,0.400877542879936,0.237335460710012,0.121659353809334,0.0618268847227762
2313,0.0552268244575937,0.100591715976331,0.252465483234714,0.388560157790927,0.203155818540434
2314,0.178300757877942,0.400877542879936,0.237335460710012,0.121659353809334,0.0618268847227762
2315,0.0100502512562814,0.0050251256281407,0.0100502512562814,0.0452261306532663,0.92964824120603
2316,0.178300757877942,0.400877542879936,0.237335460710012,0.121659353809334,0.0618268847227762
2317,0.178300757877942,0.400877542879936,0.237335460710012,0.121659353809334,0.0618268847227762
2318,0.0434173669467787,0.169467787114846,0.427170868347339,0.331932773109244,0.0280112044817927
2319,0.178300757877942,0.400877542879936,0.237335460710012,0.121659353809334,0.0618268847227762
2320,0.00625,0.03125,0.125,0.575,0.2625
2321,0.178300757877942,0.400877542879936,0.237335460710012,0.121659353809334,0.0618268847227762
2322,0.0434173669467787,0.169467787114846,0.427170868347339,0.331932773109244,0.0280112044817927
2323,0.00625,0.03125,0.125,0.575,0.2625
2324,0.625,0.288461538461538,0.0737179487179487,0.0128205128205128,0
2325,0.00625,0.03125,0.125,0.575,0.2625
2326,0.074487895716946,0.236499068901304,0.35195530726257,0.2756052141527,0.0614525139664805
2327,0.0051413881748072,0.0359897172236504,0.0616966580976864,0.298200514138817,0.598971722365039
2328,0.178300757877942,0.400877542879936,0.237335460710012,0.121659353809334,0.0618268847227762
2329,0.0434173669467787,0.169467787114846,0.427170868347339,0.331932773109244,0.0280112044817927
2330,0.0434173669467787,0.169467787114846,0.427170868347339,0.331932773109244,0.0280112044817927
2331,0.178300757877942,0.400877542879936,0.237335460710012,0.121659353809334,0.0618268847227762
2332,0.178300757877942,0.400877542879936,0.237335460710012,0.121659353809334,0.0618268847227762
2333,0.178300757877942,0.400877542879936,0.237335460710012,0.121659353809334,0.0618268847227762
2334,0.074487895716946,0.236499068901304,0.35195530726257,0.2756052141527,0.0614525139664805
2335,0.0434173669467787,0.169467787114846,0.427170868347339,0.331932773109244,0.0280112044817927
2336,0.0100502512562814,0.0050251256281407,0.0100502512562814,0.0452261306532663,0.92964824120603
2337,0.00625,0.03125,0.125,0.575,0.2625
2338,0.0051413881748072,0.0359897172236504,0.0616966580976864,0.298200514138817,0.598971722365039
2339,0.625,0.288461538461538,0.0737179487179487,0.0128205128205128,0
2340,0.00595238095238095,0.0595238095238095,0.297619047619048,0.470238095238095,0.166666666666667
2341,0.178300757877942,0.400877542879936,0.237335460710012,0.121659353809334,0.0618268847227762
2342,0,0,0.122222222222222,0.722222222222222,0.155555555555556
2343,0.074487895716946,0.236499068901304,0.35195530726257,0.2756052141527,0.0614525139664805
2344,0.178300757877942,0.400877542879936,0.237335460710012,0.121659353809334,0.0618268847227762
2345,0.0434173669467787,0.169467787114846,0.427170868347339,0.331932773109244,0.0280112044817927
2346,0.178300757877942,0.400877542879936,0.237335460710012,0.121659353809334,0.0618268847227762
2347,0.00307692307692308,0.00615384615384615,0.0153846153846154,0.203076923076923,0.772307692307692
2348,0.178300757877942,0.400877542879936,0.237335460710012,0.121659353809334,0.0618268847227762
2349,0.00625,0.03125,0.125,0.575,0.2625
2350,0.178300757877942,0.400877542879936,0.237335460710012,0.121659353809334,0.0618268847227762
2351,0.178300757877942,0.400877542879936,0.237335460710012,0.121659353809334,0.0618268847227762
2352,0.178300757877942,0.400877542879936,0.237335460710012,0.121659353809334,0.0618268847227762
2353,0.178300757877942,0.400877542879936,0.237335460710012,0.121659353809334,0.0618268847227762
2354,0.0552268244575937,0.100591715976331,0.252465483234714,0.388560157790927,0.203155818540434
2355,0.0434173669467787,0.169467787114846,0.427170868347339,0.331932773109244,0.0280112044817927
2356,0.0434173669467787,0.169467787114846,0.427170868347339,0.331932773109244,0.0280112044817927
2357,0.0434173669467787,0.169467787114846,0.427170868347339,0.331932773109244,0.0280112044817927
2358,0.625,0.288461538461538,0.0737179487179487,0.0128205128205128,0
2359,0.625,0.288461538461538,0.0737179487179487,0.0128205128205128,0
2360,0.0434173669467787,0.169467787114846,0.427170868347339,0.331932773109244,0.0280112044817927
2361,0.0434173669467787,0.169467787114846,0.427170868347339,0.331932773109244,0.0280112044817927
2362,0.178300757877942,0.400877542879936,0.237335460710012,0.121659353809334,0.0618268847227762
2363,0.00595238095238095,0.0595238095238095,0.297619047619048,0.470238095238095,0.166666666666667
2364,0.0434173669467787,0.169467787114846,0.427170868347339,0.331932773109244,0.0280112044817927
2365,0.178300757877942,0.400877542879936,0.237335460710012,0.121659353809334,0.0618268847227762
2366,0.00625,0.03125,0.125,0.575,0.2625
2367,0.0100502512562814,0.0050251256281407,0.0100502512562814,0.0452261306532663,0.92964824120603
2368,0.178300757877942,0.400877542879936,0.237335460710012,0.121659353809334,0.0618268847227762
2369,0.074487895716946,0.236499068901304,0.35195530726257,0.2756052141527,0.0614525139664805
2370,0.0552268244575937,0.100591715976331,0.252465483234714,0.388560157790927,0.203155818540434
2371,0.0434173669467787,0.169467787114846,0.427170868347339,0.331932773109244,0.0280112044817927
2372,0.0434173669467787,0.169467787114846,0.427170868347339,0.331932773109244,0.0280112044817927
2373,0.178300757877942,0.400877542879936,0.237335460710012,0.121659353809334,0.0618268847227762
2374,0.178300757877942,0.400877542879936,0.237335460710012,0.121659353809334,0.0618268847227762
2375,0.178300757877942,0.400877542879936,0.237335460710012,0.121659353809334,0.0618268847227762
2376,0.178300757877942,0.400877542879936,0.237335460710012,0.121659353809334,0.0618268847227762
2377,0.178300757877942,0.400877542879936,0.237335460710012,0.121659353809334,0.0618268847227762
2378,0.178300757877942,0.400877542879936,0.237335460710012,0.121659353809334,0.0618268847227762
2379,0.074487895716946,0.236499068901304,0.35195530726257,0.2756052141527,0.0614525139664805
2380,0.178300757877942,0.400877542879936,0.237335460710012,0.121659353809334,0.0618268847227762
2381,0.178300757877942,0.400877542879936,0.237335460710012,0.121659353809334,0.0618268847227762
2382,0.00595238095238095,0.0595238095238095,0.297619047619048,0.470238095238095,0.166666666666667
2383,0.178300757877942,0.400877542879936,0.237335460710012,0.121659353809334,0.0618268847227762
2384,0.0552268244575937,0.100591715976331,0.252465483234714,0.388560157790927,0.203155818540434
2385,0.625,0.288461538461538,0.0737179487179487,0.0128205128205128,0
2386,0.178300757877942,0.400877542879936,0.237335460710012,0.121659353809334,0.0618268847227762
2387,0.625,0.288461538461538,0.0737179487179487,0.0128205128205128,0
2388,0.178300757877942,0.400877542879936,0.237335460710012,0.121659353809334,0.0618268847227762
2389,0.178300757877942,0.400877542879936,0.237335460710012,0.121659353809334,0.0618268847227762
2390,0.178300757877942,0.400877542879936,0.237335460710012,0.121659353809334,0.0618268847227762
2391,0.178300757877942,0.400877542879936,0.237335460710012,0.121659353809334,0.0618268847227762
2392,0.074487895716946,0.236499068901304,0.35195530726257,0.2756052141527,0.0614525139664805
2393,0.178300757877942,0.400877542879936,0.237335460710012,0.121659353809334,0.0618268847227762
2394,0.178300757877942,0.400877542879936,0.237335460710012,0.121659353809334,0.0618268847227762
2395,0.0434173669467787,0.169467787114846,0.427170868347339,0.331932773109244,0.0280112044817927
2396,0.0051413881748072,0.0359897172236504,0.0616966580976864,0.298200514138817,0.598971722365039
2397,0.074487895716946,0.236499068901304,0.35195530726257,0.2756052141527,0.0614525139664805
2398,0.0552268244575937,0.100591715976331,0.252465483234714,0.388560157790927,0.203155818540434
2399,0.0434173669467787,0.169467787114846,0.427170868347339,0.331932773109244,0.0280112044817927
2400,0.0100502512562814,0.0050251256281407,0.0100502512562814,0.0452261306532663,0.92964824120603
2401,0.0552268244575937,0.100591715976331,0.252465483234714,0.388560157790927,0.203155818540434
2402,0.178300757877942,0.400877542879936,0.237335460710012,0.121659353809334,0.0618268847227762
2403,0.0434173669467787,0.169467787114846,0.427170868347339,0.331932773109244,0.0280112044817927
2404,0.0434173669467787,0.169467787114846,0.427170868347339,0.331932773109244,0.0280112044817927
2405,0.0051413881748072,0.0359897172236504,0.0616966580976864,0.298200514138817,0.598971722365039
2406,0.0552268244575937,0.100591715976331,0.252465483234714,0.388560157790927,0.203155818540434
2407,0.178300757877942,0.400877542879936,0.237335460710012,0.121659353809334,0.0618268847227762
2408,0.178300757877942,0.400877542879936,0.237335460710012,0.121659353809334,0.0618268847227762
2409,0.178300757877942,0.400877542879936,0.237335460710012,0.121659353809334,0.0618268847227762
2410,0.178300757877942,0.400877542879936,0.237335460710012,0.121659353809334,0.0618268847227762
2411,0.074487895716946,0.236499068901304,0.35195530726257,0.2756052141527,0.0614525139664805
2412,0.178300757877942,0.400877542879936,0.237335460710012,0.121659353809334,0.0618268847227762
2413,0.0552268244575937,0.100591715976331,0.252465483234714,0.388560157790927,0.203155818540434
2414,0.178300757877942,0.400877542879936,0.237335460710012,0.121659353809334,0.0618268847227762
2415,0.178300757877942,0.400877542879936,0.237335460710012,0.121659353809334,0.0618268847227762
2416,0.178300757877942,0.400877542879936,0.237335460710012,0.121659353809334,0.0618268847227762
2417,0.0552268244575937,0.100591715976331,0.252465483234714,0.388560157790927,0.203155818540434
2418,0.178300757877942,0.400877542879936,0.237335460710012,0.121659353809334,0.0618268847227762
2419,0.0434173669467787,0.169467787114846,0.427170868347339,0.331932773109244,0.0280112044817927
2420,0.178300757877942,0.400877542879936,0.237335460710012,0.121659353809334,0.0618268847227762
2421,0.00307692307692308,0.00615384615384615,0.0153846153846154,0.203076923076923,0.772307692307692
2422,0.178300757877942,0.400877542879936,0.237335460710012,0.121659353809334,0.0618268847227762
2423,0.074487895716946,0.236499068901304,0.35195530726257,0.2756052141527,0.0614525139664805
2424,0.625,0.288461538461538,0.0737179487179487,0.0128205128205128,0
2425,0.178300757877942,0.400877542879936,0.237335460710012,0.121659353809334,0.0618268847227762
2426,0.178300757877942,0.400877542879936,0.237335460710012,0.121659353809334,0.0618268847227762
2427,0.178300757877942,0.400877542879936,0.237335460710012,0.121659353809334,0.0618268847227762
2428,0.178300757877942,0.400877542879936,0.237335460710012,0.121659353809334,0.0618268847227762
2429,0.178300757877942,0.400877542879936,0.237335460710012,0.121659353809334,0.0618268847227762
2430,0,0,0.122222222222222,0.722222222222222,0.155555555555556
2431,0.178300757877942,0.400877542879936,0.237335460710012,0.121659353809334,0.0618268847227762
2432,0.0552268244575937,0.100591715976331,0.252465483234714,0.388560157790927,0.203155818540434
2433,0.0051413881748072,0.0359897172236504,0.0616966580976864,0.298200514138817,0.598971722365039
2434,0.178300757877942,0.400877542879936,0.237335460710012,0.121659353809334,0.0618268847227762
2435,0.0100502512562814,0.0050251256281407,0.0100502512562814,0.0452261306532663,0.92964824120603
2436,0.178300757877942,0.400877542879936,0.237335460710012,0.121659353809334,0.0618268847227762
2437,0.178300757877942,0.400877542879936,0.237335460710012,0.121659353809334,0.0618268847227762
2438,0.178300757877942,0.400877542879936,0.237335460710012,0.121659353809334,0.0618268847227762
2439,0.178300757877942,0.400877542879936,0.237335460710012,0.121659353809334,0.0618268847227762
2440,0.178300757877942,0.400877542879936,0.237335460710012,0.121659353809334,0.0618268847227762
2441,0.0434173669467787,0.169467787114846,0.427170868347339,0.331932773109244,0.0280112044817927
2442,0.074487895716946,0.236499068901304,0.35195530726257,0.2756052141527,0.0614525139664805
2443,0.074487895716946,0.236499068901304,0.35195530726257,0.2756052141527,0.0614525139664805
2444,0.0051413881748072,0.0359897172236504,0.0616966580976864,0.298200514138817,0.598971722365039
2445,0.0051413881748072,0.0359897172236504,0.0616966580976864,0.298200514138817,0.598971722365039
2446,0.178300757877942,0.400877542879936,0.237335460710012,0.121659353809334,0.0618268847227762
2447,0.0552268244575937,0.100591715976331,0.252465483234714,0.388560157790927,0.203155818540434
2448,0.178300757877942,0.400877542879936,0.237335460710012,0.121659353809334,0.0618268847227762
2449,0.074487895716946,0.236499068901304,0.35195530726257,0.2756052141527,0.0614525139664805
2450,0.178300757877942,0.400877542879936,0.237335460710012,0.121659353809334,0.0618268847227762
2451,0.178300757877942,0.400877542879936,0.237335460710012,0.121659353809334,0.0618268847227762
2452,0.625,0.288461538461538,0.0737179487179487,0.0128205128205128,0
2453,0.0100502512562814,0.0050251256281407,0.0100502512562814,0.0452261306532663,0.92964824120603
2454,0.178300757877942,0.400877542879936,0.237335460710012,0.121659353809334,0.0618268847227762
2455,0.00307692307692308,0.00615384615384615,0.0153846153846154,0.203076923076923,0.772307692307692
2456,0.178300757877942,0.400877542879936,0.237335460710012,0.121659353809334,0.0618268847227762
2457,0.178300757877942,0.400877542879936,0.237335460710012,0.121659353809334,0.0618268847227762
2458,0.00625,0.03125,0.125,0.575,0.2625
2459,0.178300757877942,0.400877542879936,0.237335460710012,0.121659353809334,0.0618268847227762
2460,0.178300757877942,0.400877542879936,0.237335460710012,0.121659353809334,0.0618268847227762
2461,0.074487895716946,0.236499068901304,0.35195530726257,0.2756052141527,0.0614525139664805
2462,0.178300757877942,0.400877542879936,0.237335460710012,0.121659353809334,0.0618268847227762
2463,0.00595238095238095,0.0595238095238095,0.297619047619048,0.470238095238095,0.166666666666667
2464,0.0434173669467787,0.169467787114846,0.427170868347339,0.331932773109244,0.0280112044817927
2465,0,0,0.122222222222222,0.722222222222222,0.155555555555556
2466,0.178300757877942,0.400877542879936,0.237335460710012,0.121659353809334,0.0618268847227762
2467,0.0051413881748072,0.0359897172236504,0.0616966580976864,0.298200514138817,0.598971722365039
2468,0.178300757877942,0.400877542879936,0.237335460710012,0.121659353809334,0.0618268847227762
2469,0.0434173669467787,0.169467787114846,0.427170868347339,0.331932773109244,0.0280112044817927
2470,0,0,0.122222222222222,0.722222222222222,0.155555555555556
2471,0.178300757877942,0.400877542879936,0.237335460710012,0.121659353809334,0.0618268847227762
2472,0.178300757877942,0.400877542879936,0.237335460710012,0.121659353809334,0.0618268847227762
2473,0,0,0.122222222222222,0.722222222222222,0.155555555555556
2474,0.074487895716946,0.236499068901304,0.35195530726257,0.2756052141527,0.0614525139664805
2475,0,0,0.122222222222222,0.722222222222222,0.155555555555556
2476,0,0,0.122222222222222,0.722222222222222,0.155555555555556
2477,0.178300757877942,0.400877542879936,0.237335460710012,0.121659353809334,0.0618268847227762
2478,0.0552268244575937,0.100591715976331,0.252465483234714,0.388560157790927,0.203155818540434
2479,0.074487895716946,0.236499068901304,0.35195530726257,0.2756052141527,0.0614525139664805
2480,0.178300757877942,0.400877542879936,0.237335460710012,0.121659353809334,0.0618268847227762
2481,0.178300757877942,0.400877542879936,0.237335460710012,0.121659353809334,0.0618268847227762
2482,0.00307692307692308,0.00615384615384615,0.0153846153846154,0.203076923076923,0.772307692307692
2483,0.074487895716946,0.236499068901304,0.35195530726257,0.2756052141527,0.0614525139664805
2484,0.178300757877942,0.400877542879936,0.237335460710012,0.121659353809334,0.0618268847227762
2485,0.178300757877942,0.400877542879936,0.237335460710012,0.121659353809334,0.0618268847227762
2486,0.178300757877942,0.400877542879936,0.237335460710012,0.121659353809334,0.0618268847227762
2487,0.0434173669467787,0.169467787114846,0.427170868347339,0.331932773109244,0.0280112044817927
2488,0.178300757877942,0.400877542879936,0.237335460710012,0.121659353809334,0.0618268847227762
2489,0.074487895716946,0.236499068901304,0.35195530726257,0.2756052141527,0.0614525139664805
2490,0.074487895716946,0.236499068901304,0.35195530726257,0.2756052141527,0.0614525139664805
2491,0.178300757877942,0.400877542879936,0.237335460710012,0.121659353809334,0.0618268847227762
2492,0.074487895716946,0.236499068901304,0.35195530726257,0.2756052141527,0.0614525139664805
2493,0.0552268244575937,0.100591715976331,0.252465483234714,0.388560157790927,0.203155818540434
2494,0.178300757877942,0.400877542879936,0.237335460710012,0.121659353809334,0.0618268847227762
2495,0.178300757877942,0.400877542879936,0.237335460710012,0.121659353809334,0.0618268847227762
2496,0.0434173669467787,0.169467787114846,0.427170868347339,0.331932773109244,0.0280112044817927
2497,0.178300757877942,0.400877542879936,0.237335460710012,0.121659353809334,0.0618268847227762
2498,0.0552268244575937,0.100591715976331,0.252465483234714,0.388560157790927,0.203155818540434
2499,0.178300757877942,0.400877542879936,0.237335460710012,0.121659353809334,0.0618268847227762
2500,0.0552268244575937,0.100591715976331,0.252465483234714,0.388560157790927,0.203155818540434
2501,0.178300757877942,0.400877542879936,0.237335460710012,0.121659353809334,0.0618268847227762
2502,0.0100502512562814,0.0050251256281407,0.0100502512562814,0.0452261306532663,0.92964824120603
