"id","prob_A","prob_B","prob_C","prob_D","prob_E"
1,0.0252837169766962,0.442855928776736,0.269703127794557,0.26215722645201,0
2,0,0,0.375319400584422,0.180693160746433,0.443987438669145
3,0.0606533104135743,0.563674614781547,0.212229556587816,0.0807606551498518,0.0826818630672112
4,0.648805180707712,0.31894175062639,0.0322530686658979,0,0
5,0.251611761274808,0.418158116990124,0.100590280922461,0.229639840812608,0
6,0.0352764164670136,0.663332104554001,0.282488510353405,0.0189029686255801,0
7,0,0.26379276075815,0.418779859958983,0.277490408773981,0.0399369705088864
8,0.381085449026081,0.309196119851762,0.197653622846891,0.112064808275265,0
9,0.190862319078262,0.128063865523108,0.673525006353596,0.0075488090450335,0
10,0,0.109344158652006,0.254882491622887,0.635773349725107,0
11,0.839103608455162,0.0252837169766962,0.135612674568142,0,0
12,0,0,0,0.915876343888837,0.0841236561111627
13,0.0721900391747844,0.0277276074219802,0.382202618363162,0.347222683267283,0.17065705177279
14,0,0,0,0.159869676777308,0.840130323222692
15,0,0,0.0322530686658979,0.333668562950683,0.634078368383419
16,0,0.152562777550554,0.356383939333156,0.362941248636659,0.128112034479631
17,0,0.13069101772287,0.0322530686658979,0.613252325516356,0.223803588094876
18,0.0718510785884034,0.186160176252411,0.445960156167078,0.0588399391344665,0.237188649857641
19,0,0.101460381543852,0.076955997188153,0.0277276074219802,0.793856013846015
20,0,0.327786231289785,0.293949486954277,0.378264281755939,0
21,0,0,0.143335173480786,0.239229035364404,0.617435791154811
22,0.0399369705088864,0,0.4478868055136,0.408406352212518,0.103769871764995
23,0,0,0.0846611976389039,0.661148370933027,0.254190431428069
24,0,0,0.205515572610452,0.230972695923789,0.563511731465759
25,0.123430107453873,0.844316823880229,0.0322530686658979,0,0
26,0,0,0.427110894478836,0.312113365379739,0.260775740141425
27,0,0.0884445569928403,0,0.0075488090450335,0.904006633962126
28,0,0.165825984648529,0.299097540828728,0.175376135153441,0.359700339369302
29,0,0.229639840812608,0.220220715207052,0.55013944398034,0
30,0,0.504870408126961,0.482113767322028,0,0.0130158245510115
31,0.997556109554716,0.00244389044528396,0,0,0
32,0,0,0.0189029686255801,0.289869936758959,0.691227094615461
33,0.00244389044528396,0.382202618363162,0.166805519178374,0.271934485052573,0.176613486960607
34,0.109344158652006,0.152562777550554,0.35260057997922,0.131189449551165,0.254303034267055
35,0.449245915968481,0.503268304477599,0.0474857795539199,0,0
36,0.788260428351242,0.145981342635434,0.0075488090450335,0.0582094199682903,0
37,0.084866903139415,0,0.294860528298191,0.286400677909243,0.333871890653151
38,0.0399369705088864,0.0322530686658979,0.09104194599002,0,0.836768014835196
39,0.44736636056733,0.464323482663971,0.0189029686255801,0.0694071881431195,0
40,0,0.00244389044528396,0.0694071881431195,0.313135172309773,0.615013749101823
41,0,0.187839194017568,0.360238507818295,0.379732258989353,0.0721900391747844
42,0,0.118711024073222,0.481225133158891,0.400063842767888,0
43,0,0,0.123925533822094,0.678883904390146,0.19719056178776
44,0,0.0721900391747844,0.670442512590628,0.257367448234588,0
45,0.0485075864839539,0.560969129763072,0.362795676330994,0.0277276074219802,0
46,0,0,0,0.12055709143162,0.87944290856838
47,0.0671952096436053,0.620483086476576,0.312321703879819,0,0
48,0.156981517197973,0.741358225993009,0.0322530686658979,0.0694071881431195,0
49,0.0154597149962955,0.147008869102233,0.483558874387913,0.353972541513558,0
50,0.390598094991784,0.424586058791764,0.184815846216452,0,0
51,0.353972541513558,0.431941269900923,0.21408618858552,0,0
52,0.0582094199682903,0.538675784891023,0.192408170020023,0.20315781607563,0.0075488090450335
53,0,0.238509043781454,0.253888066296451,0.507602889922095,0
54,0.0902306721122447,0.00244389044528396,0.116376724777061,0.633690308972867,0.157258403692544
55,0,0.237188649857641,0.218542233272294,0.544269116870064,0
56,0.986984175448988,0,0.0130158245510115,0,0
57,0,0.0277276074219801,0.771288921485854,0.200983471092165,0
58,0.0694071881431195,0.885323918639971,0,0.0452688932169095,0
59,0.243987198885493,0.684496690589224,0.0715161105252829,0,0
60,0.284826762641456,0.265560063885848,0.401105586988742,0,0.0485075864839539
61,0.0499296699992039,0.297015434199694,0.17784649452725,0.475208401273851,0
62,0,0,0.235330774528227,0.604557638876186,0.160111586595588
63,0.0826818630672112,0.0694071881431195,0.532407639378894,0.224461363420756,0.09104194599002
64,0.0990489837242537,0,0.0582094199682903,0.329557487409372,0.513184108898084
65,0.419165339895104,0.261739240473102,0.306079595080782,0.0130158245510115,0
66,0,0,0.261993070113022,0.161455916631547,0.576551013255432
67,0.229639840812608,0.17424718415897,0.240872241745439,0.256191749558729,0.0990489837242537
68,0,0.229639840812608,0.0666157522877735,0.621062543832407,0.0826818630672112
69,0.0908884474381243,0.102396105570567,0.152562777550554,0.0694071881431195,0.584745481297635
70,0.101584831692791,0.501539476505485,0.191782335950922,0.147556570208208,0.0575367856425941
71,0,0,0.278182752628378,0.435402795970024,0.286414451401598
72,0,0.0398018777109314,0,0.122618833576098,0.837579288712971
73,0,0.00244389044528396,0.274908734029517,0.33333434912541,0.389313026399789
74,0,0,0.0189029686255801,0.153234473260817,0.827862558113603
75,0.0582094199682903,0.0264517776706136,0.0721900391747844,0.792197286257074,0.0509514769292379
76,0,0,0.242655665363619,0.168456171867373,0.588888162769008
77,0,0,0.256841774800002,0.743158225199998,0
78,0.0189029686255801,0,0.0130158245510115,0.131189449551165,0.836891757272243
79,0.141597227317904,0.00244389044528396,0.746825241498987,0.109133640737825,0
80,0,0,0.233108087234477,0.395196786399319,0.371695126366204
81,0,0.0804263796605455,0.492612088852353,0.325301274678084,0.101660256809017
82,0.191556653431956,0.400957011228186,0.407486335339858,0,0
83,0.2605049003558,0.672084544534666,0.067410555109534,0,0
84,0,0.170867569686971,0.369570040809033,0.440659420878416,0.0189029686255801
85,0,0.133572915982631,0.817919497533415,0.0485075864839539,0
86,0.0322530686658979,0.18254212066924,0.242655665363619,0.484048859326971,0.0585002859742714
87,0.215247996551436,0.365174731473579,0.419577271974986,0,0
88,0,0.152562777550554,0,0.435783826966593,0.411653395482853
89,0.587109371835436,0.412890628164564,0,0,0
90,0.0694071881431195,0.0902306721122447,0.17876651139991,0.519551143615123,0.142044484729602
91,0,0,0.12055709143162,0.0422457681562154,0.837197140412165
92,0,0,0.0130158245510115,0.611893350532607,0.375090824916382
93,0,0.0075488090450335,0.89430961289146,0.0981415780635067,0
94,0.0322530686658979,0,0.257966040697399,0.19766948002549,0.512111410611213
95,0.248542809438188,0.180389096229937,0.254223034359571,0.256191749558729,0.0606533104135743
96,0.0485075864839539,0.128247127277586,0.705055190182292,0.0859370273902705,0.0322530686658979
97,0.149881885124487,0.850118114875513,0,0,0
98,0.0252837169766962,0.403549477434026,0.42202076922634,0.0075488090450335,0.141597227317904
99,0,0.0575367856425941,0.780381463656758,0.162081750700648,0
100,0.0474857795539199,0.705180537868226,0.222049965601158,0.0252837169766962,0
101,0.292022837607754,0.229109482280947,0.241679030253657,0.237188649857641,0
102,0,0.286400677909243,0.61545293161358,0.0399369705088864,0.0582094199682903
103,0,0.0189029686255801,0,0.167553578620296,0.813543452754124
104,0.0721900391747844,0.695690904235507,0.0795562790391544,0.152562777550554,0
105,0.156585769366848,0.702781797970731,0.0712252445193019,0.0694071881431195,0
106,0,0,0.760543960527323,0.214172322495981,0.0252837169766962
107,0.0399369705088864,0.229604908649169,0.386113007340469,0.331329288950464,0.0130158245510115
108,0.0795562790391544,0.521860268306565,0.278026361222661,0.12055709143162,0
109,0,0.0399369705088864,0.114265815497278,0.394101273577093,0.451695940416743
110,0,0,0,0.960063029491114,0.0399369705088864
111,0,0,0,0.381692510953596,0.618307489046404
112,0.171465746176134,0.648804867617734,0.154445669229436,0.0252837169766962,0
113,0.685013239114171,0.162897709675498,0.0694071881431195,0,0.0826818630672112
114,0.653112284795837,0.346887715204163,0,0,0
115,0.0826818630672112,0.207824370257781,0.602776760222764,0.0485075864839539,0.0582094199682903
116,0,0.0575367856425941,0.778563407280575,0.163899807076831,0
117,0,0.742731992187438,0.238365039186982,0.0189029686255801,0
118,0.210772197518844,0.192412855117098,0.102239714164849,0.344574772545717,0.150000460653492
119,0.128105900476653,0.649924133829673,0.0694071881431195,0.152562777550554,0
120,0,0,0.0575367856425941,0.176124194595364,0.766339019762042
121,0.0485075864839539,0.446670961576787,0.464884481430373,0.0399369705088864,0
122,0,0.0606533104135743,0.0452688932169095,0.894077796369516,0
123,0.0694071881431195,0.0652206874855826,0.181458445666452,0.0937764797008633,0.590137199003983
124,0.32196500300368,0.504125360374902,0.171465746176134,0,0.00244389044528396
125,0,0,0.225381230268871,0.382115725420819,0.392503044310309
126,0.237188649857641,0.221667817300351,0.291824411248491,0.115746205610884,0.133572915982631
127,0.0694071881431195,0.319022316384342,0.221012279556126,0.390558215916413,0
128,0,0,0.249567165414773,0.632518059958153,0.117914774627073
129,0.128105900476653,0.75816582555381,0.113728273969537,0,0
130,0,0,0.152562777550554,0.429214671576859,0.418222550872587
131,0.0929063790794722,0.837686432777408,0.0694071881431195,0,0
132,0.0075488090450335,0.313132977757594,0.267410816341321,0.411907396856052,0
133,0.269576811321494,0.0264517776706136,0.171508568360858,0.437771937527219,0.0946909051198156
134,0,0.0252837169766962,0.53093936226834,0.436228111709931,0.0075488090450335
135,0.757152909052425,0.17065705177279,0.0721900391747844,0,0
136,0,0.232083731257892,0.173723809057231,0.433692263741393,0.160500195943484
137,0,0.251611761274808,0.12055709143162,0.0452688932169095,0.582562254076663
138,0.385869772770504,0.614130227229496,0,0,0
139,0.181471996418385,0.697970912149995,0.12055709143162,0,0
140,0.274908734029517,0.0441866856022763,0.624848184839219,0.0075488090450335,0.0485075864839539
141,0,0.0996636237754319,0.12055709143162,0,0.779779284792948
142,0.616864276655557,0.383135723344443,0,0,0
143,0.0956976876182228,0.351606798584814,0.098641816845398,0.221969965693674,0.232083731257892
144,0.0075488090450335,0.0788836447134582,0.774581592008368,0.13898595423314,0
145,0,0,0.0130158245510115,0.582836433780207,0.404147741668782
146,0.0826818630672112,0.545104881782215,0.372213255150574,0,0
147,0.404309318533339,0.247860744597885,0.0599806760878781,0.287849260780898,0
148,0.165578602101566,0.622191841310618,0.18694583961112,0.0252837169766962,0
149,0,0.0509514769292379,0.12433270070095,0.0322530686658979,0.792462753703915
150,0.328688824536861,0.308536819676306,0.280092492719621,0.0826818630672112,0
151,0,0.0826818630672112,0.15338961745335,0.494267426638427,0.269661092841012
152,0.232083731257892,0.0189029686255801,0.152562777550554,0.0075488090450335,0.58890171352094
153,0,0.0904624886341882,0.376674485296189,0.303223185257015,0.229639840812608
154,0,0.0277276074219802,0,0.497788827784252,0.474483564793768
155,0,0,0.368625795045748,0.156214316154781,0.475159888799471
156,0.0322530686658979,0.215247996551436,0.520415203524775,0.232083731257892,0
157,0.0322530686658979,0.306595838000761,0.522515293704505,0.138635799628836,0
158,0.240872934319254,0.665350585979883,0.0937764797008633,0,0
159,0.106717006452244,0.334293624342019,0.353565374634702,0.205423994571035,0
160,0,0,0.0694071881431195,0.171239022899038,0.759353788957843
161,0,0,0,0.635285026146992,0.364714973853009
162,0.152562777550554,0,0.334980827554691,0.472519424385868,0.0399369705088864
163,0,0.165825984648529,0.270175403784305,0.563998611567165,0
164,0.0485075864839539,0.313628404125816,0.566638764870929,0.0582094199682903,0.0130158245510115
165,0.0771123885938704,0.63913538430441,0.283752227101719,0,0
166,0.0771123885938704,0.597288673704281,0.325598937701849,0,0
167,0,0.12055709143162,0.229639840812608,0.374859008394438,0.274944059361334
168,0,0,0.0826818630672112,0.329397491219578,0.587920645713211
169,0.0130158245510115,0.0075488090450335,0.0694071881431195,0.693600372358189,0.216427805902647
170,0.0130158245510115,0.101492874169538,0.561689121346022,0.323802179933429,0
171,0.0322530686658979,0.12055709143162,0.404893807469985,0.393788445948543,0.0485075864839539
172,0.17876651139991,0.0322530686658979,0.55263363943267,0.236346780501522,0
173,0.0252837169766962,0.0712252445193019,0.178540828880944,0.724950209623058,0
174,0.299047028955727,0.296528470197516,0.268113661639827,0.0575367856425941,0.0787740535643354
175,0.0485075864839539,0.568356690171604,0.262578631912823,0.12055709143162,0
176,0,0,0,0.285994823335374,0.714005176664626
177,0,0,0.0826818630672112,0.252480424147319,0.66483771278547
178,0.12055709143162,0.120563225434597,0.473183446792187,0.278147427296562,0.0075488090450335
179,0.181730846791465,0.681451409955882,0.136817743252653,0,0
180,0.0130158245510115,0.80837891268558,0.176161372318124,0.00244389044528396,0
181,0.137348525251961,0.361430025750874,0.443012029028875,0.0582094199682903,0
182,0,0,0.0189029686255801,0.309039728446045,0.672057302928375
183,0.507822593440986,0.235812630147481,0.133745942835436,0,0.122618833576098
184,0.19674946315283,0.672851077704095,0.0721900391747844,0.0582094199682903,0
185,0,0.416916183672829,0.254394991790309,0.328688824536861,0
186,0.10569519952221,0.682576368427093,0.0807606551498518,0.130967776900845,0
187,0.0189029686255801,0.141294751880469,0.441097760765769,0.398704518728182,0
188,0,0.0694071881431195,0.0663887481795,0.315579062755057,0.548625000922323
189,0.0959933660378738,0.357590597096729,0.428464084515564,0.117951952349834,0
190,0,0,0,0.960063029491114,0.0399369705088864
191,0.0946909051198157,0.759449920740814,0.0477127836621934,0.0981463904771768,0
192,0,0.0582094199682903,0,0.722796232116932,0.218994347914778
193,0.555991262723092,0.286135693533185,0.0485075864839539,0.0904624886341883,0.0189029686255801
194,0,0.0795562790391544,0,0.479875582377255,0.440568138583591
195,0.0130158245510115,0.100590280922461,0.339921225469693,0.247425640101107,0.299047028955727
196,0.653189675509079,0.23776864127635,0.109041683214571,0,0
197,0,0,0.203077705862329,0.653507010443585,0.143415283694086
198,0.00244389044528396,0.261892909478506,0.317526783114084,0.369628830478172,0.0485075864839539
199,0.95761913904583,0.0423808609541704,0,0,0
200,0,0,0,0.193332721965214,0.806667278034786
201,0,0.0252837169766962,0.0189029686255801,0.197486240207411,0.758327074190312
202,0,0.184815846216452,0.199472371796888,0.433980935195195,0.181730846791465
203,0.0399369705088864,0.0322530686658979,0.696760253672022,0.231049707153194,0
204,0,0.389751427408195,0,0.234667762736365,0.37558080985544
205,0.171465746176134,0.218992702274141,0.488984460118105,0.12055709143162,0
206,0,0,0.292220427493957,0.299373220293525,0.408406352212518
207,0,0.152562777550554,0.0795562790391544,0.288444818224627,0.479436125185665
208,0.00999269949031746,0.260775740141425,0.269576811321494,0.157258403692544,0.302396345354219
209,0,0,0.0075488090450335,0.374845234902084,0.617605956052883
210,0,0,0.0782365120365942,0.324275906273652,0.597487581689754
211,0.145840808408316,0.445617117565718,0.408542074025966,0,0
212,0.17784649452725,0.49285004088471,0.32930346458804,0,0
213,0.101584831692791,0.215758689666815,0.612103868446788,0.0575367856425941,0.0130158245510115
214,0,0.0587048463365115,0.133572915982631,0.807722237680857,0
215,0.419604120387347,0.500839600573498,0.0606533104135743,0,0.0189029686255801
216,0.222796805596469,0.671280990773047,0.00244389044528396,0.1034783131852,0
217,0,0.052952795059898,0.611347376197831,0.328151019697238,0.0075488090450335
218,0.0189029686255801,0.0694071881431195,0.100590280922461,0.81109956230884,0
219,0.0075488090450335,0.401685325175751,0.532556445810925,0.0582094199682903,0
220,0.0606533104135743,0.0485075864839539,0.229639840812608,0.115255538715861,0.545943723574003
221,0.403549477434026,0.469168882517685,0.020564633596045,0.0485075864839539,0.0582094199682903
222,0,0.17876651139991,0.0252837169766962,0.10655272279666,0.689397048826734
223,0,0,0,0.936032698519751,0.0639673014802494
224,0.131189449551165,0.433711389733376,0.280179385661964,0.133572915982631,0.0213468590708641
225,0.0826818630672112,0.111809347705052,0.133572915982631,0.377075344946915,0.29486052829819
226,0,0.312321703879819,0,0.234124116764654,0.453554179355527
227,0,0.0399369705088864,0.187967646541154,0.234548549053408,0.537546833896552
228,0.199806647286194,0.226267188068862,0.251611761274808,0.232083731257892,0.0902306721122447
229,0,0,0.0826818630672112,0.155105379253241,0.762212757679548
230,0,0.0130158245510115,0,0.688531633302417,0.298452542146571
231,0.287849260780898,0.583903611941516,0.128247127277586,0,0
232,0.208867248200319,0.0929063790794722,0.582711983631268,0.115514389088941,0
233,0,0,0.0575367856425941,0.258635640004013,0.683827574353393
234,0.347554615439681,0.310492876953361,0.179397030566086,0.162555477040872,0
235,0.0398018777109314,0.179397030566086,0.308913775582351,0.471887316140631,0
236,0.331300097621625,0.635867376356645,0.0328325260217297,0,0
237,0,0.224668958802078,0.537395127587909,0.237935913610013,0
238,0,0.106717006452244,0.152810160097518,0.367879667580511,0.372593165869727
239,0,0.112064808275265,0.224752816725338,0.312985442755169,0.350196932244228
240,0,0.140891283035502,0.846092892413487,0.0130158245510115,0
241,0.404421921372325,0.322055552997056,0.171937693937827,0.101584831692791,0
242,0,0.0657582290133238,0.277142860798468,0.272452401379763,0.384646508808446
243,0.309821181243098,0.664895101780206,0.0252837169766962,0,0
244,0.222796805596469,0.737266223894645,0.0399369705088864,0,0
245,0.109365457259768,0.103904271989136,0.687681287026842,0.0990489837242537,0
246,0.373674460937897,0.448479044534853,0.17784649452725,0,0
247,0,0.410535435321713,0.260775740141425,0.328688824536861,0
248,0.106597792769287,0.0252837169766962,0.536735560018777,0.211019580065808,0.120363350169432
249,0.451274838443161,0.548725161556839,0,0,0
250,0.0252837169766962,0,0,0.213216087964128,0.761500195059176
251,0.19766948002549,0.737109832488927,0.0652206874855826,0,0
252,0,0.0189029686255801,0.0884445569928403,0.333100545070052,0.559551929311528
253,0,0.0474857795539199,0.150092418176745,0.733014614126215,0.0694071881431195
254,0.286650953020616,0.472433290475407,0.238471866058693,0.00244389044528396,0
255,0.405764035407972,0.35269746856549,0.203238954498831,0.0252837169766962,0.0130158245510115
256,0.0582094199682903,0,0.244691365773307,0.320450504343561,0.376648709914841
257,0.180290384972534,0.725933135326602,0.0452688932169094,0.0485075864839539,0
258,0.587618497319889,0.409937612234827,0.00244389044528396,0,0
259,0.0990489837242537,0.254485156780897,0.636473160004532,0.00999269949031746,0
260,0.184174737236749,0.0981463904771768,0.692395155309378,0.0252837169766962,0
261,0,0,0,0.0582094199682903,0.94179058003171
262,0.201070364034508,0.347222683267283,0.367718389385001,0.0764397542681742,0.0075488090450335
263,0,0.0189029686255801,0.169064677915574,0.287728194706997,0.524304158751849
264,0.0399369705088864,0.564283120829747,0.327577789202759,0.0606533104135743,0.0075488090450335
265,0,0.313132977757594,0.151514501691995,0.503099451884512,0.0322530686658979
266,0.0399369705088864,0.117914774627073,0.223803588094876,0.306752229406478,0.311592437362686
267,0.451172565315004,0.315838277473896,0.2329891572111,0,0
268,0,0.312062853506739,0.14018005164015,0.515504026187213,0.0322530686658979
269,0.534480076612111,0.465519923387889,0,0,0
270,0.181730846791465,0.0981463904771767,0.692395155309378,0.0277276074219801,0
271,0,0.0857853210816277,0.0990489837242537,0.12055709143162,0.694608603762499
272,0.0189029686255801,0.270724934724591,0.410468094356996,0.193306209523546,0.106597792769287
273,0,0.0990489837242537,0.180569403171308,0.0832045455951358,0.637177067509303
274,0,0,0.0588399391344665,0.401683472784807,0.539476588080726
275,0,0,0.0346969591111819,0.0605016041049315,0.904801436783887
276,0.0075488090450335,0.101325981319711,0.749711244071829,0.0929063790794722,0.0485075864839539
277,0.112064808275265,0.134627875628702,0.310204004772333,0.4431033113237,0
278,0,0.229639840812608,0.135499565329154,0.451725131745582,0.183135462112656
279,0.0399369705088864,0.282288308044127,0.65249100447029,0.0252837169766962,0
280,0.17726961664585,0.640999536562685,0.0826818630672112,0,0.0990489837242537
281,0,0,0.0213468590708641,0.110489580702492,0.868163560226644
282,0,0,0.303308975777194,0.232886884082943,0.463804140139863
283,0.960063029491114,0.0399369705088864,0,0,0
284,0,0.0075488090450335,0,0.313135172309773,0.679316018645193
285,0.0485075864839539,0.152562777550554,0.0575367856425941,0.306595838000761,0.434797012322137
286,0,0,0.0826818630672112,0.20115649794497,0.716161638987819
287,0.0399369705088864,0.489176221672754,0.431084930107428,0.0075488090450335,0.0322530686658979
288,0.0130158245510115,0.152089051210331,0.150000460653492,0.0657582290133238,0.619136434571843
289,0,0,0.0981463904771768,0.0288956681158976,0.872957941406926
290,0,0,0,0.0737913034606501,0.92620869653935
291,0.152562777550554,0.0981463904771768,0.369698493332619,0.347339269973753,0.0322530686658979
292,0.0189029686255801,0.25301796567506,0.675126270639462,0.052952795059898,0
293,0.534204397147314,0.238747187487788,0.125463583672107,0.101584831692791,0
294,0.389342134950436,0.570720894540678,0,0,0.0399369705088864
295,0.657375796682779,0.310371134651323,0.0322530686658979,0,0
296,0.258686843979618,0.281955326878626,0.0582094199682903,0,0.401148409173466
297,0.684631090813365,0.238256520592765,0.0189029686255801,0.0582094199682903,0
298,0,0.082423012694131,0.898674018680289,0.0189029686255801,0
299,0.337605420856515,0,0.649378754592473,0.0130158245510115,0
300,0,0.12055709143162,0.493793700298204,0.385649208270176,0
301,0.0509514769292379,0.655594462484706,0.293454060586056,0,0
302,0.0252837169766962,0.441549571921022,0.442704222468093,0.0904624886341883,0
303,0,0,0,0.353972541513558,0.646027458486442
304,0,0,0.0452688932169095,0.947182297738057,0.0075488090450335
305,0,0.0582094199682903,0.0851257535124952,0.226354081011204,0.63031074550801
306,0,0.0189029686255801,0,0.163016285204503,0.818080746169917
307,0,0,0.687155613592256,0.312844386407744,0
308,0,0,0,0,1
309,0.267163433794357,0.470894557902966,0.203732588334387,0.0582094199682903,0
310,0,0,0,0.446005370310493,0.553994629689507
311,0,0.0130158245510115,0.106044372126548,0.593131608707959,0.287808194614481
312,0,0.0130158245510115,0.0252837169766962,0.542061705326943,0.41963875314535
313,0.071720670887523,0.775716551561923,0.152562777550554,0,0
314,0,0.0485075864839539,0.211267623887066,0.74022478962898,0
315,0,0.0130158245510115,0.196996845699794,0.389342134950436,0.400645194798759
316,0,0.232083731257892,0.422603781110719,0.34531248763139,0
317,0.114934931733109,0.0189029686255801,0.508614784711312,0.285696236341595,0.0718510785884034
318,0.0851257535124952,0.0883101567686996,0.351606798584814,0.435020320625105,0.0399369705088864
319,0.229639840812608,0.283999609648683,0.200374965043965,0.125873997899157,0.160111586595588
320,0.00999269949031746,0.746351515158764,0.224752816725338,0.0189029686255801,0
321,0.0189029686255801,0.215388530778554,0.583977653804401,0.181730846791465,0
322,0,0,0,0.203238954498831,0.796761045501169
323,0.189803030938237,0.0904624886341883,0.616487983764318,0.103246496663256,0
324,0,0,0.297050395922142,0.535396025457562,0.167553578620296
325,0,0,0.165104875761342,0.0588399391344665,0.776055185104191
326,0.374950290689264,0.453583963134602,0.171465746176134,0,0
327,0.278147427296562,0.288844568354527,0.312450912917291,0.12055709143162,0
328,0.0560563955289874,0.0130158245510115,0.0252837169766962,0.269941599728947,0.635702463214358
329,0,0.789162967178457,0.170900062312657,0.0399369705088864,0
330,0.232083731257892,0.451892514385062,0.254500343322081,0.0615234110349654,0
331,0,0.15788892285872,0.096508961495998,0.432757729237538,0.312844386407744
332,0,0.729522447822373,0.270477552177627,0,0
333,0,0.189964279574739,0.605296349592467,0.204739370832794,0
334,0,0,0.00244389044528396,0.616018615477057,0.381537494077659
335,0.203718814842032,0.64619359453297,0.150087590624998,0,0
336,0.106717006452244,0.105022565196514,0.513170395264007,0.275090033087234,0
337,0.0582094199682903,0.00244389044528396,0.171713128723098,0.4685360200346,0.299097540828728
338,0.0883101567686996,0.748247325014237,0.163442518217063,0,0
339,0,0,0.171465746176134,0.391721591513256,0.43681266231061
340,0,0,0,0.0189029686255801,0.98109703137442
341,0,0,0,0.223074021700603,0.776925978299397
342,0.37984486182834,0.550747950028541,0.0694071881431195,0,0
343,0.282592635872506,0.233585555121732,0.275563759427458,0.208258049578305,0
344,0,0,0.442781886913851,0.478444059521814,0.0787740535643354
345,0.0399369705088864,0,0.570170264904316,0.382343955541764,0.0075488090450335
346,0,0.0322530686658979,0.574207283444664,0.393539647889438,0
347,0,0,0.0252837169766962,0.22119844901309,0.753517834010214
348,0.101325288745897,0.450492637169201,0.405801213130732,0.0423808609541704,0
349,0.130930599178085,0.655408621255797,0.115514389088941,0.0981463904771768,0
350,0.0582094199682903,0.604344541487573,0.023008524041329,0.215388530778554,0.0990489837242537
351,0,0.0322530686658979,0.0582094199682903,0.884253794389116,0.0252837169766962
352,0,0.109344158652006,0.571714090721604,0.115702796127559,0.203238954498831
353,0.352258674388706,0.41143802856879,0.204050228376606,0,0.0322530686658979
354,0,0.00244389044528396,0.0264517776706136,0.595025090200368,0.376079241683735
355,0.293607142292857,0.268939502327615,0.239940266759755,0.197513088619773,0
356,0,0,0,0.176613486960607,0.823386513039393
357,0.587491847180354,0.313459169095392,0.0990489837242536,0,0
358,0.0322530686658979,0,0.101492874169538,0.249087305071572,0.617166752092992
359,0.114934931733109,0.39355935741814,0.331011648908245,0.160494061940506,0
360,0,0.0826818630672112,0.0585002859742714,0.504562601566179,0.354255249392338
361,0.0322530686658979,0.516528018554429,0.280226892943762,0.170992019835911,0
362,0,0,0.275428993673615,0.233780721560173,0.490790284766211
363,0.601892975038553,0.319870512924853,0.052952795059898,0.0252837169766962,0
364,0.109041683214571,0.557567285690487,0,0.19249974805944,0.140891283035502
365,0,0,0.288479779947074,0.406147282404854,0.305372937648072
366,0,0.189964279574739,0.327786231289785,0.482249489135476,0
367,0.251611761274808,0.342319289139051,0.373236423564411,0.0328325260217297,0
368,0,0.0399369705088864,0.470592775039345,0.489470254451768,0
369,0.154871902241996,0.845128097758004,0,0,0
370,0.0189029686255801,0.208161917795333,0.308050632148714,0.464884481430373,0
371,0.131302052390152,0.179014555221168,0.299047028955727,0.173509886491518,0.217126476941436
372,0,0,0.730619399037455,0.269380600962545,0
373,0.187259736661736,0.666899454929948,0.0252837169766962,0.12055709143162,0
374,0.0189029686255801,0.0582094199682903,0.0851257535124952,0.131302052390152,0.706459805503483
375,0.171465746176134,0.1034783131852,0.0902306721122447,0.451689806413765,0.183135462112656
376,0.0189029686255801,0,0.420460793847313,0.22311538774416,0.337520849782947
377,0.197486240207411,0.707822854672773,0.0946909051198156,0,0
378,0,0,0,0.141429844678424,0.858570155321576
379,0,0.0328325260217297,0.171508568360858,0.0322530686658979,0.763405836951515
380,0,0.583446246279638,0.409004944675329,0,0.0075488090450335
381,0.0399369705088864,0.3871548413625,0.52440060164466,0.0485075864839539,0
382,0,0,0.21609834282701,0.65026831717654,0.133633339996449
383,0,0,0,0.138738258596199,0.861261741403801
384,0,0.692789098480413,0.111652956299335,0.096508961495998,0.0990489837242537
385,0.414121411539754,0.17876651139991,0.199574830764251,0.207537246296086,0
386,0.0560563955289874,0.587694065361998,0.356249539109015,0,0
387,0.0902306721122447,0.286141827536163,0.598343783374896,0.0252837169766962,0
388,0.0189029686255801,0,0.707977162392246,0.273119868982174,0
389,0.203040528139569,0.55996221994807,0.146534763278174,0.0904624886341883,0
390,0.283999609648683,0.646593202208198,0.0694071881431195,0,0
391,0.367718389385001,0.273126002985152,0.238598516198228,0.12055709143162,0
392,0.668675859433899,0.189937431162378,0.141386709403723,0,0
393,0,0.143335173480786,0.489550143981582,0.15338961745335,0.213725065084283
394,0.181919253830083,0.71993435569274,0.0981463904771767,0,0
395,0.0694071881431195,0.138516585945879,0.11617216441482,0.675904061496181,0
396,0,0,0,0.429112212609496,0.570887787390504
397,0.299571646652788,0.585752271987184,0.114676081360029,0,0
398,0,0.133572915982631,0.22031088019764,0.464385357028264,0.181730846791465
399,0,0,0,0.534451779694277,0.465548220305723
400,0.20140791157206,0.680640136078106,0.117951952349834,0,0
401,0.150784478371563,0.726214539751533,0.123000981876904,0,0
402,0.0694071881431195,0.323416320513471,0.107965580043907,0.119493249548041,0.379717661751461
403,0,0,0,0.147008869102233,0.852991130897766
404,0.549669304041116,0.450330695958884,0,0,0
405,0.0485075864839539,0.17784649452725,0.023008524041329,0.520997554134859,0.229639840812608
406,0,0.0712252445193019,0.207014563768161,0.371563259468309,0.350196932244228
407,0.160111586595588,0.608208187085042,0.113728273969537,0.0990489837242536,0.0189029686255801
408,0.328688824536861,0.155678363706101,0.329317491312094,0.186315320444944,0
409,0,0.603778857624096,0.364302349199312,0.0189029686255801,0.0130158245510115
410,0,0.0582094199682903,0,0.41445568702906,0.52733489300265
411,0,0.378815068504384,0.561204255407738,0.0252837169766962,0.0346969591111819
412,0.347829936868776,0.596113667602236,0.0560563955289874,0,0
413,0.229639840812608,0,0.157382376848698,0.391309965038342,0.221667817300351
414,0.0694071881431195,0,0.365465249295244,0.520940876959361,0.0441866856022763
415,0.256091618483221,0.412438558339196,0.250709168027731,0.0807606551498518,0
416,0.0883101567686996,0.525403325967244,0.386286517264056,0,0
417,0,0.00244389044528396,0.258686843979618,0.25255781486056,0.486311450714538
418,0,0.152089051210331,0.0828702701058295,0.535400837871232,0.229639840812608
419,0.0252837169766962,0.0990489837242537,0,0.566727011275031,0.308940288024019
420,0,0.160358969142551,0.540429088759434,0.296768051652731,0.00244389044528396
421,0.0189029686255801,0.193739888844069,0.4331540952924,0.346654238192917,0.0075488090450335
422,0.112064808275265,0.539843845584941,0.322807629163098,0.0252837169766962,0
423,0,0,0.154429790114438,0.147008869102233,0.698561340783329
424,0.0252837169766962,0.771563152044749,0.203153130978555,0,0
425,0.0322530686658979,0.330144331214889,0.0956976876182227,0.0990489837242536,0.442855928776736
426,0.13898595423314,0.0189029686255801,0.485189596280383,0.285696236341595,0.0712252445193019
427,0.19249974805944,0.730544254752406,0.076955997188153,0,0
428,0,0,0.388144965705871,0.563347447810175,0.0485075864839539
429,0,0,0.082423012694131,0.336356847264852,0.581220140041017
430,0,0,0.229076989655262,0.519311249069931,0.251611761274808
431,0.143415283694086,0.678738221778663,0.0252837169766962,0.152562777550554,0
432,0.0884445569928403,0.326825527734544,0.571714090721604,0.0130158245510115,0
433,0.219606075155874,0.450801112102938,0.282962236693629,0.0466305760475602,0
434,0,0.164807212737578,0.559763793588807,0.275428993673615,0
435,0,0,0,0,1
436,0.240915756503977,0.617562441294345,0.141521802201678,0,0
437,0.165578602101566,0.101660256809017,0.0851257535124952,0.468868876177012,0.17876651139991
438,0.192364655261485,0.130930599178085,0.651421028583734,0.0252837169766962,0
439,0,0,0,0.847722541751051,0.152277458248949
440,0.0727694965306161,0.170992019835911,0.155006667995838,0.0937764797008633,0.507455335936772
441,0,0.0485075864839539,0.136281790803973,0.275749600656367,0.539461022055706
442,0,0,0.242534599289719,0.25563222447202,0.501833176238261
443,0,0.340183347891019,0.606863857049083,0.052952795059898,0
444,0,0.0322530686658979,0,0.591204266787622,0.37654266454648
445,0.0582094199682903,0.449867196294028,0.259073677377499,0.232849706360182,0
446,0,0,0,0.649909113124134,0.350090886875866
447,0.295324720536861,0.694682579972822,0.00999269949031746,0,0
448,0.713803882452997,0.201070364034508,0,0.0851257535124952,0
449,0,0.00244389044528396,0.907093620920528,0.0904624886341883,0
450,0,0,0,0.907093620920528,0.0929063790794722
451,0.324413578546038,0.523497370243631,0.152089051210331,0,0
452,0.0485075864839539,0,0.272056027098595,0.456794725013515,0.222641661403936
453,0,0.067410555109534,0.199574830764251,0.698317655015033,0.0346969591111819
454,0,0.152562777550554,0.0718510785884034,0.25954304566476,0.516043098196283
455,0,0,0.327786231289785,0.413606619033113,0.258607149677102
456,0.350196932244228,0.130167642621131,0.326329215611095,0.193306209523546,0
457,0.0322530686658979,0.0399369705088864,0.476971670999518,0.443289480780664,0.0075488090450335
458,0.0322530686658979,0.0990489837242537,0.00244389044528396,0.700697111577854,0.165556945586711
459,0.269576811321494,0.193149460210736,0,0.0130158245510115,0.524257903916758
460,0,0,0.140891283035502,0.312728005430917,0.546380711533581
461,0.0075488090450335,0.520471160487783,0.414443244824589,0.0575367856425941,0
462,0,0.0990489837242537,0.090128213144882,0.446190298282102,0.364632504848763
463,0.569724477446224,0.430275522553776,0,0,0
464,0.123000981876904,0.378451601686239,0.399498432712604,0.0990489837242537,0
465,0.24817369954303,0.514137769393921,0.237688531063049,0,0
466,0.0264517776706136,0.21769188699672,0.39058183639295,0.352258674388706,0.0130158245510115
467,0.0582094199682903,0.304651828760885,0.465320271015955,0.17181848025487,0
468,0.101584831692791,0.269046452789834,0.629368715517375,0,0
469,0.322732204046872,0.390091169497926,0.254923557789304,0.0322530686658979,0
470,0.12055709143162,0.229639840812608,0.275267745037113,0.21408618858552,0.16044913413314
471,0.229639840812608,0.631724359558556,0.138635799628836,0,0
472,0.127950756284121,0.641700736220555,0.22790461705004,0.00244389044528396,0
473,0.0441866856022763,0.868163560226644,0.00244389044528396,0.052952795059898,0.0322530686658979
474,0.0951381625315142,0.392733486302473,0.0904624886341883,0.421665862531825,0
475,0.14323566932653,0.374780125791191,0.481984204882279,0,0
476,0,0,0.352258674388706,0.176452238324105,0.471289087287189
477,0.24817369954303,0.514137769393921,0.237688531063049,0,0
478,0.141903950502484,0.0075488090450335,0.287176626455202,0.392503044310309,0.170867569686971
479,0,0.435451894794195,0.286400677909243,0.278147427296562,0
480,0,0,0.538701494787667,0.451305805722015,0.00999269949031746
481,0,0,0.340056318267648,0.593327929444578,0.0666157522877735
482,0.140632432662421,0.443486447942912,0.187358447919139,0.145840808408316,0.0826818630672112
483,0.20900164842446,0.277387949806618,0.177372768187027,0.336237633581895,0
484,0.128105900476653,0.19192287017804,0.677527338900023,0.00244389044528396,0
485,0.0712252445193019,0.229216626345385,0.416318360585943,0.28323976854937,0
486,0,0,0.0130158245510115,0.421474137542433,0.565510037906556
487,0.201070364034508,0.289030409583436,0.287849260780898,0.101492874169538,0.12055709143162
488,0.0883101567686996,0.0883094641948853,0.161300523404612,0.291548731783694,0.370531123848109
489,0.689553440232451,0.297430735216537,0.0130158245510115,0,0
490,0,0,0,0.51517519212707,0.48482480787293
491,0,0,0.419165026805126,0.441042557497628,0.139792415697245
492,0.0189029686255801,0.0346969591111819,0.42142217676353,0.417012315455801,0.107965580043907
493,0,0,0.253725875554478,0.336817625000604,0.409456499444919
494,0,0,0.220220715207052,0.122057507765583,0.657721777027366
495,0,0,0.229639840812608,0.114934931733109,0.655425227454283
496,0,0.274959625386354,0.147556570208208,0.577483804405438,0
497,0.101460381543852,0.219606075155873,0.185153393754004,0.493780149546271,0
498,0,0,0.216427805902647,0.673627279481753,0.1099449146156
499,0.0541793850925937,0.913567546241508,0,0.0322530686658979,0
500,0.0615234110349654,0.684420937244943,0.254055651720092,0,0
501,0,0.302730620843525,0.141429844678424,0.307296725039863,0.248542809438188
502,0.302287938223085,0.541497745622134,0.0868071280116616,0.0694071881431195,0
503,0.0485075864839539,0.210298471178621,0.0322530686658979,0.422946050336154,0.285994823335374
504,0,0.12238128181078,0.658012643033347,0.0990489837242537,0.12055709143162
505,0,0.0588399391344665,0.229639840812608,0.0606533104135743,0.650866909639351
506,0.278147427296562,0.157258403692544,0.44159318713399,0.123000981876904,0
507,0,0.00244389044528396,0,0.914874246487505,0.0826818630672112
508,0.203040528139569,0.554495204442092,0.152001778784152,0.0904624886341883,0
509,0,0.229639840812608,0,0.203888979740104,0.566471179447288
510,0,0,0.0322530686658979,0.510916880988771,0.456830050345332
511,0.194474270217463,0.31775246563305,0.369858489522413,0.117914774627073,0
512,0,0.0582094199682903,0.0839885633132077,0.737244925286882,0.12055709143162
513,0.0399369705088864,0.120358665072357,0.235244640617765,0.32765113849183,0.276808585309161
514,0.240170708751919,0.67906863609823,0.0807606551498518,0,0
515,0.175488737992428,0.784574291498686,0.0399369705088864,0,0
516,0.227274097883864,0.460439130399756,0.157753830060765,0.154532941655615,0
517,0,0.12055709143162,0.538987295715483,0.340455612852898,0
518,0,0.494267426638427,0.223074021700603,0.28265855166097,0
519,0,0.020564633596045,0.618931874209602,0.120563225434597,0.239940266759755
520,0,0.106597792769287,0.500284522869225,0.393117684361488,0
521,0.477743556668575,0.336478664414223,0.185777778917202,0,0
522,0,0,0.615222489621417,0.352524441712685,0.0322530686658979
523,0.122618833576098,0.0154597149962955,0.518015795117721,0.285696236341595,0.0582094199682903
524,0.0252837169766962,0.525526324017831,0.299097540828728,0.067410555109534,0.0826818630672112
525,0.224418541236032,0.313132977757594,0.393041292863254,0.0694071881431195,0
526,0,0,0.333878024656129,0.310320243294486,0.355801732049385
527,0,0.12055709143162,0.021346859070864,0.809588463013562,0.0485075864839539
528,0.125873997899157,0.74602010162419,0.128105900476653,0,0
529,0.386898244505152,0.464817056641248,0.1482846988536,0,0
530,0,0.00999269949031746,0,0.0910930078003645,0.898914292709318
531,0.154532941655615,0.495129591873039,0.350337466471346,0,0
532,0.0485075864839539,0.0826818630672112,0,0.0582094199682903,0.810601130480544
533,0,0,0.147008869102233,0.606055475735717,0.24693565516205
534,0.0509514769292379,0,0.69784392867481,0.211267623887066,0.0399369705088864
535,0,0,0.0322530686658979,0.113728273969537,0.854018657364566
536,0.360829290363773,0.344975632667652,0.0599806760878781,0.176004980912407,0.0582094199682903
537,0.0904624886341882,0.41369819707253,0.423988235704878,0.0718510785884034,0
538,0.0277276074219802,0.710824018110899,0.261448374467121,0,0
539,0,0.0213468590708641,0.0075488090450335,0.478885859158672,0.492218472725431
540,0,0,0,0.521266720112842,0.478733279887158
541,0,0,0.210772197518844,0.379986281810686,0.40924152067047
542,0.128105900476653,0.19192287017804,0.677527338900023,0.00244389044528396,0
543,0.12055709143162,0.0399369705088864,0.402767251959207,0.297477052402349,0.139261633697937
544,0,0.122618833576098,0.740563423171249,0.136817743252653,0
545,0,0,0,0.112933471147776,0.887066528852224
546,0.0884445569928403,0.722378246138024,0.117951952349834,0.0712252445193019,0
547,0,0,0,0.0485075864839539,0.951492413516046
548,0,0.346315277606536,0.572924067243612,0.0322530686658979,0.0485075864839539
549,0.388496473771936,0.342667591352412,0.159702294137828,0.0902306721122447,0.0189029686255801
550,0.0322530686658979,0,0.0826818630672112,0.460613409699268,0.424451658567623
551,0,0,0.0990489837242537,0.101660256809017,0.799290759466729
552,0,0.101492874169538,0.33195980811664,0.184007151813108,0.382540165900714
553,0.0189029686255801,0.0252837169766962,0.550049278989752,0.357256448924018,0.0485075864839539
554,0.0322530686658979,0.430101386180147,0.537645545153955,0,0
555,0.12055709143162,0.756959167790238,0.0902306721122447,0.0322530686658979,0
556,0,0.399128831891481,0.250574075229776,0.189803030938237,0.160494061940506
557,0.176004980912407,0.0904624886341883,0.685024943969451,0.0485075864839539,0
558,0.502724777631342,0.291163251847573,0.0981463904771768,0.107965580043907,0
559,0.145840808408316,0.0075488090450335,0.152562777550554,0.280152916733439,0.413894688262657
560,0.12055709143162,0.0826818630672112,0.557079629114494,0.239681416386675,0
561,0.594979876056952,0.258011254840814,0.147008869102233,0,0
562,0.12055709143162,0.660030574674695,0.120363350169432,0.0990489837242537,0
563,0.00244389044528396,0,0.365139406141762,0.20144508929482,0.430971614118134
564,0.0943559370566951,0.467136973930378,0.350196932244228,0.0883101567686995,0
565,0,0,0.291796114330658,0.239667865634742,0.4685360200346
566,0,0,0,0.40324547664976,0.59675452335024
567,0,0.208867248200319,0.09104194599002,0.604393118191438,0.0956976876182228
568,0,0.166459538833788,0.526105781373663,0.30743467979255,0
569,0,0,0.152562777550554,0.41364768519953,0.433789537249916
570,0.133745942835436,0.136817743252653,0.729436313911911,0,0
571,0.0399369705088864,0.270262206711699,0.641293236295461,0.0485075864839539,0
572,0.0485075864839539,0.0826818630672112,0.61492179157857,0.240872934319254,0.0130158245510115
573,0.131302052390152,0.489458565942165,0.379239381667683,0,0
574,0,0.00244389044528396,0.0737913034606501,0.31213030593454,0.611634500159526
575,0,0,0.0399369705088864,0.54105925132249,0.419003778168624
576,0,0,0,0,1
577,0.605754407828159,0.394245592171841,0,0,0
578,0,0,0.925366070379932,0.0746339296200683,0
579,0,0,0.273119868982174,0.611756792246099,0.115123338771727
580,0,0.201070364034508,0.179261937768131,0.411370687604073,0.208297010593288
581,0,0.0826818630672112,0,0.449950721010248,0.467367415922541
582,0.115514389088941,0.184815846216452,0.550706297512333,0.148963467182274,0
583,0,0.0485075864839539,0.12055709143162,0.437822465274686,0.39311285680974
584,0,0.235492023164729,0.481884700728023,0.282623276107248,0
585,0.872055348159849,0.127944651840151,0,0,0
586,0.357256448924018,0.150784478371563,0.248260465168777,0.243698607535642,0
587,0.12055709143162,0.374859008394438,0.472330831508044,0.0322530686658979,0
588,0.0990489837242536,0.109209065854051,0.074299654130762,0.66893470980698,0.0485075864839539
589,0,0.0485075864839539,0.273826526414884,0.554664905224258,0.123000981876904
590,0.974716283023304,0,0.0252837169766962,0,0
591,0.0322530686658979,0.152562777550554,0.303729731267036,0.355103424484715,0.156350998031797
592,0,0,0.0130158245510115,0.69694685605055,0.290037319398439
593,0.145840808408316,0.140392158633392,0.478522392340527,0.235244640617765,0
594,0.0382995415277077,0.272071593123615,0.358328767727052,0.331300097621625,0
595,0,0,0.735736758868313,0.25427054164137,0.00999269949031746
596,0.0213468590708641,0.780715739146064,0.0899718217391645,0.107965580043907,0
597,0.761252812512212,0.238747187487788,0,0,0
598,0,0,0,0.184815846216452,0.815184153783548
599,0.0956976876182228,0.707242030978302,0.197060281403475,0,0
600,0.189140019146375,0.171239022899038,0.229690732169445,0.180290384972534,0.229639840812608
601,0,0,0,0.286738225446795,0.713261774553205
602,0,0,0.191782335950922,0.124947340752128,0.68327032329695
603,0.0694071881431195,0.133572915982631,0.459667741035768,0.337352154838481,0
604,0.0399369705088864,0.708575338881409,0.251487690609705,0,0
605,0,0.0946909051198157,0.0582094199682903,0,0.847099674911894
606,0,0.101660256809017,0.0130158245510115,0.413299920622324,0.472023998017647
607,0.0189029686255801,0.229639840812608,0.179816658632311,0.259527166549762,0.312113365379739
608,0,0,0.15785174513596,0.413315060453318,0.428833194410722
609,0,0.184819118264698,0.483942875079663,0.0560563955289874,0.275181611126652
610,0.0189029686255801,0.0834931369449865,0.769653138145313,0.0826818630672112,0.0452688932169095
611,0.273045057743364,0.668745522288346,0.0582094199682903,0,0
612,0.192030379772179,0.520714846256079,0.152810160097518,0.134444613874224,0
613,0,0,0.00244389044528396,0.382874314073425,0.614681795481291
614,0,0.0319187931765916,0,0.32013192219587,0.647949284627538
615,0.170991327262097,0.670313288415078,0.158695384322825,0,0
616,0.254923557789304,0.528546363179892,0.216530079030803,0,0
617,0.363212756795239,0.476675656609173,0,0.0075488090450335,0.152562777550554
618,0.0277276074219801,0.0694071881431195,0.69386355601044,0.20900164842446,0
619,0,0,0.923764806094066,0.0762351939059341,0
620,0.414017286020653,0.328615265744759,0.254923557789304,0,0.00244389044528396
621,0,0,0.62815296159551,0.329935545737581,0.0419114926669091
622,0.0694071881431195,0.306413203167535,0.378710452059319,0.245469156630026,0
623,0.916506863055013,0,0.0834931369449865,0,0
624,0,0.640802569400437,0.356753540154279,0.00244389044528396,0
625,0.00244389044528396,0.437820612883743,0.474529632945178,0.0852058637257959,0
626,0.0322530686658979,0.736947641746954,0.19249974805944,0.0252837169766962,0.0130158245510115
627,0.122618833576098,0.54090250200968,0.336478664414223,0,0
628,0.299047028955727,0.0851257535124952,0.287211951787019,0.216550457469494,0.112064808275265
629,0,0,0.545347710585624,0.355603305690123,0.0990489837242537
630,0.520957348015375,0.479042651984625,0,0,0
631,0,0.0883101567686996,0.267497709283663,0.644192133947637,0
632,0.613409118342309,0.245469156630026,0.128105900476653,0.0130158245510115,0
633,0.0585002859742714,0.333638413641906,0.225658682020661,0.382202618363162,0
634,0.252283456985071,0.74771654301493,0,0,0
635,0.210528913170784,0.559831246016608,0.229639840812608,0,0
636,0,0,0,0.635942801472871,0.364057198527129
637,0.0189029686255801,0.301490919401011,0.459575723654236,0.220030388319173,0
638,0.0399369705088864,0.0075488090450335,0.273630316055935,0.440412038331452,0.238471866058693
639,0,0,0.0774032545998515,0.621470250797221,0.301126494602928
640,0.0322530686658979,0,0.322363279453886,0.521662678420362,0.123720973459854
641,0,0.336356847264852,0.333886457463163,0.329756695271985,0
642,0.837102290324502,0.136445932004885,0.0264517776706136,0,0
643,0.440412038331452,0.261658102049901,0.297929859618647,0,0
644,0.0189029686255801,0.0926745625575287,0.18425484745005,0.583610529935222,0.12055709143162
645,0.0398018777109314,0.0694071881431195,0.680982824257384,0.209808109888565,0
646,0,0,0,0.159794251661082,0.840205748338918
647,0,0.0929063790794722,0.0189029686255801,0.724168676722053,0.164021975572895
648,0,0.0582094199682903,0,0.620858523556125,0.320932056475585
649,0.0826818630672112,0,0.00244389044528396,0.434858129883132,0.480016116604373
650,0.181458445666452,0.300366730305725,0.377542391365402,0.140632432662421,0
651,0.0990489837242537,0,0.301490919401011,0.290046082510493,0.309414014364242
652,0.0130158245510115,0.296028588992108,0.572765490400712,0.0859370273902705,0.0322530686658979
653,0.0252837169766962,0.940019323912122,0.0346969591111819,0,0
654,0.0252837169766962,0.400126602243432,0.555686712154292,0.0189029686255801,0
655,0,0,0.163220845566743,0.400645194798758,0.436133959634498
656,0.171239022899038,0.692744170673047,0.136016806427915,0,0
657,0.12761660811141,0.67399873269382,0.149877072710816,0.0485075864839539,0
658,0,0.120358665072357,0.219606075155874,0.608879222480291,0.051156037291478
659,0.305284927401492,0.542152295047954,0.152562777550554,0,0
660,0.1034783131852,0.0328325260217297,0.269576811321494,0.259818725129557,0.334293624342019
661,0,0.0694071881431195,0.110489580702492,0.761893811186098,0.0582094199682903
662,0.051156037291478,0.80382741472857,0.096508961495998,0.0485075864839539,0
663,0,0.12761660811141,0.184524392911869,0.687858998976721,0
664,0,0.0075488090450335,0.130399459143075,0.578299504710173,0.283752227101719
665,0,0.0694071881431195,0.136016806427915,0.604546616743334,0.190029388685632
666,0.258607149677102,0.418016903402029,0.224326963196615,0.0990489837242537,0
667,0,0,0,0.0130158245510115,0.986984175448988
668,0.248542809438188,0.0967998275019791,0.392503044310309,0.192747130606404,0.0694071881431195
669,0.0130158245510115,0.30743467979255,0.189964279574739,0.127944651840151,0.361640564241548
670,0,0.203238954498831,0.395846856457706,0.400914189043462,0
671,0.809164149850263,0.117044546689087,0.0737913034606501,0,0
672,0.160494061940506,0.644759266717017,0.194746671342476,0,0
673,0,0.0851257535124952,0.133572915982631,0.0441866856022763,0.737114644902597
674,0.270557552085111,0.479237973506236,0.020564633596045,0.229639840812608,0
675,0,0,0.250709168027731,0.517207100714377,0.232083731257892
676,0.384646508808446,0.42260636058515,0.0721900391747844,0.12055709143162,0
677,0.997556109554716,0.00244389044528396,0,0,0
678,0.601808693519035,0.251337581571264,0.146853724909701,0,0
679,0,0,0.214086188585519,0.451172565315004,0.334741246099476
680,0.368990583453201,0.485362349400671,0.0868071280116616,0.0399369705088864,0.0189029686255801
681,0.153907107586513,0.249944955662617,0.408654396033776,0.147556570208208,0.0399369705088864
682,0.17876651139991,0,0.694289514814376,0.126943973785714,0
683,0.229448442867328,0.426432126150162,0.152089051210331,0.192030379772179,0
684,0.0252837169766962,0,0.669817071715455,0.272646142641951,0.0322530686658979
685,0.229639840812608,0.0721900391747844,0.549885421159008,0.1482846988536,0
686,0.100590280922461,0.670880913599034,0.101660256809017,0.126868548669487,0
687,0,0,0.384646508808446,0.394723359936235,0.220630131255319
688,0,0,0,0.361897161098896,0.638102838901104
689,0,0,0.245567867887429,0.364298229359457,0.390133902753114
690,0.242655665363619,0.442467989863235,0.162313567222592,0.152562777550554,0
691,0.567541996271958,0.432458003728042,0,0,0
692,0.00244389044528396,0.082423012694131,0.847722541751051,0.067410555109534,0
693,0.243040832209763,0.450865545985401,0.153530844254282,0.152562777550554,0
694,0.160111586595588,0.0252837169766962,0.542670211375143,0.271934485052573,0
695,0,0.0826818630672112,0.0606533104135743,0.261437567915299,0.595227258603916
696,0,0,0.648183437738852,0.338800737710136,0.0130158245510115
697,0.203238954498831,0.478570709661348,0.16802249254685,0.150167843292971,0
698,0,0,0.0902306721122447,0.312512454235346,0.59725687365241
699,0.12055709143162,0,0.205515572610452,0.32824973095464,0.345677605003288
700,0.0399369705088864,0.123000981876904,0.499116884667964,0.172840287184904,0.165104875761342
701,0.2365948556223,0.120697625658738,0.642707518718962,0,0
702,0,0.106717006452244,0.0782365120365942,0.815046481511162,0
703,0.0908884474381243,0.128112034479631,0.12055709143162,0.382202618363162,0.278239808287463
704,0.0322530686658979,0.534291669573493,0.294565439310441,0.138889822450168,0
705,0.0575367856425941,0.589303799112567,0.353159415244839,0,0
706,0,0,0.0990489837242537,0.563908446576577,0.337042569699169
707,0.0582094199682903,0.532407639378894,0.237450059128659,0.169488991078873,0.00244389044528396
708,0,0,0.211402716685021,0.71919009517186,0.0694071881431195
709,0.082423012694131,0.349773717777005,0.305875034718542,0.109365457259768,0.152562777550554
710,0.0075488090450335,0.279339368696788,0.133837900358689,0.159669801512142,0.419604120387347
711,0,0,0.0834931369449865,0.454238988532543,0.462267874522471
712,0,0.0582094199682903,0.082423012694131,0.0832045455951358,0.776163021742443
713,0.00244389044528396,0,0.204190762603725,0.462140674445592,0.331224672505399
714,0,0,0,0.0322530686658979,0.967746931334102
715,0.0319187931765916,0.625045024213662,0.222479091178127,0.12055709143162,0
716,0.16293795238579,0.615427049983657,0.208619173079541,0.0130158245510115,0
717,0,0.0606533104135743,0.259160570319841,0.329989187022357,0.350196932244228
718,0.5206860433104,0.4793139566896,0,0,0
719,0,0.0990489837242537,0.0322530686658979,0.467328371875657,0.401369575734191
720,0.221532724502396,0.734280589895327,0.0252837169766962,0.0189029686255801,0
721,0,0.117044546689087,0.0959933660378738,0.634399309722485,0.152562777550554
722,0,0,0.324071345911412,0.476332524716575,0.199596129372013
723,0.0826818630672112,0.188221669362486,0.696843398904404,0.0322530686658979,0
724,0,0,0,0.448924101666544,0.551075898333456
725,0.68646989115794,0.0884445569928403,0.142403688782009,0.0826818630672112,0
726,0.224661238685921,0.200633815417045,0.443726029398127,0.09104194599002,0.0399369705088864
727,0.0252837169766962,0.0582094199682903,0.133633339996449,0.464625631057293,0.318247892001271
728,0,0.0582094199682903,0,0.51831813604848,0.423472443983229
729,0.0958589658137331,0.871887965520369,0.0322530686658979,0,0
730,0.229639840812608,0.257418339591425,0.467672926379058,0.0322530686658979,0.0130158245510115
731,0.160111586595588,0.418817037681744,0.418627485277385,0.00244389044528396,0
732,0,0.152562777550554,0.285661967192962,0.386491077626296,0.175284177630188
733,0,0.414121411539754,0.303557460746321,0.282321127713926,0
734,0.114934931733109,0.574417047120997,0.310648021145894,0,0
735,0.0485075864839539,0.0252837169766962,0.664129802906052,0.262078893633298,0
736,0.0252837169766962,0,0.23442818128115,0.347554615439681,0.392733486302473
737,0.152900325088106,0.355942266276504,0.379092600360125,0.0130158245510115,0.0990489837242537
738,0.374214715735907,0.386152743961167,0.237188649857641,0,0.00244389044528396
739,0.0452688932169095,0.618232063930178,0.336499042852913,0,0
740,0,0.0485075864839539,0.648805180707712,0.249087305071572,0.053599927736762
741,0,0,0,0.242917074634637,0.757082925365363
742,0,0.211402716685021,0.538987295715483,0.242061178554463,0.0075488090450335
743,0,0,0.0990489837242537,0.0382995415277077,0.862651474748039
744,0.00244389044528396,0.413456287254251,0.0813401125056836,0.502759709794782,0
745,0.0793998876334369,0.585495214146769,0,0.335104898219794,0
746,0,0,0.167343060706115,0.0639673014802494,0.768689637813635
747,0.0946909051198156,0.117951952349834,0.247761340766667,0.491088215279729,0.0485075864839539
748,0.350075866170327,0.421482600777347,0.0572025101532878,0.0721900391747844,0.0990489837242537
749,0.0582094199682903,0,0.549206652830334,0.373680958575796,0.0189029686255801
750,0,0.00244389044528396,0.0485075864839539,0.748999965966288,0.200048557104474
751,0,0,0.375806840558722,0.482595932123375,0.141597227317904
752,0.160494061940506,0.762393549465623,0.0771123885938704,0,0
753,0.242655665363619,0.342224908731971,0.338679671636235,0.0764397542681742,0
754,0,0,0.156585769366848,0.570488102913166,0.272926127719986
755,0.205765990176498,0.0663887481795,0.261892909478506,0.0252837169766962,0.4406686351888
756,0.0346969591111819,0.516058977311281,0.328686972145918,0.12055709143162,0
757,0.582839013254638,0.315500729936344,0.0694071881431195,0.0322530686658979,0
758,0,0.229639840812608,0.137948268188108,0.452595232366973,0.179816658632311
759,0.430152590155752,0.33812810338444,0.111162215028188,0.12055709143162,0
760,0.0929063790794722,0.269706035497044,0.48482480787293,0.152562777550554,0
761,0.152562777550554,0.0582094199682903,0.136281790803973,0.180389096229937,0.472556915447245
762,0.287849260780898,0.0826818630672112,0.350253578120206,0.279215298031685,0
763,0.0826818630672112,0.146653976961131,0.191109701625225,0.231962665183991,0.347591793162442
764,0.152562777550554,0.171713128723098,0.576675110002094,0.0990489837242537,0
765,0.0328325260217297,0.350232257576044,0.0485075864839539,0.483301876405777,0.0851257535124952
766,0.18578391292018,0.592990381907026,0.109160896897528,0.112064808275265,0
767,0.0474857795539199,0.165825984648529,0.465695755308149,0.221943496765149,0.0990489837242537
768,0.328688824536862,0.327191744480629,0.254147609243345,0.076955997188153,0.0130158245510115
769,0.0582094199682903,0.497717007452103,0.206396509342674,0.237677063236933,0
770,0,0.345151238994888,0.654848761005113,0,0
771,0,0.152562777550554,0.0346969591111819,0.666899454929948,0.145840808408316
772,0.117914774627073,0.204050228376606,0.668042297506003,0.00999269949031746,0
773,0,0,0.0075488090450335,0.425001152206263,0.567450038748704
774,0.0834931369449865,0,0.657162243749516,0.189937431162378,0.0694071881431195
775,0,0.00244389044528396,0.925366070379932,0.0721900391747844,0
776,0.053599927736762,0.863718209196027,0.0826818630672112,0,0
777,0.298409719961848,0.464323482663971,0.0682021194586078,0.169064677915574,0
778,0.159794251661082,0.690253250511876,0.020564633596045,0.0946909051198157,0.0346969591111819
779,0.769786585302631,0.230213414697369,0,0,0
780,0.133411667346129,0.866588332653871,0,0,0
781,0.432132288362366,0.436899934736789,0.130967776900845,0,0
782,0.248542809438188,0.170565094249537,0.388866074593058,0.122618833576098,0.0694071881431195
783,0.0990489837242537,0.152089051210331,0.690652545097125,0.0582094199682903,0
784,0,0.785086971511685,0.0943559370566951,0.12055709143162,0
785,0.222141923124411,0.590598340213853,0.187259736661736,0,0
786,0,0.0771123885938704,0.471612772962969,0.438259013892149,0.0130158245510115
787,0.0399369705088864,0.0322530686658979,0.0252837169766962,0.240289922434876,0.662236321413644
788,0.0485075864839539,0.368625795045748,0.238026078600601,0.0322530686658979,0.312587471203799
789,0,0.582836433780207,0.35194287873421,0.0652206874855826,0
790,0.131302052390152,0.761980941157604,0.106717006452244,0,0
791,0.0452688932169094,0.404684043793651,0.387491585948568,0.162555477040872,0
792,0.151866685986197,0.301186918616745,0.407486335339858,0.1394600600572,0
793,0.101584831692791,0.0575367856425941,0.199132718636693,0.372168852706428,0.269576811321494
794,0.411632096875091,0.308523485526066,0.221634997630553,0,0.0582094199682903
795,0,0.152562777550554,0.0130158245510115,0.227323736793993,0.607097661104441
796,0.283838361012181,0.344895379528469,0.371266259459351,0,0
797,0,0.122618833576098,0.0641718618424895,0.463012372337185,0.350196932244228
798,0.17784649452725,0.75274631732963,0.0694071881431195,0,0
799,0.141429844678424,0.406788391384557,0.369099900869808,0.0826818630672112,0
800,0.345111481797696,0.386949135861989,0.254923557789304,0,0.0130158245510115
801,0.147556570208208,0.0857853210816277,0.504765199231659,0.261892909478506,0
802,0.311419410509882,0.531322185797574,0.157258403692544,0,0
803,0,0.286135693533185,0,0.0322530686658979,0.681611237800917
804,0,0,0,0.604419966603799,0.395580033396201
805,0.0884445569928403,0.12055709143162,0.32480716989917,0.46619118167637,0
806,0,0.483089506100652,0.417861510175094,0.0990489837242537,0
807,0.226665591835663,0.205515572610452,0.379732258989353,0.162802859587835,0.0252837169766962
808,0.00244389044528396,0.182080502466585,0.450269972067927,0.346302666394623,0.0189029686255801
809,0.370531123848109,0.534777971032075,0.0946909051198157,0,0
810,0,0,0.251138034934584,0.748861965065416,0
811,0.430710204847116,0.377263773433667,0.192026021719217,0,0
812,0.12761660811141,0.716549883989957,0.155833507898634,0,0
813,0.0075488090450335,0.285974444896683,0.634286706883499,0.0322530686658979,0.0399369705088864
814,0.141521802201678,0.707853065645583,0.0606533104135743,0.0899718217391645,0
815,0.0588399391344665,0.0980112976792218,0.107965580043907,0.385184677257439,0.349998505884965
816,0,0.0485075864839539,0.19249974805944,0.497048864621263,0.261943800835343
817,0,0,0.312510110918437,0.333255938296987,0.354233950784576
818,0,0.229639840812608,0.224752816725338,0.303907568240005,0.241699774222049
819,0.393336018216082,0.564283120829747,0.0399369705088864,0,0.00244389044528396
820,0.12433270070095,0.157873043743722,0.435201619682822,0.282592635872506,0
821,0,0.0130158245510115,0,0.17876651139991,0.808217664049078
822,0,0.389292033396994,0.578789173426414,0.0189029686255801,0.0130158245510115
823,0.97227239257802,0.0277276074219802,0,0,0
824,0,0,0,0.160024693653245,0.839975306346755
825,0,0,0,0.87944290856838,0.12055709143162
826,0.147341224742279,0.298743028171461,0.41445568702906,0.1394600600572,0
827,0,0.152562777550554,0,0.0834931369449865,0.76394408550446
828,0.32765113849183,0.313389574614942,0.358959286893228,0,0
829,0.442855928776736,0.30108741446249,0.256056656760774,0,0
830,0.80325053684717,0.19674946315283,0,0,0
831,0,0.0826818630672112,0.051156037291478,0.26190693620256,0.604255163438751
832,0.306752229406478,0.576354802896482,0.116892967697039,0,0
833,0.272646142641951,0.695100788692152,0,0,0.0322530686658979
834,0,0,0.0694071881431195,0.155833507898633,0.774759303958247
835,0,0,0,0.288863026943957,0.711136973056044
836,0.207364219443282,0.618726143935301,0.0213468590708641,0.152562777550554,0
837,0.197831670767464,0.0560563955289874,0.0841236561111627,0.349666573712567,0.312321703879819
838,0,0,0.287016630265408,0.590364536158495,0.122618833576098
839,0,0,0.290293151226182,0.328615265744759,0.381091583029059
840,0.229639840812608,0.225917532393741,0.253931581054989,0.137948268188108,0.152562777550554
841,0.0582094199682903,0.0322530686658979,0,0.685210548169197,0.224326963196615
842,0.341704649087873,0.367784305173465,0.290511045738662,0,0
843,0,0,0,0.152648911461016,0.847351088538984
844,0.0990489837242537,0.444246289042225,0.418405185705813,0.0252837169766962,0.0130158245510115
845,0,0,0.272646142641951,0.425523977370657,0.301829879987392
846,0,0.219606075155873,0.542651752496301,0.155060309280614,0.0826818630672112
847,0.157716652338005,0.696603787890181,0.145679559771814,0,0
848,0,0,0.807297797200963,0.192702202799037,0
849,0.318084397805448,0.347718109635505,0.236055914495541,0.0826818630672112,0.0154597149962955
850,0,0,0.12055709143162,0.220291170668938,0.659151737899442
851,0.0826818630672112,0,0.337346570483435,0.451725131745582,0.128246434703772
852,0,0,0,0.320528288250732,0.679471711749268
853,0.340939840139976,0.373957717753771,0.164743777033896,0.120358665072357,0
854,0.0990489837242537,0.520407483408618,0.273826526414884,0.106717006452244,0
855,0.0690722200799989,0.19719537420143,0.682576368427093,0.051156037291478,0
856,0.12055709143162,0.344588799269771,0.12433270070095,0.293811702655097,0.116709705942562
857,0.0075488090450335,0.082423012694131,0.36564409976084,0.495876492016042,0.0485075864839539
858,0,0,0,0.261696418288379,0.738303581711621
859,0,0.164807212737577,0.306093621804836,0.250951738161024,0.278147427296562
860,0.350075866170327,0.326148802308606,0.0996636237754319,0.0399369705088864,0.184174737236749
861,0.382540165900714,0.534777971032075,0.0826818630672112,0,0
862,0.216254779049843,0.487946774073073,0.295798446877084,0,0
863,0.250709168027731,0.144205274102177,0.0075488090450335,0.113593873745396,0.483942875079663
864,0,0.0252837169766962,0.00244389044528396,0.462631341340616,0.509641051237404
865,0.537456668905964,0.43725961411734,0.0252837169766962,0,0
866,0.643751153464799,0.356248846535201,0,0,0
867,0,0.0189029686255801,0.449670229131781,0.17510238766533,0.35632441457731
868,1,0,0,0,0
869,0.330322379135462,0.584551867352043,0.0851257535124952,0,0
870,0.0322530686658979,0.160024693653245,0.578082396868249,0.229639840812608,0
871,0,0.410468094356996,0.31641203666083,0.273119868982174,0
872,0.229639840812608,0.1394600600572,0.174381584383111,0.44350269019607,0.0130158245510115
873,0,0.0154597149962955,0,0.657426688039616,0.327113596964088
874,0,0,0,0,1
875,0,0,0.0694071881431195,0.478781242713607,0.451811569143274
876,0.0399369705088864,0.6598705784849,0.300192451006214,0,0
877,0.0399369705088864,0.203514254479792,0.632216074310372,0.12433270070095,0
878,0.12055709143162,0.411370687604073,0.317108128225188,0.15096409273912,0
879,0,0.509309119065006,0.335684212939156,0.155006667995838,0
880,0,0.419604120387347,0.0322530686658979,0.480732255837221,0.067410555109534
881,0,0.0990489837242536,0.523341283945627,0.377609732330119,0
882,0.184174737236749,0.106717006452244,0.66917128580212,0.0399369705088864,0
883,0,0.120981404594919,0.00244389044528396,0.730055128222807,0.14651957673699
884,0,0,0.748327577682211,0.217309738695913,0.0343626836218756
885,0,0.0582094199682903,0.27840883656758,0.66338174346413,0
886,0.368817556600397,0.227112849247362,0.134492782830747,0.269576811321494,0
887,0.382202618363162,0.278698056932924,0.320196356078334,0.0189029686255801,0
888,0,0.645533884509165,0.354466115490835,0,0
889,0.12055709143162,0.148440092080535,0.624450093691185,0.0935368982456484,0.0130158245510115
890,0.950070330000796,0.0399369705088864,0.00999269949031746,0,0
891,0.31775246563305,0.633739947882996,0.0485075864839539,0,0
892,0,0,0.0328325260217297,0.170992019835911,0.79617545414236
893,0.0485075864839539,0.00244389044528396,0.165104875761342,0.244482625253714,0.539461022055706
894,0.203238954498831,0.323416320513471,0.125873997899157,0.248421743364287,0.0990489837242537
895,0.0189029686255801,0,0.654137103415735,0.324516037513401,0.00244389044528396
896,0,0,0.171802601139872,0.550571897288192,0.277625501571936
897,0.273119868982174,0.387491585948568,0.236142048406002,0.103246496663256,0
898,0.0322530686658979,0.236055914495541,0.0794045727305115,0.384172782468223,0.268113661639827
899,0.00244389044528396,0.428931905668125,0.267238858910583,0.218703481908797,0.0826818630672112
900,0,0.0826818630672112,0.769362272139332,0.100243081131264,0.0477127836621934
901,0.0075488090450335,0,0.109160896897528,0.311123396119537,0.572166897937901
902,0.161300523404612,0.692164713317215,0.146534763278174,0,0
903,0.328688824536861,0.198799737471192,0.280668678027207,0,0.191842759964739
904,0.0423808609541704,0.449124849894581,0,0,0.508494289151249
905,0.0582094199682903,0.194943638504724,0.3969788433429,0.349868098184085,0
906,0.525537791843947,0.449178491179356,0.0252837169766962,0,0
907,0,0.512774816440324,0.327113596964088,0.160111586595588,0
908,0.319870512924853,0.217498145734532,0.462631341340616,0,0
909,0.0990489837242537,0.26190693620256,0.322971785502087,0.3160722945711,0
910,0.0322530686658979,0.233676859352956,0.685562485497192,0.0485075864839539,0
911,0.101660256809017,0.241007334543394,0.558379556706306,0.0606533104135743,0.0382995415277077
912,0.0694071881431195,0.12055709143162,0.159702294137828,0.401105586988742,0.249227839298691
913,0,0.0399369705088864,0.12055709143162,0.79099835157554,0.0485075864839539
914,0,0,0.168699000670782,0.478660176639706,0.352640822689512
915,0.425488652038841,0.222217348240637,0.0588399391344665,0.235244640617765,0.0582094199682903
916,0.349536166011687,0.224413856138958,0.147902550552794,0.278147427296562,0
917,0,0.12055709143162,0,0.436980595918567,0.442462312649814
918,0,0,0.00244389044528396,0,0.997556109554716
919,0.12055709143162,0.343233021984189,0.213649639968057,0.264350826647844,0.0582094199682903
920,0.506670098772089,0.461076832562013,0.0322530686658979,0,0
921,0.0582094199682903,0.303804402145415,0.564194874425645,0.0485075864839539,0.0252837169766962
922,0,0,0.0694071881431195,0.234683641851363,0.695909170005518
923,0.141294751880469,0.77602338505232,0.0826818630672112,0,0
924,0,0.233323432700406,0.0252837169766962,0.680739539909324,0.0606533104135743
925,0,0,0,0,1
926,0.115514389088941,0.162313567222592,0.722172043688467,0,0
927,0,0,0,0.0694071881431195,0.930592811856881
928,0.0883101567686996,0.0130158245510115,0.219746609382992,0.280668678027207,0.39825873127009
929,0.0826818630672112,0.151255651318915,0.179809638874106,0.586252846739768,0
930,0,0.181730846791465,0.13796316530314,0.582159597428219,0.0981463904771768
931,0,0.204050228376606,0,0.761587088001518,0.0343626836218756
932,0.106717006452244,0.363350541094419,0.502204845031357,0,0.0277276074219802
933,0.56535937908358,0.43464062091642,0,0,0
934,0,0,0.22508555184922,0.147008869102233,0.627905579048546
935,0.0399369705088864,0.482084575993189,0.417325143084351,0.0606533104135743,0
936,0,0.421687161139587,0.113728273969537,0.0899718217391645,0.374612743151712
937,0.234985790244685,0.193326587962236,0.203077705862329,0.36860991593075,0
938,0.152562777550554,0.616470660528635,0.1482846988536,0.0826818630672112,0
939,0,0.154532941655615,0.407769043218638,0.298712060892607,0.13898595423314
940,0.0075488090450335,0.448010430485439,0.159794251661082,0.232083731257892,0.152562777550554
941,0.222217348240637,0.688531633302417,0.0762351939059341,0,0.0130158245510115
942,0,0,0.355386132363495,0.310320243294486,0.334293624342019
943,0,0.119732831003256,0.12055709143162,0.487824468596301,0.271885608968823
944,0,0,0,0.0826818630672112,0.917318136932789
945,0.235244640617765,0.144041117763188,0.328688824536862,0.191782335950922,0.100243081131264
946,0.301829879987392,0,0.621057731418737,0.0771123885938704,0
947,0.0990489837242537,0,0.56654473823939,0.166363407050816,0.16804287098554
948,0,0.133837900358689,0.357256448924018,0.495889826166282,0.0130158245510115
949,0,0.270477552177627,0.347678230560134,0.381844217262239,0
950,0.0485075864839539,0.0130158245510115,0.0871050880841879,0.499112826492141,0.352258674388706
951,0,0.00244389044528396,0.167343060706115,0.524840111200529,0.305372937648072
952,0.320605648536094,0.0962203701461473,0.425915577625215,0.157258403692544,0
953,0.101584831692791,0.202980104125751,0.475108997442634,0.12127708301457,0.0990489837242537
954,0.250235441687507,0.240170708751919,0.0832045455951358,0,0.426389303965438
955,0,0.273119868982174,0.0990489837242537,0.0399369705088864,0.587894176784686
956,0.615013749101823,0.313135172309773,0.0694071881431195,0.00244389044528396,0
957,0,0,0,0.0575367856425941,0.942463214357406
958,0.798607112859567,0.161455916631547,0.0399369705088864,0,0
959,0.634202818532358,0.365797181467642,0,0,0
960,0.179816658632311,0.051156037291478,0.0399369705088864,0.227154884200907,0.501935449366418
961,0.190141991524618,0.809858008475382,0,0,0
962,0,0,0.0189029686255801,0.0959933660378738,0.885103665336546
963,0.19249974805944,0.584411333124925,0.13796316530314,0.0826818630672112,0.00244389044528396
964,0.114934931733109,0.215941951421293,0.0639673014802494,0.350196932244228,0.254958883121121
965,0,0.346689199915365,0.379243935411238,0.261051040122386,0.0130158245510115
966,0,0,0.782239992202525,0.210211198752442,0.0075488090450335
967,0,0,0.312098178838556,0.52387984558855,0.164021975572895
968,0.0826818630672112,0.864365341872891,0.052952795059898,0,0
969,0.669904971062886,0.32254621989208,0,0.0075488090450335,0
970,0.0990489837242537,0.397909715906421,0.158452501099554,0.344588799269771,0
971,0.101584831692791,0.381919642378465,0.261571968139439,0.254923557789304,0
972,0.453751548558243,0.413752301644595,0.0926942720862302,0.0322530686658979,0.0075488090450335
973,0,0.31040049596246,0.438224744743516,0.190090929714274,0.0612838295797505
974,0.0851257535124952,0.320363738717814,0.594510507769691,0,0
975,0.128105900476653,0.360829290363773,0.322164371468413,0.100590280922461,0.0883101567686995
976,0.0482922410180252,0.580441499522624,0.31305683949106,0.0582094199682903,0
977,0.0452688932169095,0.0485075864839539,0.0582094199682903,0.261986936110044,0.586027164220802
978,0,0.171508568360858,0.522421267072967,0.306070164566175,0
979,0.601808693519035,0.263563430852262,0.134627875628702,0,0
980,0,0,0,0.749795525591347,0.250204474408653
981,0.0990489837242537,0.0252837169766962,0.181210401845194,0.395744836561249,0.298712060892607
982,0,0.0990489837242537,0.242793449662799,0.392823508656591,0.265334057956357
983,0.235244640617765,0.0834931369449865,0.635993329220339,0.0452688932169095,0
984,0,0.251611761274808,0.12055709143162,0.0322530686658979,0.595578078627675
985,0,0,0.197513088619773,0.744277491411937,0.0582094199682903
986,0.0252837169766962,0.12761660811141,0.0826818630672112,0.0189029686255801,0.745514843219103
987,0.0883101567686996,0.625554149698115,0.273119868982174,0.0130158245510115,0
988,0.642644083015281,0.308848330500765,0.0485075864839539,0,0
989,0.211402716685021,0.429031409822381,0.346550048941587,0.0130158245510115,0
990,0.14319849160377,0.519816611061964,0.254303034267055,0.0826818630672112,0
991,0,0.0399369705088864,0,0.406144702930422,0.553918326560691
992,0,0,0.239229035364404,0.691363776492477,0.0694071881431195
993,0.328688824536862,0.1668809442946,0.235244640617765,0.188759210890228,0.0804263796605455
994,0,0.0399369705088864,0.634746857697998,0.306413203167535,0.0189029686255801
995,0,0.549682155120573,0.437302020328416,0.0130158245510115,0
996,0.47266510699735,0.483148207400374,0.0441866856022763,0,0
997,0.0189029686255801,0.229639840812608,0.522013560108154,0.19719056178776,0.0322530686658979
998,0,0,0.800528320776926,0.178907045627029,0.020564633596045
999,0.254147609243345,0.483865454646611,0.261986936110044,0,0
1000,0.0694071881431195,0.0851257535124952,0.0252837169766962,0.651118663452115,0.169064677915574
1001,0,0,0,0.251524868332465,0.748475131667535
1002,0.376658606181191,0.553934205675689,0.0694071881431195,0,0
1003,0.283864829940706,0.382540165900714,0.210976170582483,0.0826818630672112,0.0399369705088864
1004,0.133572915982631,0.109209065854051,0.328688824536861,0.294895853630007,0.133633339996449
1005,0,0.12761660811141,0.307927244206039,0.529759188571369,0.0346969591111819
1006,0.0075488090450335,0.155254050542802,0.153530844254282,0.392503044310309,0.291163251847573
1007,0,0.12761660811141,0.314765594325103,0.557617797563487,0
1008,0.300465328103348,0.221393087812273,0.248501743271771,0.229639840812608,0
1009,0.0189029686255801,0.543160179968524,0.0407434319729917,0.0981463904771768,0.299047028955727
1010,0.243025266184742,0.222141923124411,0.164269671209836,0.322055552997056,0.0485075864839539
1011,0.0441866856022763,0,0.427126081020019,0.216254779049843,0.312432454327862
1012,0.22311538774416,0.376758010012409,0.397682711798148,0.00244389044528396,0
1013,0,0.138970075118142,0.282551569706089,0.553194638199073,0.0252837169766962
1014,0,0.0322530686658979,0,0.517750510864524,0.449996420469578
1015,0,0.101492874169538,0.898507125830462,0,0
1016,0.145840808408316,0.467462408464877,0.0694071881431195,0.00244389044528396,0.314845704538404
1017,0,0.246205406811811,0.381625740481762,0.372168852706428,0
1018,0.494787686282525,0.408703352221477,0.096508961495998,0,0
1019,0.0252837169766962,0.0189029686255801,0,0.0639673014802494,0.891846012917474
1020,0.109344158652006,0.0650855946876276,0.331168040313962,0.494402206346404,0
1021,0.747853851341988,0.252146148658012,0,0,0
1022,0,0.0485075864839539,0.0346969591111819,0.586252846739768,0.330542607665096
1023,0.112064808275265,0.262755074713118,0.582799256057447,0.0423808609541704,0
1024,0,0.0606533104135743,0.192412855117098,0.401779604567779,0.345154229901549
1025,0,0,0.184953518488838,0.478808847929267,0.336237633581895
1026,0,0,0.152562777550554,0.0441866856022763,0.80325053684717
1027,0,0,0.0189029686255801,0.00244389044528396,0.978653140929136
1028,0,0,0.0252837169766962,0,0.974716283023304
1029,0,0,0.0252837169766962,0.365139406141762,0.609576876881542
1030,0.122359983203017,0.629097207358795,0.248542809438188,0,0
1031,0.0694071881431195,0.0189029686255801,0.203238954498831,0.348700037490167,0.359750851242302
1032,0.0189029686255801,0.407486335339858,0.34427485600622,0.122618833576098,0.106717006452244
1033,0.0902306721122447,0.516253616110464,0.101492874169538,0.1394600600572,0.152562777550554
1034,0.193171443769703,0.806828556230297,0,0,0
1035,0.0926942720862302,0.62226920159598,0.28503652631779,0,0
1036,0.067410555109534,0.0712252445193019,0.131302052390152,0.00244389044528396,0.727618257535729
1037,0,0,0,0.202492447549758,0.797507552450242
1038,0.591443899249979,0.234985790244685,0.0884445569928403,0.0851257535124952,0
1039,0.274425118877695,0.493491149864413,0.232083731257892,0,0
1040,0,0,0.12055709143162,0.111657641396409,0.767785267171971
1041,0,0.157258403692544,0.458642372631336,0.38409922367612,0
1042,0.564871055505465,0.432685054049251,0.00244389044528396,0,0
1043,0.00244389044528396,0.0883101567686996,0.185395303572284,0.593451190070658,0.130399459143075
1044,0,0,0.0130158245510115,0.615747107318477,0.371237068130512
1045,0.00244389044528396,0.715063241148349,0.242690990695436,0.0322530686658979,0.0075488090450335
1046,0,0.0474857795539199,0,0.646716969634709,0.305797250811371
1047,0.0859370273902705,0.200048557104474,0.430349081345879,0.235157747675423,0.0485075864839539
1048,0.0399369705088864,0,0.279431326220042,0.470102790100288,0.210528913170784
1049,0.184815846216452,0.0946909051198157,0.171508568360858,0.431032727953041,0.117951952349834
1050,0.12055709143162,0.299047028955727,0.173105754631744,0.407290124980909,0
1051,0.0399369705088864,0.0189029686255801,0.51310909192963,0.428050968935903,0
1052,0,0.269535745155077,0.570928853556921,0.159535401288001,0
1053,0.287176626455202,0.235157747675423,0.160295635581244,0.210772197518844,0.106597792769287
1054,0.210787763543865,0.756959167790238,0.0322530686658979,0,0
1055,0,0,0.223642339458374,0.776357660541626,0
1056,0.0474857795539199,0.388496473771935,0.141413965563426,0.422603781110719,0
1057,0,0.0990489837242537,0.586252846739768,0.314698169535978,0
1058,0,0,0.613448198482747,0.233989023966699,0.152562777550554
1059,0.208867248200319,0.131189449551165,0.0075488090450335,0.177285495760848,0.475108997442634
1060,0.0902306721122447,0.827346315193624,0.082423012694131,0,0
1061,0,0.743071645347633,0.150211348200123,0.106717006452244,0
1062,0.232083731257892,0.29237557168649,0.304074950879484,0.171465746176134,0
1063,0.0712252445193019,0.4097954600313,0.398422204017779,0.12055709143162,0
1064,0,0,0.12055709143162,0.436533338506868,0.442909570061512
1065,0.0657582290133238,0.155006667995838,0.052952795059898,0.0441866856022763,0.682095622328664
1066,0.316115036651872,0.683884963348128,0,0,0
1067,0,0.261254633204934,0.560898872267816,0.0252837169766962,0.152562777550554
1068,0.113728273969537,0.0902306721122447,0.432655270270175,0.363385783648043,0
1069,0.0319187931765916,0.0509514769292379,0.629280469113272,0.287849260780898,0
1070,0.00244389044528396,0.210772197518844,0.304705470045661,0.375480649220924,0.106597792769287
1071,0.0466305760475602,0.799462316365927,0.140891283035502,0.0130158245510115,0
1072,0.0485075864839539,0.114508698720549,0.415035144384892,0.301391478978985,0.12055709143162
1073,0.547977897804468,0.452022102195532,0,0,0
1074,0.192364655261485,0.502285983454558,0.102396105570567,0.20295325571339,0
1075,0,0,0.0075488090450335,0.727823605129147,0.264627585825819
1076,0,0.0946909051198157,0.159702294137828,0.476029989420862,0.269576811321494
1077,0,0,0.131189449551165,0.581372514722615,0.28743803572622
1078,0,0,0.0130158245510115,0.623598391800945,0.363385783648043
1079,0,0,0,0.321418244003177,0.678581755996823
1080,0.169064677915574,0.518872468577687,0.312062853506739,0,0
1081,0.0075488090450335,0.82770741392107,0.164743777033896,0,0
1082,0.0322530686658979,0.12055709143162,0.306752229406478,0.341583583013972,0.198854027482032
1083,0.0990489837242537,0.0130158245510115,0.067410555109534,0.820524636615201,0
1084,0,0,0.205041846270229,0.710296956090867,0.0846611976389039
1085,0.169064677915574,0.414793234566612,0.272176394870853,0.143965692646962,0
1086,0.563857711810345,0.433698397744371,0,0.00244389044528396,0
1087,0.0075488090450335,0.698474447840986,0.29397674311398,0,0
1088,0,0,0.15175408314721,0.120395842795118,0.727850074057672
1089,0.164269671209836,0.151985899669154,0.283112568472491,0.317949997581307,0.0826818630672112
1090,0.101492874169538,0.237188649857641,0.400877011320702,0.126868548669487,0.133572915982631
1091,0,0.0252837169766962,0.152562777550554,0.68831560511406,0.133837900358689
1092,0,0,0.0130158245510115,0.928774755480698,0.0582094199682903
1093,0,0,0,0.0252837169766962,0.974716283023304
1094,0.502759709794782,0.439030870236928,0.0582094199682903,0,0
1095,0.140891283035502,0.206181163876745,0.620674484421855,0.0322530686658979,0
1096,0,0.147556570208208,0.170992019835911,0.528888632405328,0.152562777550554
1097,0,0.0075488090450335,0.930927779920001,0.0615234110349654,0
1098,0.73273929269712,0.174354328223407,0.0904624886341883,0,0.00244389044528396
1099,0.293454060586056,0.240646211042157,0.090419079150863,0.375480649220924,0
1100,0,0,0.235157747675423,0.612279474774023,0.152562777550554
1101,0,0.162081750700648,0.780381463656758,0.0252837169766962,0.0322530686658979
1102,0.0252837169766962,0.0075488090450335,0.0130158245510115,0.64739942002078,0.306752229406478
1103,0,0,0.0582094199682903,0.416998981305561,0.524791598726148
1104,0.133572915982631,0.0826818630672112,0.160111586595588,0.456080055734274,0.167553578620296
1105,0.0694071881431195,0.239632540302925,0.562198241392059,0.128762030161896,0
1106,0.997556109554716,0.00244389044528396,0,0,0
1107,0.152562777550554,0.320102329446796,0.272071593123615,0.216963758351327,0.0382995415277077
1108,0,0.00244389044528396,0.219127795072096,0.456800859016493,0.321627455466128
1109,0.164269671209836,0.732252015604964,0.0904624886341883,0.0130158245510115,0
1110,0.368625795045748,0.268017529856856,0.331103606431498,0.0322530686658979,0
1111,0,0.209425961587759,0.101660256809017,0.128105900476653,0.56080788112657
1112,0.0946909051198157,0.681521072810328,0.223788022069856,0,0
1113,0.0990489837242537,0.384929216687226,0.393661816385503,0.122359983203017,0
1114,0,0.330015545645065,0.207355456331228,0.462628998023707,0
1115,0.152562777550554,0.216254779049843,0.0737913034606501,0.499181719970663,0.0582094199682903
1116,0.0990489837242537,0.760059733240245,0.140891283035502,0,0
1117,0,0.289911302802516,0.415961295260529,0.291683511491671,0.00244389044528396
1118,0.997556109554716,0.00244389044528396,0,0,0
1119,0.0694071881431195,0.0615234110349654,0.484034832602917,0.385034568218998,0
1120,0.0399369705088864,0.468942798578483,0.442612644428676,0.0485075864839539,0
1121,0.0582094199682903,0.020564633596045,0.675606130982663,0.245619815453001,0
1122,0,0,0.791854553260682,0.208145446739318,0
1123,0,0,0,0.332008764304342,0.667991235695658
1124,0,0.0322530686658979,0.925835438667193,0.0419114926669091,0
1125,0.29716932594552,0.340056697751485,0.304564556334706,0.0582094199682903,0
1126,0,0,0.0075488090450335,0.38684814295171,0.605603048003256
1127,0.208209880621782,0.697099214258402,0.0946909051198157,0,0
1128,0.0252837169766962,0.336570621937476,0.368568849764333,0.269576811321494,0
1129,0.0252837169766962,0.12055709143162,0.297050395922142,0.341583583013972,0.21552521265557
1130,0,0,0.0075488090450335,0.432797656888238,0.559653534066729
1131,0.0399369705088864,0.165578602101566,0.0322530686658979,0.168903429279072,0.593327929444578
1132,0.0252837169766962,0.117951952349834,0.482184080147444,0.374580250526026,0
1133,0,0,0.00244389044528396,0.0868071280116616,0.910748981543054
1134,0.237294914936127,0.737421368087177,0.0252837169766962,0,0
1135,0.229639840812608,0.515510160190191,0.254849998997201,0,0
1136,0.0694071881431195,0,0.371591974825027,0.52372442056484,0.0352764164670136
1137,0.0189029686255801,0.869032223099155,0.0130158245510115,0.0990489837242537,0
1138,0.00244389044528396,0.756301392464358,0.241254717090358,0,0
1139,0,0.076955997188153,0.124825172256064,0.404309318533339,0.393909512022444
1140,0,0.0826818630672112,0.377196411020815,0.276488311372648,0.263633414539325
1141,0.202492447549758,0.270390659235285,0.313132977757594,0.181730846791465,0.0322530686658979
1142,0,0.720090747098458,0.266893428350531,0,0.0130158245510115
1143,0,0,0,0,1
1144,0,0,0,0,1
1145,0.673252605228583,0.326747394771417,0,0,0
1146,0.155006667995838,0.10569519952221,0.372838332416377,0.146853724909701,0.219606075155874
1147,0,0,0.101492874169538,0.317949305007493,0.580557820822969
1148,0.430273656229653,0.44067344760247,0.0482922410180252,0.0322530686658979,0.0485075864839539
1149,0.0382995415277077,0.879018595405081,0.0826818630672112,0,0
1150,0.248542809438188,0.13898595423314,0.205380479812497,0.32196500300368,0.0851257535124952
1151,0,0,0.114265815497278,0.524778264575909,0.360955919926814
1152,0,0.0130158245510115,0,0.986984175448988,0
1153,0,0,0.0399369705088864,0.423379729656677,0.536683299834436
1154,0,0.0694071881431195,0.00999269949031746,0.624554282942515,0.296045829424048
1155,0,0.0189029686255801,0.580695522343957,0.400401509030463,0
1156,0,0.181730846791465,0.408838445019432,0.409430708189103,0
1157,0,0,0,0.0787740535643354,0.921225946435665
1158,0,0,0.152562777550554,0.465708330426507,0.381728892022939
1159,0.0264517776706136,0.320102329446796,0.155006667995838,0.156214316154781,0.342224908731971
1160,0,0,0.0075488090450335,0.324500471488381,0.667950719466586
1161,0.0130158245510115,0.69997678402421,0.287007391424778,0,0
1162,0,0.13898595423314,0.351954346560327,0.463790805989623,0.0452688932169094
1163,0.620798099542307,0.379201900457693,0,0,0
1164,0.0189029686255801,0.00244389044528396,0.547307494124504,0.423796837759598,0.0075488090450335
1165,0,0,0,0.0959933660378738,0.904006633962126
1166,0.344610097877534,0.341704649087873,0.0752133869759001,0.189964279574739,0.0485075864839539
1167,0,0.181730846791465,0.818269153208535,0,0
1168,0,0.248542809438188,0.0582094199682903,0.531085909679573,0.162161860913949
1169,0,0.0582094199682903,0.590843143286385,0.0902306721122447,0.26071676463308
1170,0.194469912164501,0.744006676800533,0.0130158245510115,0.0485075864839539,0
1171,0.0252837169766962,0,0,0.82215350547275,0.152562777550554
1172,0.23576732314569,0.430273656229653,0.333959020624657,0,0
1173,0,0,0,0.378737708219023,0.621262291780978
1174,0.0189029686255801,0.106597792769287,0,0.654024500576748,0.220474738028384
1175,0.249120695234253,0.641745664027922,0.0075488090450335,0.0189029686255801,0.0826818630672112
1176,0,0,0.360829290363773,0.349666573712567,0.28950413592366
1177,0.0075488090450335,0.0189029686255801,0.0154597149962955,0.28218444583691,0.675904061496181
1178,0.126868548669487,0.661821005258723,0.0560563955289874,0.155254050542802,0
1179,0.0485075864839539,0.237223975189458,0.615219454602335,0.0990489837242537,0
1180,0,0,0.130967776900845,0.711180477963195,0.15785174513596
1181,0,0.0322530686658979,0.159794251661082,0.365340035244344,0.442612644428676
1182,0.0252837169766962,0.173374793693563,0.571701648517133,0.229639840812608,0
1183,0,0,0.082423012694131,0.444085040405723,0.473491946900146
1184,0.349372671815864,0.15338961745335,0.0346969591111819,0.321018949417927,0.141521802201678
1185,0,0.382115725420819,0.224858547740947,0.34451814035428,0.0485075864839539
1186,0.845386948131085,0.0130158245510115,0.141597227317904,0,0
1187,0.520245477968817,0.447501453365285,0,0.0322530686658979,0
1188,0,0.0615234110349654,0.267667874181735,0.261771843404605,0.409036871378694
1189,0,0.00244389044528396,0.241007334543394,0.668238618242622,0.0883101567686995
1190,0,0.0926942720862302,0.579413558589613,0.327892169324157,0
1191,0.0394676022216251,0.0423808609541704,0.535701535914079,0.382450000910126,0
1192,0,0,0.270041003560164,0.0560563955289874,0.673902600910848
1193,0.0826818630672112,0,0.0485075864839539,0.38866950062474,0.480141049824095
1194,0,0.0399369705088864,0.547548772227498,0.399498432712604,0.0130158245510115
1195,0.0826818630672112,0.208792436961509,0.660018113487326,0.0485075864839539,0
1196,0,0.79859208842794,0.20140791157206,0,0
1197,0,0.152562777550554,0.076955997188153,0.770481225261293,0
1198,0.00244389044528396,0.476502629756369,0.368490702247793,0.152562777550554,0
1199,0.152562777550554,0,0.596299187514862,0.251138034934584,0
1200,0,0.189964279574739,0.0582094199682903,0,0.75182630045697
1201,0,0.833755806632141,0.130967776900845,0.0352764164670136,0
1202,0,0,0.336356847264852,0.358911324066779,0.304731828668369
1203,0,0,0.0771123885938704,0.519186798920991,0.403700812485138
1204,0.0252837169766962,0.312321703879819,0.130060498556694,0.451907700926245,0.0804263796605455
1205,0.0826818630672112,0.374819882988383,0.387491585948568,0.155006667995838,0
1206,0,0,0,0.0322530686658979,0.967746931334102
1207,0.365340035244344,0.200113370470774,0.434546594284881,0,0
1208,0.254923557789304,0.587224697074736,0.15785174513596,0,0
1209,0,0,0,0.051156037291478,0.948843962708522
1210,0.00244389044528396,0.255863042815182,0.728677242188523,0.0130158245510115,0
1211,0.0399369705088864,0,0.365019338246644,0.59504369124447,0
1212,0,0.00244389044528396,0.0485075864839539,0.273119868982174,0.675928654088588
1213,0,0,0.199956979065057,0.570403180122335,0.229639840812608
1214,0.071855763685478,0.629097207358795,0.299047028955727,0,0
1215,0.0990489837242536,0.152565357024985,0.195191021051688,0.317949997581307,0.235244640617765
1216,0.0485075864839539,0.0130158245510115,0.561599648929248,0.278865642356565,0.0980112976792218
1217,0.464625631057293,0.0771123885938704,0.12055709143162,0.159029659812132,0.178675229105085
1218,0.749013300116528,0.250986699883472,0,0,0
1219,0.0322530686658979,0,0.141121725027665,0.604655240612764,0.221969965693674
1220,0.0582094199682903,0.0990489837242536,0.719316301267253,0.123425295040203,0
1221,0.430384406677696,0.206402836527065,0.363212756795239,0,0
1222,0.0582094199682903,0.903491038504002,0.0382995415277077,0,0
1223,0,0,0.12055709143162,0.841143367040672,0.0382995415277077
1224,0.0528177022619429,0.467672926379058,0.460606402733419,0.0189029686255801,0
1225,0.0322530686658979,0,0.299047028955727,0.196188464386428,0.472511437991947
1226,0.213231653989149,0.425791127476275,0.261928234810322,0,0.0990489837242537
1227,0.0582094199682903,0.407012608999635,0.220220715207052,0.314557255825023,0
1228,0,0,0,0.898415168307209,0.101584831692791
1229,0.333299453055525,0.653684722393464,0.0130158245510115,0,0
1230,0.0399369705088864,0.0712252445193019,0.41169687894187,0.451857189053245,0.0252837169766962
1231,0.0399369705088864,0.889510419297508,0.0575367856425941,0.0130158245510115,0
1232,0.63896825442542,0.36103174557458,0,0,0
1233,0.150205021015732,0.320605648536094,0.299549489635567,0.229639840812608,0
1234,0.0252837169766962,0.140891283035502,0.273119868982174,0.232016306468767,0.328688824536861
1235,0.184815846216452,0.593301081032217,0.189964279574739,0.0319187931765916,0
1236,0,0.0560563955289874,0.29433016976653,0.497137550096271,0.152475884608212
1237,0,0.446814486710566,0.423120329635665,0.111162215028188,0.0189029686255801
1238,0.320102329446796,0.447128216860995,0.0806804024818781,0.0694071881431195,0.0826818630672112
1239,0.109160896897528,0.0322530686658979,0.191556653431956,0.29840358595887,0.368625795045748
1240,0.131302052390152,0.292742829190704,0.130060498556694,0.363212756795239,0.0826818630672112
1241,0.0322530686658979,0.787456546361568,0.0252837169766962,0.152562777550554,0.00244389044528396
1242,0,0.107965580043907,0.299047028955727,0.592987391000365,0
1243,0.152562777550554,0.320102329446796,0.107965580043907,0.310327629744171,0.109041683214571
1244,0.0485075864839539,0.210528913170784,0.578725358238896,0.159794251661082,0.00244389044528396
1245,0,0.12433270070095,0.493612215938314,0.379611192915452,0.00244389044528396
1246,0,0.227199979218868,0.765251211736099,0.0075488090450335,0
1247,0.0252837169766962,0,0.680766796069027,0.286400677909243,0.0075488090450335
1248,0.229114167378022,0.548915866928305,0.221969965693674,0,0
1249,0,0,0.37860324234232,0.594944979987067,0.0264517776706136
1250,0.471658197182348,0.445659939750441,0.0826818630672112,0,0
1251,0.101492874169538,0.316005295767617,0.569486005511834,0.0130158245510115,0
1252,0.0851257535124952,0.177150402962893,0.619809068897539,0.117914774627073,0
1253,0.0588399391344665,0.3582482019691,0.321018949417927,0.229639840812608,0.0322530686658979
1254,0.12055709143162,0,0.226354081011204,0.319420264606493,0.333668562950683
1255,0.0328325260217297,0.69995640558552,0,0.218703481908797,0.0485075864839539
1256,0.0694071881431195,0.0813401125056836,0.598296148776502,0.218703481908797,0.0322530686658979
1257,0,0.269441718523539,0.0485075864839539,0.522515293704505,0.159535401288001
1258,0.0346969591111819,0.12761660811141,0.457968771025947,0.379717661751461,0
1259,0.640294975533624,0.359705024466376,0,0,0
1260,0,0.0718510785884034,0.352021122623388,0.444938349237044,0.131189449551165
1261,0,0.0485075864839539,0.360189631734545,0.57828695723049,0.0130158245510115
1262,0.160494061940506,0.556882661952246,0.155006667995838,0.12761660811141,0
1263,0.0826818630672112,0.221972545168105,0.00244389044528396,0.6929017013194,0
1264,0,0.0189029686255801,0,0.454689138909081,0.526407892465339
1265,0.0990489837242537,0.493273255351933,0.257585342747068,0.150092418176745,0
1266,0,0.273119868982174,0.0990489837242537,0.0075488090450335,0.620282338248539
1267,0.0902306721122447,0.168360040084402,0.372168852706428,0.10734752561842,0.261892909478506
1268,0.0904624886341883,0.612441051638581,0.141121725027665,0.13069101772287,0.0252837169766962
1269,0.43985103956505,0.194808545706769,0.0441866856022763,0.0485075864839539,0.272646142641951
1270,0.00244389044528396,0.0694071881431195,0.185395303572284,0.368275640441444,0.374477977397869
1271,0.0771123885938704,0.663542992100632,0.150000460653492,0.109344158652006,0
1272,0.0657582290133238,0.12055709143162,0.762528642263578,0.0189029686255801,0.0322530686658979
1273,0,0.248542809438188,0.427859570990624,0.323597619571188,0
1274,0,0.125500761394867,0,0.789632335465718,0.084866903139415
1275,0.398739844059998,0.37959233863965,0.0399369705088864,0.0826818630672112,0.0990489837242537
1276,0.0694071881431195,0.340954737255007,0.325301274678084,0.26433679992379,0
1277,0,0.403549477434026,0.369849059007806,0.19434839489227,0.0322530686658979
1278,0,0.0399369705088864,0.0319187931765916,0.272646142641951,0.655498093672572
1279,0,0.229639840812608,0.0899718217391645,0.527825559897673,0.152562777550554
1280,0,0.0352764164670136,0.913567546241508,0.051156037291478,0
1281,0,0.229639840812608,0.304699336042683,0.306631163332578,0.159029659812132
1282,0.12055709143162,0.229639840812608,0.0075488090450335,0.46335202549738,0.178902233213359
1283,0,0.0252837169766962,0.0990489837242537,0,0.87566729929905
1284,0.0694071881431195,0.479019386419941,0.312113365379739,0.1394600600572,0
1285,0,0.0582094199682903,0.411858127578373,0.471092513318871,0.0588399391344665
1286,0.61920024975936,0.281750766516386,0.0990489837242536,0,0
1287,0.0322530686658979,0,0.342974314536992,0.62477261679711,0
1288,0.0452688932169095,0.903779629853853,0.0509514769292379,0,0
1289,0,0.32859269275389,0.369773918448845,0.301633388797265,0
1290,0.095858965813733,0.194943638504724,0.650987975713252,0.0582094199682903,0
1291,0.12055709143162,0,0.363402389846529,0.516040518721851,0
1292,0,0.0499296699992039,0.345650363396997,0.273119868982174,0.331300097621625
1293,0.128105900476653,0.0826818630672112,0.464881490523712,0.324330745932424,0
1294,0.70283067405448,0,0.269441718523539,0.00244389044528396,0.0252837169766962
1295,0,0,0,0.1099449146156,0.8900550853844
1296,0.0130158245510115,0.384646508808446,0.187359140492953,0.211739571648758,0.203238954498831
1297,0,0.152562777550554,0.23110709614793,0.438507089012927,0.177823037288589
1298,0.312321703879819,0.301526244732828,0.177150402962893,0.20900164842446,0
1299,0,0.437495178349243,0.105710096637242,0.227154884200907,0.229639840812608
1300,0.0399369705088864,0.289380520803208,0.406345708764116,0.26433679992379,0
1301,0,0,0,0,1
1302,0.940353599401428,0.0319187931765916,0.0252837169766962,0.00244389044528396,0
1303,0,0.0130158245510115,0.984540285003704,0.00244389044528396,0
1304,0,0,0.0322530686658979,0.847189839902482,0.12055709143162
1305,0,0.367475806038869,0.12761660811141,0.275267745037113,0.229639840812608
1306,0.130060498556694,0.252579135404722,0.414121411539754,0.203238954498831,0
1307,0.0826818630672112,0.350196932244228,0.524740343734391,0.0423808609541704,0
1308,0,0.427449855065217,0.200855018568579,0.371695126366204,0
1309,0,0.756421745387951,0.0774032545998515,0.0834931369449865,0.0826818630672112
1310,0,0.12433270070095,0.155006667995838,0.547150744811694,0.173509886491518
1311,0.0871050880841879,0.899879087364801,0.0130158245510115,0,0
1312,0.12055709143162,0.563933465154627,0.227280231886842,0.0629454945502154,0.0252837169766962
1313,0.900336376224568,0.0807606551498518,0,0.0189029686255801,0
1314,0.0322530686658979,0.755537753184976,0.199193353598114,0.0130158245510115,0
1315,0.0189029686255801,0.695159764200497,0.285937267173923,0,0
1316,0.192026021719217,0.17391221609585,0.0322530686658979,0.382202618363162,0.219606075155874
1317,0,0.325337528430831,0.22031088019764,0.301788813820975,0.152562777550554
1318,0,0.0826818630672112,0.106717006452244,0.521587867181551,0.289013263298993
1319,0,0,0.0990489837242537,0.868697947609849,0.0322530686658979
1320,0.459315006957032,0.136016806427915,0.305619202890799,0.0990489837242537,0
1321,0.115514389088941,0.0883101567686996,0.633237501756569,0.16293795238579,0
1322,0.067410555109534,0.0826818630672112,0.424083961721294,0.400539903125265,0.0252837169766962
1323,0.938851263218205,0.0288956681158976,0,0.0322530686658979,0
1324,0,0,0,0.140891283035502,0.859108716964498
1325,0.203238954498831,0.152562777550554,0.146653976961131,0.472260574012788,0.0252837169766962
1326,0,0,0.165104875761342,0.750233926599754,0.0846611976389039
1327,0.0441866856022763,0.00244389044528396,0.499450492754717,0.384511743054603,0.0694071881431195
1328,0.0322530686658979,0.230325563246925,0.574865891046306,0.160111586595588,0.00244389044528396
1329,0.519872976899959,0.461224054474461,0.0189029686255801,0,0
1330,0.208866555626505,0.423379729656677,0.184481570727146,0.0851257535124952,0.0981463904771767
1331,0.12055709143162,0.585366761623183,0.294076146945197,0,0
1332,0,0,0,0.292022837607754,0.707977162392246
1333,0.235293596805467,0.579872098388652,0.0252837169766962,0.112064808275265,0.0474857795539199
1334,0.113606105473472,0.257374834684273,0.386225610179456,0.160111586595588,0.0826818630672112
1335,0.0130158245510115,0.639513448360448,0.347470727088541,0,0
1336,0.542000588739311,0.439096442635109,0.0189029686255801,0,0
1337,0,0.0252837169766962,0,0.435532147462169,0.539184135561135
1338,0.00244389044528396,0.0399369705088864,0.0575367856425941,0.72980812515968,0.170274228243556
1339,0.152562777550554,0.173723809057231,0.413894688262657,0.238471866058693,0.0213468590708641
1340,0,0.213216087964128,0.115255538715861,0.590767718170159,0.0807606551498518
1341,0.0588399391344665,0.71482943709299,0.0130158245510115,0.164807212737577,0.0485075864839539
1342,0,0.189964279574739,0.60687157716524,0.203164143260021,0
1343,0.229639840812608,0.0946909051198157,0.205358823297642,0.457294606218923,0.0130158245510115
1344,0,0.48928882451174,0.237188649857641,0.273522525630618,0
1345,0.0771123885938704,0.601868661988202,0.321018949417927,0,0
1346,0,0,0.0826818630672112,0.655411200730229,0.26190693620256
1347,0,0.0322530686658979,0,0,0.967746931334102
1348,0.0252837169766962,0.319905838256669,0.38523363344514,0.269576811321494,0
1349,0,0.0252837169766962,0.237188649857641,0.513200669969048,0.224326963196615
1350,0.0075488090450335,0.344315922172637,0.340530424091708,0.307604844690622,0
1351,0.0485075864839539,0.528984764188299,0.365305139174459,0.0572025101532878,0
1352,0,0,0.0582094199682903,0.661068260719726,0.280722319311983
1353,0.300119347758762,0.48886107217543,0.211019580065808,0,0
1354,0.0322530686658979,0.460689547965802,0.154919775053495,0.282730420171685,0.0694071881431195
1355,0,0.0130158245510115,0.727038800179897,0.176452238324105,0.0834931369449865
1356,0.1482846988536,0.766509437420604,0.0721900391747844,0.0130158245510115,0
1357,0.184342119876229,0.516086233470984,0.171465746176134,0,0.128105900476653
1358,0.0474857795539199,0.106717006452244,0.0599806760878781,0.082423012694131,0.703393525211827
1359,0.229639840812608,0.213612462245296,0.243987198885493,0.138850861435185,0.173909636621418
1360,0,0,0.0130158245510115,0.0588399391344665,0.928144236314522
1361,0.0485075864839539,0.366656767227822,0.308413894376943,0.193739888844069,0.0826818630672112
1362,0.278147427296562,0.238106188813902,0.213231653989149,0.251611761274808,0.0189029686255801
1363,0.0736691349645858,0.275428993673615,0.556210966241983,0.0946909051198157,0
1364,0.155254050542802,0.0615234110349654,0.783222538422233,0,0
1365,0,0,0,0.166578468857165,0.833421531142835
1366,0,0,0.12055709143162,0.617549999089874,0.261892909478506
1367,0.0712252445193019,0.23168022631937,0.54428436906381,0.152810160097518,0
1368,0.0694071881431195,0.15731579268728,0.0485075864839539,0.330322379135462,0.394447053550185
1369,0.12433270070095,0.570294361650978,0.305372937648072,0,0
1370,0.116892967697039,0.773741575043192,0.109365457259768,0,0
1371,0,0.0582094199682903,0.832748896817138,0.109041683214571,0
1372,0,0.403549477434026,0.352463323680481,0.204050228376606,0.0399369705088864
1373,0.683452870541215,0.120363350169432,0.0971347955650996,0,0.0990489837242537
1374,0.331224672505399,0.554099246134572,0.114676081360029,0,0
1375,0,0,0,0.378451601686239,0.621548398313761
1376,0,0,0.0990489837242537,0.0981463904771768,0.80280462579857
1377,0.0826818630672112,0.00244389044528396,0.0075488090450335,0,0.907325437442471
1378,0.0075488090450335,0.253153058473015,0.739298132481952,0,0
1379,0,0.00244389044528396,0.152562777550554,0.0075488090450335,0.837444522959128
1380,0.493311535496857,0.466751493994257,0.0399369705088864,0,0
1381,0.122149465288836,0.462963273513014,0.25194930881236,0.16293795238579,0
1382,0.101584831692791,0.774082467606259,0.12433270070095,0,0
1383,0,0,0.0189029686255801,0.534204084057336,0.446892947317084
1384,0,0,0.0189029686255801,0.114265815497278,0.866831215877142
1385,0,0.076955997188153,0.0606533104135743,0.550068988518454,0.312321703879819
1386,0.185642686119247,0.408593278472781,0.278147427296562,0.12761660811141,0
1387,0.269916553411225,0.442234185807877,0.287849260780898,0,0
1388,0.082423012694131,0.239267632434059,0.0984372564831578,0.152562777550554,0.427309320838098
1389,0,0,0.221969965693674,0.548431259660136,0.229598774646191
1390,0,0,0,0.189937431162378,0.810062568837622
1391,0.572908188128614,0.427091811871386,0,0,0
1392,0,0.451172565315004,0.490618014716706,0.0582094199682903,0
1393,0.0382995415277077,0.152810160097518,0.643489744193781,0.165400554180993,0
1394,0,0.278147427296562,0.145840808408316,0.576011764295122,0
1395,0.0189029686255801,0.301708813913491,0.663928502464633,0.0154597149962955,0
1396,0.117951952349834,0.542363161146451,0.314401169527019,0.0252837169766962,0
1397,0,0.0399369705088864,0,0.601857649706737,0.358205379784377
1398,0.363212756795239,0.217648372238182,0.271582300758372,0.0990489837242537,0.0485075864839539
1399,0.283112568472491,0.51303094441309,0.163919516605532,0.0399369705088864,0
1400,0.273126002985152,0.523635042516017,0.203238954498831,0,0
1401,0.0694071881431195,0.313132977757594,0.344199430889994,0.120697625658738,0.152562777550554
1402,0.0721900391747844,0.682675079684496,0.24513488114072,0,0
1403,0,0,0.46828941882118,0.53171058117882,0
1404,0.12433270070095,0.736066705014732,0.0721900391747844,0.067410555109534,0
1405,0.0582094199682903,0.366711606886594,0.548627195474502,0.0189029686255801,0.0075488090450335
1406,0,0,0.213945318387708,0.341166844248249,0.444887837364043
1407,0,0,0.21325136351785,0.687699652757896,0.0990489837242537
1408,0.101660256809017,0.363273180809057,0.217760007797475,0.31730655458445,0
1409,0,0,0.020564633596045,0.590093231453519,0.389342134950436
1410,0.298242337322368,0.490969899133767,0.12055709143162,0,0.0902306721122447
1411,0.131302052390152,0.155006667995838,0.625381122845311,0.0883101567686995,0
1412,0.229639840812608,0.31289527776458,0.276895478251504,0.122359983203017,0.0582094199682903
1413,0.438032983188867,0.462303393035701,0.0996636237754319,0,0
1414,0.213231653989149,0.746831375501965,0.0399369705088864,0,0
1415,0.344345113501476,0.304599204967175,0.00244389044528396,0.348611791086065,0
1416,0,0.128105900476653,0.0575367856425941,0.582273582622861,0.232083731257892
1417,0.146534763278174,0.347053988322818,0.0615234110349654,0.145840808408316,0.299047028955727
1418,0.106717006452244,0.715402567264431,0.0927546727708294,0.0826818630672112,0.00244389044528396
1419,0,0,0.12055709143162,0,0.87944290856838
1420,0.299047028955727,0.397239118892234,0.284810883526458,0.0189029686255801,0
1421,0,0.773902853238702,0.0826818630672112,0.143415283694086,0
1422,0.333379563268826,0.245237340108083,0.328688824536861,0,0.0926942720862302
1423,0,0.178093877074214,0.402951300944863,0.418954821980923,0
1424,0.0322530686658979,0.243014676371215,0.618015248510643,0.106717006452244,0
1425,0.0582094199682903,0.577245347609126,0.364545232422584,0,0
1426,0,0,0,0.810364554485404,0.189635445514596
1427,0.122618833576098,0.483571421867597,0.367357966885692,0.0189029686255801,0.0075488090450335
1428,0,0.051156037291478,0.107965580043907,0.458675764301453,0.382202618363162
1429,0.187967646541154,0.729350490391635,0.0826818630672112,0,0
1430,0,0.0075488090450335,0,0.00244389044528396,0.990007300509683
1431,0,0,0,0.379717661751461,0.620282338248539
1432,0,0,0,0.158856632959328,0.841143367040672
1433,0.0575367856425941,0.705013155228747,0.237450059128659,0,0
1434,0,0.133572915982631,0.0322530686658979,0.227522141705122,0.606651873646349
1435,0.0694071881431195,0.278147427296562,0.502992625012801,0.0288956681158976,0.12055709143162
1436,0,0.0826818630672112,0.769027304076211,0.148290832856578,0
1437,0,0,0.319276339205674,0.504599466198962,0.176124194595364
1438,0.195615334214987,0.755877079301059,0.0485075864839539,0,0
1439,0.104104147254301,0.490376983884378,0.405518868861321,0,0
1440,0.229639840812608,0.0509514769292379,0.0322530686658979,0,0.687155613592256
1441,0.067410555109534,0.0398018777109314,0.0582094199682903,0.150087590624998,0.684490556586247
1442,0.0883101567686996,0,0.707928206204545,0.203761637026756,0
1443,0.0343626836218756,0.285364304169197,0.184815846216452,0.381728892022939,0.113728273969537
1444,0.305372937648072,0.548092299073755,0.106597792769287,0.0399369705088864,0
1445,0.0075488090450335,0.0423808609541704,0.711174150778804,0.169488991078873,0.0694071881431195
1446,0.12055709143162,0.0675294851329116,0.358485560553005,0.30086508533191,0.152562777550554
1447,0.0322530686658979,0.0189029686255801,0.164269671209836,0.573802093979841,0.210772197518844
1448,0.0252837169766962,0,0.429737354104783,0.48676950895023,0.0582094199682903
1449,0,0,0.210099563193148,0.247838731479909,0.542061705326943
1450,0,0,0.12055709143162,0.052952795059898,0.826490113508482
1451,0.626191138837962,0.373808861162038,0,0,0
1452,0.327786231289785,0.370184680860211,0.302029087850005,0,0
1453,0.1394600600572,0.315794762715358,0.459619423714946,0.0851257535124952,0
1454,0.12055709143162,0.571666323185317,0.307776585383064,0,0
1455,0.052952795059898,0.00244389044528396,0.673261744691635,0.271341569803183,0
1456,0,0.136016806427915,0.489076417641359,0.374906775930726,0
1457,0.278147427296562,0.571647551687707,0.150205021015732,0,0
1458,0,0.235244640617765,0.475342801497992,0.273952842887947,0.0154597149962955
1459,0.0130158245510115,0.126943973785714,0.600760417660477,0.259279784002798,0
1460,0,0.250204474408653,0.0826818630672112,0.542166321772008,0.124947340752128
1461,0.551367456913252,0.423348826110052,0.0252837169766962,0,0
1462,0,0,0,0.838693342592411,0.161306657407589
1463,0.150205021015732,0.554396909158337,0.295398069825932,0,0
1464,0,0.251859143821771,0.492891107051127,0.247700940082068,0.0075488090450335
1465,0.131302052390152,0.568319512448843,0.262078893633298,0.0382995415277077,0
1466,0.0189029686255801,0.755537753184976,0.193306209523546,0.0322530686658979,0
1467,0.319307661767506,0.661789369606913,0.0189029686255801,0,0
1468,0.0130158245510115,0.775379004024371,0.211605171424617,0,0
1469,0.538675784891023,0.240170708751919,0.160500195943484,0.0606533104135743,0
1470,0.152562777550554,0,0.082423012694131,0.473917905704082,0.291096304051233
1471,0.0981463904771768,0.564248188666308,0.337605420856515,0,0
1472,0.0252837169766962,0.0075488090450335,0.370902792641205,0.393025726838234,0.203238954498831
1473,0.0252837169766962,0,0.325576954142881,0.381641619596759,0.267497709283663
1474,0,0,0,0.076955997188153,0.923044002811847
1475,0,0.0826818630672112,0.0322530686658979,0.427152929432381,0.45791213883451
1476,0.0582094199682903,0.270514729900388,0.601868661988202,0,0.0694071881431195
1477,0.0582094199682903,0.0130158245510115,0,0.642374077571455,0.286400677909243
1478,0.0990489837242537,0.623598391800945,0.277352624474801,0,0
1479,0,0.00244389044528396,0.0485075864839539,0.53501277846068,0.414035744610082
1480,0.0322530686658979,0.689814849503469,0.277932081830633,0,0
1481,0,0,0,0,1
1482,0,0.181471996418385,0.728065514947427,0.0904624886341883,0
1483,0.12433270070095,0.339735621269947,0.45897568084095,0.076955997188153,0
1484,0,0.0990489837242537,0.0346969591111819,0.34835086488583,0.517903192278735
1485,0,0.0999176465967645,0.322363279453886,0.0749593641545675,0.502759709794782
1486,0,0.0189029686255801,0.104057770541032,0.419604120387347,0.457435140446041
1487,0,0,0.0826818630672112,0.13069101772287,0.786627119209919
1488,0.269576811321494,0.639960700044317,0.0904624886341883,0,0
1489,0.135499565329154,0.344970947570577,0.289889646287661,0.229639840812608,0
1490,0.052952795059898,0.593074663426544,0.254923557789304,0.0990489837242537,0
1491,0,0,0,0.55271178694921,0.44728821305079
1492,0.232083731257892,0,0.687155613592256,0.0807606551498518,0
1493,0.210787763543865,0.47266510699735,0.244696050870382,0.0718510785884034,0
1494,0.0075488090450335,0.229901250083626,0.0575367856425941,0.163108242727757,0.54190491250099
1495,0,0,0.207014563768161,0.753048465722953,0.0399369705088864
1496,0.0399369705088864,0.336237633581895,0.53336290727503,0.0904624886341883,0
1497,0,0,0.515510160190191,0.437004060255889,0.0474857795539199
1498,0.0189029686255801,0,0.361564425975014,0.278239808287463,0.341292797111943
1499,0,0.0399369705088864,0.152562777550554,0.473491946900146,0.334008305040414
1500,0.0892510184569456,0.210772197518844,0.258686843979618,0.369099900869808,0.0721900391747844
1501,0.151985899669154,0.381085449026081,0.397521463161645,0.0694071881431195,0
1502,0.0322530686658979,0.901988702320778,0.0657582290133238,0,0
1503,0,0.229639840812608,0.15338961745335,0.443659081601787,0.173311460132255
1504,0,0.307906993083944,0.210787763543865,0.373957717753771,0.10734752561842
1505,0,0.0641718618424895,0.0657582290133238,0.126776591146234,0.743293317997953
1506,0.00244389044528396,0.0322530686658979,0.0130158245510115,0.067410555109534,0.884876661228273
1507,0,0.0826818630672112,0.0582094199682903,0.580861129033421,0.278247587931078
1508,0.0485075864839539,0.210772197518844,0.363218890798217,0.377501325198985,0
1509,0,0,0.350196932244228,0.448357978460952,0.20144508929482
1510,0,0.357886968090194,0.32093136390177,0.321181668008036,0
1511,0,0,0.703482997628601,0.277614033745819,0.0189029686255801
1512,0,0.0189029686255801,0.309821181243098,0.591875962497885,0.0793998876334369
1513,0.0990489837242537,0.082423012694131,0.285696236341595,0.187521859083062,0.345309908156958
1514,0,0.0826818630672112,0.0252837169766962,0.585041852291101,0.306992567664992
1515,0.250709168027731,0.201317746581472,0.540424276345764,0.0075488090450335,0
1516,0,0,0.372174986709405,0.627825013290595,0
1517,0.642445656656018,0.357554343343982,0,0,0
1518,0,0,0,0.0884445569928403,0.91155544300716
1519,0.36094189320276,0.101584831692791,0.384282084010362,0.0837840029509676,0.0694071881431195
1520,0.0398018777109314,0.476893523482978,0.362747507374471,0.12055709143162,0
1521,0,0,0.0075488090450335,0.0990489837242537,0.893402207230713
1522,0.269576811321494,0.414838934025942,0.0485075864839539,0.19766948002549,0.0694071881431195
1523,0,0.126943973785714,0.223788022069856,0.400725194706243,0.248542809438188
1524,0,0,0,0.402480127997512,0.597519872002488
1525,0.12055709143162,0.0277276074219802,0.243655785350919,0.299645621418538,0.308413894376943
1526,0.159702294137828,0.493395423847997,0.197831670767463,0.0902306721122447,0.0588399391344665
1527,0.0826818630672112,0.0130158245510115,0.320393888026591,0.583908424355186,0
1528,0.250709168027731,0.457741720704739,0.291549111267531,0,0
1529,0.0189029686255801,0.248556143588428,0.356583814598321,0.37595707318767,0
1530,0.147008869102233,0.69399396371132,0.158997167186446,0,0
1531,0.152562777550554,0.793257837356852,0.0213468590708641,0.0328325260217297,0
1532,0.0075488090450335,0,0.257402773566405,0.547554876671468,0.187493540717094
1533,0,0,0.179261937768131,0.62915415264021,0.191583909591659
1534,0.340303700814612,0.587845220596985,0.0718510785884034,0,0
1535,0.0189029686255801,0.636444111312163,0.254190431428069,0.0582094199682903,0.0322530686658979
1536,0,0.101660256809017,0.343368114782144,0.536068659783258,0.0189029686255801
1537,0.0990489837242537,0.133572915982631,0.165421852788756,0.372316406691751,0.229639840812608
1538,0.262472366834338,0.571970687578952,0.165556945586711,0,0
1539,0.676768057673603,0.211443893229107,0.11178804909729,0,0
1540,0.0252837169766962,0.282592635872506,0.481060583625972,0.208619173079541,0.00244389044528396
1541,0.583842888050559,0.270477552177627,0.145679559771814,0,0
1542,0,0,0.106717006452244,0.687858998976721,0.205423994571035
1543,0.312321703879819,0.238019058842396,0.442110428232752,0.0075488090450335,0
1544,0,0.382639633961415,0.617360366038585,0,0
1545,0.15785174513596,0.28132480771245,0.258535508928506,0.203238954498831,0.0990489837242537
1546,0,0.286135693533185,0.326335542795486,0.368625795045748,0.0189029686255801
1547,0.312321703879819,0.0509514769292379,0.200709240533271,0.370796891172089,0.0652206874855826
1548,0.0322530686658979,0.536869596607996,0.40559361774941,0.0252837169766962,0
1549,0.514450724339066,0.403126262966803,0.082423012694131,0,0
1550,0.0130158245510115,0.160111586595588,0.280351343092701,0.495569768831461,0.0509514769292379
1551,0.0694071881431195,0.106044372126548,0.541435871257841,0.280668678027207,0.00244389044528396
1552,1,0,0,0,0
1553,0,0,0,0.369714964388634,0.630285035611366
1554,0,0.574709499640588,0.122618833576098,0.257402773566405,0.0452688932169095
1555,0.052952795059898,0.788130147966957,0.158917056973145,0,0
1556,0,0.248542809438188,0.00244389044528396,0.414011152017675,0.335002148098853
1557,0,0,0.112064808275265,0.132631242595117,0.755303949129618
1558,0.12055709143162,0.212642857469649,0.267497709283663,0.399302341815068,0
1559,0,0.229639840812608,0.0727694965306161,0.598541678932522,0.0990489837242537
1560,0.233780721560173,0.667170294715573,0.0990489837242536,0,0
1561,0,0.0694071881431195,0.0130158245510115,0.39365624600441,0.523920741301459
1562,0,0.0582094199682903,0.546324754570573,0.395465825461137,0
1563,0.171465746176134,0.550003579530422,0.257966040697399,0.020564633596045,0
1564,0.0399369705088864,0.364289015049072,0.181730846791465,0.259036499654738,0.155006667995838
1565,0.12055709143162,0,0.216963758351327,0.430494859381187,0.231984290835866
1566,0.0990489837242536,0,0.0130158245510115,0.52015088655127,0.367784305173465
1567,0.101492874169538,0.511595167691234,0.386911958139228,0,0
1568,0.160358969142551,0.553329038423214,0.113593873745396,0.170274228243556,0.00244389044528396
1569,0.0252837169766962,0.0189029686255801,0.0721900391747844,0.883623275222939,0
1570,0.12055709143162,0.0485075864839539,0.243025266184742,0.481312263130397,0.106597792769287
1571,0.0675294851329116,0.528382868984069,0.404087645883019,0,0
1572,0,0.0485075864839539,0,0.67386691194411,0.277625501571936
1573,0.0189029686255801,0.0130158245510115,0.615146351354882,0.294725435500235,0.0582094199682903
1574,0.80750025194056,0.19249974805944,0,0,0
1575,0,0.122618833576098,0.184815846216452,0.57200822877583,0.12055709143162
1576,0,0.128530213639952,0.312265071688382,0.229639840812608,0.329564873859058
1577,0.0485075864839539,0.0441866856022763,0.6187261439353,0.288579583978469,0
1578,0.0694071881431195,0.160111586595588,0.071855763685478,0.254190431428069,0.444435030147746
1579,0.150167843292971,0.408406352212518,0.164269671209836,0.277156133284674,0
1580,0.152562777550554,0.276240267551391,0.117914774627073,0.130967776900845,0.322314403370137
1581,0.0075488090450335,0.532038529483735,0.0130158245510115,0.379986281810686,0.067410555109534
1582,0,0,0.210772197518844,0.471701019367071,0.317526783114084
1583,0,0.0075488090450335,0.811240789109772,0.181210401845194,0
1584,0,0.317949305007493,0.663147726366927,0.0189029686255801,0
1585,0,0.372975014293393,0.291796114330658,0.335228871375949,0
1586,0,0,0.662858378213777,0.334697731340939,0.00244389044528396
1587,0,0,0.0582094199682903,0.423137475920109,0.518653104111601
1588,1,0,0,0,0
1589,0.0582094199682903,0.717376723892752,0.224413856138957,0,0
1590,0,0,0.237188649857641,0.503358302257593,0.259453047884766
1591,0,0.36393274837819,0.379475751933181,0.256591499688629,0
1592,0.840330198487858,0.111162215028188,0,0.0485075864839539,0
1593,0.0615234110349654,0.537371001976293,0.248542809438188,0.152562777550554,0
1594,0.0606533104135743,0.473716506676458,0.432797656888238,0.0252837169766962,0.0075488090450335
1595,0.299047028955727,0.0663887481795,0.536422644801266,0.0956976876182227,0.00244389044528396
1596,0.398096012679981,0.0782365120365941,0.0264517776706136,0.325707129251953,0.171508568360858
1597,0.560618997095167,0.279678708767005,0.0606533104135743,0.0990489837242537,0
1598,0,0,0.0322530686658979,0.694820803614116,0.272926127719986
1599,0.250986699883472,0.296008651701287,0.453004648415241,0,0
1600,0,0.107706729670827,0.116914266304802,0.503358302257593,0.272020701766778
1601,0,0.0826818630672112,0,0.0130158245510115,0.904302312381777
1602,0,0,0,0.497234156202241,0.502765843797759
1603,0.40757246925032,0.526669301736356,0.0582094199682903,0.0075488090450335,0
1604,0.258686843979618,0.447336412906402,0.201070364034508,0.00244389044528396,0.0904624886341883
1605,0,0.364805257969051,0.257966040697399,0.364212876782538,0.0130158245510115
1606,0.176124194595364,0.288479779947074,0.0826818630672112,0.194808545706769,0.257905616683581
1607,0,0.0712252445193019,0.0399369705088864,0.888837784971812,0
1608,0.0130158245510115,0.717542456925449,0.229639840812608,0.0398018777109314,0
1609,0.676275730289277,0.224675285986469,0.0990489837242537,0,0
1610,0.12433270070095,0.56077070340381,0.275094718184309,0.0398018777109314,0
1611,0.0075488090450335,0.96716747397827,0.0252837169766962,0,0
1612,0.154202786006164,0.709515423189863,0.101584831692791,0.00244389044528396,0.0322530686658979
1613,0,0,0,0,1
1614,0,0.142623942085434,0.325448278878873,0.531927779035693,0
1615,0,0,0.513392067914327,0.287975577253961,0.198632354831712
1616,0.0322530686658979,0.269627702678331,0.624327925195121,0.0737913034606501,0
1617,0.0582094199682903,0.403414711680184,0.286888177741821,0.251487690609705,0
1618,0.303431144273258,0.392139392189991,0.296880654491717,0.0075488090450335,0
1619,0.346437446102601,0.544197096637631,0.0771123885938704,0,0.0322530686658979
1620,0,0.659741226992755,0.241209789282991,0.0990489837242537,0
1621,0.0826818630672112,0,0.34588936551279,0.571428771419999,0
1622,0.382115725420819,0.340056318267648,0.117958279534225,0.159869676777308,0
1623,0.0782365120365942,0.477813540355638,0.443949947607768,0,0
1624,0.13898595423314,0.305375517122503,0.403549477434026,0.152089051210331,0
1625,0.0189029686255801,0.181730846791465,0.695262037328654,0.104104147254301,0
1626,0.165578602101566,0.0264517776706136,0.556831585293237,0.152089051210331,0.0990489837242537
1627,0.130967776900845,0.502759709794782,0.192026021719217,0.116709705942562,0.0575367856425941
1628,0.0252837169766962,0.358344333752072,0.523465570191759,0.0929063790794722,0
1629,0.0399369705088864,0.0189029686255801,0,0.0582094199682903,0.882950640897243
1630,0.0712252445193019,0.710296956090867,0.199574830764251,0.0189029686255801,0
1631,0.185153393754004,0.296028588992108,0.518818017253888,0,0
1632,0.0399369705088864,0.00999269949031746,0.261892909478506,0.68817742052229,0
1633,0.238019058842396,0.549771763008478,0.209765287703842,0.00244389044528396,0
1634,0.0466305760475602,0.111162215028188,0.37409550205295,0.398704518728182,0.0694071881431195
1635,0.106717006452244,0.808157240035261,0,0.0851257535124952,0
1636,0.505632725817035,0.314891910798166,0.0130158245510115,0.147556570208208,0.0189029686255801
1637,0.0346969591111819,0.635752051117344,0.15338961745335,0.176161372318124,0
1638,0.0322530686658979,0,0.901988702320778,0.0657582290133238,0
1639,0.0615234110349654,0.423331217182297,0.368625795045748,0.0883101567686996,0.0582094199682903
1640,0.0346969591111819,0.576771241785066,0.375515974552741,0,0.0130158245510115
1641,0,0.0130158245510115,0.0509514769292379,0.175488737992428,0.760543960527323
1642,0,0,0,0.195027163220944,0.804972836779056
1643,0.558156395299964,0.196275044238793,0.0771123885938704,0.168456171867373,0
1644,0.181730846791465,0.635390952389898,0.0682021194586078,0.114676081360029,0
1645,0,0,0.0509514769292379,0.140218648709805,0.808829874360957
1646,0.229639840812608,0.580211840478383,0.107466455641798,0.0826818630672112,0
1647,0,0,0.18557935255794,0.715371663717806,0.0990489837242537
1648,0,0.0582094199682903,0.128105900476653,0.572677345011662,0.241007334543394
1649,0,0,0,0.668101309915564,0.331898690084436
1650,0.0899718217391645,0,0.338163428716256,0.122618833576098,0.449245915968481
1651,0.390498691160567,0.116892967697039,0.0990489837242537,0.310066220473153,0.0834931369449865
1652,0,0,0,0.0781014192386392,0.921898580761361
1653,0.107965580043907,0.785436627186806,0,0.106597792769287,0
1654,0,0,0,0.12761660811141,0.87238339188859
1655,0,0,0.256765636062258,0.377542391365402,0.36569197257234
1656,0.261892909478506,0,0.441339038868764,0.296768051652731,0
1657,0.0582094199682903,0.175488737992428,0.75328601748827,0.0130158245510115,0
1658,0.318737777562752,0.432458003728042,0.229901250083626,0.0189029686255801,0
1659,0,0.485189596280383,0.119613617320299,0.336356847264852,0.0588399391344665
1660,0,0.373845114914785,0.527852028826198,0.0189029686255801,0.0793998876334369
1661,0,0.17784649452725,0.282592635872506,0.368660807287587,0.170900062312657
1662,0.152562777550554,0,0.579936933691351,0.184818425690883,0.0826818630672112
1663,0,0.249157872957014,0.743293317997953,0.0075488090450335,0
1664,0.0189029686255801,0.240289922434876,0.261130734424902,0.447423305848745,0.0322530686658979
1665,0,0.0277276074219802,0.133572915982631,0.360977218534576,0.477722258060812
1666,0,0.00244389044528396,0.0582094199682903,0.673416761567572,0.265929928018854
1667,0.701478644478858,0.298521355521142,0,0,0
1668,0.368187394037341,0.358692736980485,0.273119868982174,0,0
1669,0.653112284795837,0.333871890653151,0.0130158245510115,0,0
1670,0.051156037291478,0.0399369705088864,0.551359677269637,0.357547314929999,0
1671,0.00244389044528396,0.918151536824204,0.0075488090450335,0.0588399391344665,0.0130158245510115
1672,0.218698669495127,0.631096309489142,0.150205021015732,0,0
1673,0,0.419604120387347,0.425993345657919,0.133837900358689,0.020564633596045
1674,0.0694071881431195,0.325937571244117,0.473465791061599,0.131189449551165,0
1675,0.251611761274808,0.23050200604722,0.0884445569928403,0.429441675685132,0
1676,0.229639840812608,0.661226518449567,0,0.109133640737825,0
1677,0,0,0,0.739752149293474,0.260247850706526
1678,0.158856632959328,0.0509514769292379,0.790191890111435,0,0
1679,0.0485075864839539,0.645412818435264,0.306079595080782,0,0
1680,0.407747744610876,0.579236430838112,0.0130158245510115,0,0
1681,0.0509514769292379,0.269859519200275,0.588958331758243,0.0902306721122447,0
1682,0,0,0.0422457681562154,0.222017472975472,0.735736758868313
1683,0,0.0252837169766962,0.131302052390152,0.491520308086643,0.351893922546509
1684,0,0,0.216254779049843,0.521237528784003,0.262507692166154
1685,0.0399369705088864,0.0189029686255801,0.448421655540117,0.279506751336268,0.213231653989149
1686,0.574045378327901,0.412938797121087,0.0130158245510115,0,0
1687,0.0399369705088864,0.0904624886341883,0.107965580043907,0.478104406361619,0.283530554451399
1688,0,0,0.0252837169766962,0.33110022235646,0.643616060666844
1689,0.12055709143162,0.707305466681983,0.172137441886397,0,0
1690,0.165552133173041,0.725103708174953,0.109344158652006,0,0
1691,0,0,0.712809346820744,0.287190653179256,0
1692,0,0,0.101660256809017,0.641395509423618,0.256944233767365
1693,0,0.117951952349834,0.729958996439836,0.152089051210331,0
1694,0.262472366834338,0.406531536328303,0.291059126328473,0.0399369705088864,0
1695,0.278147427296562,0.38246402763418,0.278735234655684,0.0606533104135743,0
1696,0.0189029686255801,0.599368139351481,0.312321703879819,0.0694071881431195,0
1697,0.053599927736762,0.0956976876182228,0.0582094199682903,0.255184967060322,0.537307997616403
1698,0.152562777550554,0.593166680808076,0.222017472975472,0.0322530686658979,0
1699,0.328688824536862,0.428571228580001,0.0929063790794722,0.0615234110349654,0.0883101567686996
1700,0.12055709143162,0.758461503973461,0.0956976876182227,0.0252837169766962,0
1701,0.0582094199682903,0.565711338347975,0.376079241683735,0,0
1702,0,0.278147427296562,0.326113870145167,0.395738702558272,0
1703,0,0,0.0399369705088864,0.631374204954252,0.328688824536862
1704,0,0,0.0130158245510115,0.309322436324825,0.677661739124163
1705,0,0.0582094199682903,0.240872934319254,0.337564354690098,0.363353291022358
1706,0,0.00244389044528396,0.655851460466843,0.341704649087873,0
1707,0,0,0,0.534512203708095,0.465487796291905
1708,0,0.0322530686658979,0,0.5877253241916,0.380021607142502
1709,0.0399369705088864,0.243025266184742,0.451583337577757,0.166405442004361,0.0990489837242537
1710,0,0.131189449551165,0.568524072811083,0.300286477637752,0
1711,0.101584831692791,0.543601853025177,0.294160004868458,0.0606533104135743,0
1712,0,0,0,0.146810442742971,0.853189557257029
1713,0,0.0990489837242537,0.369785623304125,0.0606533104135743,0.470512082558047
1714,0.0981463904771768,0.55371118672402,0.225917532393741,0.052817702261943,0.0694071881431195
1715,0,0.0946909051198157,0.280642209098683,0.432167137722061,0.19249974805944
1716,0,0.16044913413314,0.297050395922142,0.459818606877507,0.0826818630672112
1717,0.199331144995955,0.169324834739884,0.582836433780207,0.0485075864839539,0
1718,0.0582094199682903,0.759191070367734,0.140218648709805,0.0423808609541704,0
1719,0.232083731257892,0.140632432662421,0,0.391212355559126,0.236071480520561
1720,0.171465746176134,0.180693160746433,0.40559361774941,0.216963758351327,0.0252837169766962
1721,0,0,0,0.583738698799229,0.416261301200772
1722,0,0.0252837169766962,0,0.309878570237834,0.66483771278547
1723,0.280591317741846,0.34588936551279,0.328250423528455,0.0452688932169095,0
1724,0,0.727380705770411,0.230238433275419,0.0399369705088864,0.00244389044528396
1725,0.145840808408316,0.819462232480502,0.0322530686658979,0.00244389044528396,0
1726,0.380826598653001,0.133745942835436,0.0826818630672112,0.325633206850482,0.0771123885938704
1727,0,0,0,0.413299920622324,0.586700079377676
1728,0.313132977757594,0.290939912645516,0.2329891572111,0.16293795238579,0
1729,0.192747130606404,0.154532941655615,0.492608341142394,0.160111586595588,0
1730,0,0.117914774627073,0.101584831692791,0.780500393680135,0
1731,0,0,0.157258403692544,0.56110485157652,0.281636744730936
1732,0.0485075864839539,0.0075488090450335,0.481589149624968,0.449338630295034,0.0130158245510115
1733,0.236346780501522,0.360607617713453,0.282488510353405,0.12055709143162,0
1734,0.312321703879819,0.250709168027731,0.329262398421623,0.107706729670827,0
1735,0.112064808275265,0.543346392454964,0.344588799269771,0,0
1736,0,0,0,0.140218648709805,0.859781351290195
1737,0.122618833576098,0.837579288712971,0.0398018777109314,0,0
1738,0.084866903139415,0.485161991064723,0.218951525730054,0.211019580065808,0
1739,0.18225352931939,0.804730646129599,0.0130158245510115,0,0
1740,0.518979295449398,0.448767635884704,0.0322530686658979,0,0
1741,0.173509886491518,0.313011911683694,0.464970615340835,0.0485075864839539,0
1742,0.0990489837242537,0.106717006452244,0.0394676022216251,0.53254905936124,0.222217348240637
1743,0.235244640617765,0.188765344893205,0.20900164842446,0.366988366064569,0
1744,0.215178012864373,0.331132714982146,0.301126494602928,0,0.152562777550554
1745,0.0322530686658979,0.0826818630672112,0.810765414136129,0.0423808609541704,0.0319187931765916
1746,0.408754527109283,0.591245472890717,0,0,0
1747,0.0399369705088864,0.919319597518122,0.0277276074219802,0.0130158245510115,0
1748,0.380543532867128,0.566503672072974,0.052952795059898,0,0
1749,0,0.140891283035502,0.28323976854937,0.575868948415129,0
1750,0.0582094199682903,0.920443720960846,0.0213468590708641,0,0
1751,0.372168852706428,0.302636341451498,0.0959933660378738,0.0771123885938704,0.152089051210331
1752,0.518078554593265,0.325448278878873,0.107965580043907,0.0485075864839539,0
1753,0.0956976876182227,0.20115649794497,0.637387585423484,0.0657582290133238,0
1754,0.461846104175933,0.525138071273055,0.0130158245510115,0,0
1755,0,0.8605399399428,0.1394600600572,0,0
1756,0.0322530686658979,0,0.210298471178621,0.278063538945421,0.47938492121006
1757,0,0.0328325260217297,0.574610788383185,0.392556685595085,0
1758,0.152562777550554,0.191583909591659,0.583663273683002,0.0721900391747844,0
1759,0.113728273969537,0.360992784559596,0.525278941470867,0,0
1760,0.287849260780898,0.219000481917755,0.216254779049843,0.17784649452725,0.0990489837242537
1761,0.133633339996449,0.136941358373106,0.608868210198825,0.12055709143162,0
1762,0,0.0399369705088864,0.0277276074219802,0.363248082127056,0.569087339942078
1763,0.389221068876535,0.591875962497885,0.0189029686255801,0,0
1764,0.454732399627677,0.112388805060884,0.432878795311439,0,0
1765,0.278147427296562,0.360769623153254,0.277589812605198,0.0834931369449865,0
1766,0,0.229639840812608,0.372168852706428,0.355810445526794,0.0423808609541704
1767,0,0.171508568360858,0.109344158652006,0.0322530686658979,0.686894204321238
1768,0,0,0.0452688932169095,0.519811925964889,0.434919180818201
1769,0,0,0.665676554577259,0.334323445422741,0
1770,0.106717006452244,0.835746207905162,0.0575367856425941,0,0
1771,0.184815846216452,0.432215813078585,0.343031370196076,0.0399369705088864,0
1772,0.189964279574739,0.208414440984022,0.46798793944479,0.133633339996449,0
1773,0.0452688932169094,0.482078441990211,0.400801586204476,0.00244389044528396,0.0694071881431195
1774,0.0990489837242537,0.566627570853005,0.0352764164670136,0.299047028955727,0
1775,0.0509514769292379,0.581002355834354,0.368046167236409,0,0
1776,0.152562777550554,0,0.280795878104086,0.541357627368664,0.0252837169766962
1777,0.256091618483221,0.59548314843606,0.0999176465967645,0.0485075864839539,0
1778,0,0,0.279431326220042,0.720568673779958,0
1779,0.0189029686255801,0,0.448343322721404,0.332157070958731,0.200596637694285
1780,0,0.673751729630693,0.167218610557176,0.159029659812132,0
1781,0.229639840812608,0.203718814842032,0.1482846988536,0.269916553411225,0.148440092080535
1782,0,0.0075488090450335,0.128247127277586,0.481754062767255,0.382450000910126
1783,0.53199512000041,0.435751811333692,0.0322530686658979,0,0
1784,0.624042926812329,0.37595707318767,0,0,0
1785,0.384646508808446,0.0841236561111627,0.293701443133019,0.229979582902339,0.0075488090450335
1786,0.0189029686255801,0.0075488090450335,0.738303581711621,0.235244640617765,0
1787,0,0.242655665363619,0.234150965177016,0.230238433275419,0.292954936183946
1788,0.694246031355359,0.221969965693673,0.0485075864839539,0.0328325260217297,0.00244389044528396
1789,0.1394600600572,0.804483544413813,0.0485075864839539,0.0075488090450335,0
1790,0,0,0,0.424057492792769,0.575942507207231
1791,0,0.0582094199682903,0.484355439585669,0.189937431162378,0.267497709283663
1792,0.0346969591111819,0.0328325260217297,0.874261094898798,0.0582094199682903,0
1793,0,0.0322530686658979,0.12433270070095,0.689211444626988,0.154202786006164
1794,0,0.128105900476653,0.076235193905934,0.795658905617413,0
1795,0.0322530686658979,0.0441866856022763,0.498351325539321,0.425208920192505,0
1796,0.556026588054909,0.382450000910126,0.0130158245510115,0.0485075864839539,0
1797,0,0.17784649452725,0.411985327655251,0.410168177817499,0
1798,0,0,0.0399369705088864,0.0937764797008633,0.86628654979025
1799,0.267497709283663,0.572799996578509,0.159702294137828,0,0
1800,0.0189029686255801,0.300744019258009,0.374477977397869,0.305875034718542,0
1801,0,0.102396105570567,0.737966034174069,0.159637860255364,0
1802,0.0883101567686996,0.463728995854815,0.218321006563878,0.229639840812608,0
1803,0.0712252445193019,0.87782327855146,0.0509514769292379,0,0
1804,0.360724695345887,0.390732495215925,0,0.248542809438188,0
1805,0.308241141256655,0.526951646005768,0.0582094199682903,0.106597792769287,0
1806,0.855358126273218,0.144641873726782,0,0,0
1807,0,0.229639840812608,0.312399851396359,0.210099563193148,0.247860744597885
1808,0.0718510785884034,0.71449928144354,0.130967776900845,0.0826818630672112,0
1809,0.00999269949031746,0.0441866856022763,0.558922370402254,0.386898244505152,0
1810,0.0807606551498518,0.702823287604795,0.216416057245353,0,0
1811,0,0,0.2605049003558,0.450114578840992,0.289380520803208
1812,0.378268339931761,0.152562777550554,0.367508625708667,0.0322530686658979,0.0694071881431195
1813,0,0.0252837169766962,0.421701187863642,0.432458003728042,0.12055709143162
1814,0.152810160097518,0.339302411158797,0.0588399391344665,0.147556570208208,0.301490919401011
1815,0,0.0189029686255801,0.224752816725338,0.475214728458243,0.281129486190839
1816,0,0,0.370719530886728,0.629280469113272,0
1817,0,0,0,0.251611761274808,0.748388238725192
1818,0.106717006452244,0.670808714783299,0.19719056178776,0.0252837169766962,0
1819,0,0.0399369705088864,0,0.727213323130931,0.232849706360183
1820,0,0.0990489837242537,0.543346392454964,0.357604623820783,0
1821,0.144041117763188,0.703396104686258,0.152562777550554,0,0
1822,0.051156037291478,0.0485075864839539,0.335104898219794,0.266184449049046,0.299047028955727
1823,0.0322530686658979,0.588071304536186,0.331168040313962,0.0485075864839539,0
1824,0,0.600035039587,0.399964960413,0,0
1825,0,0,0.339296164078357,0.350882654678545,0.309821181243098
1826,0.0485075864839539,0.177372768187027,0.507048169057916,0.264627585825819,0.00244389044528396
1827,0,0,0,0.0322530686658979,0.967746931334102
1828,0.847910948789669,0.152089051210331,0,0,0
1829,0.974716283023304,0,0.0252837169766962,0,0
1830,0.547193880086396,0.279678708767005,0.160111586595588,0.0130158245510115,0
1831,0,0.123425295040203,0.106597792769287,0.526951646005768,0.243025266184742
1832,0,0.0826818630672112,0.254923557789304,0.395344759387236,0.267049819756248
1833,0,0,0.0990489837242537,0.594198786869268,0.306752229406478
1834,0.0075488090450335,0.155006667995838,0.324330745932424,0.218703481908797,0.294410295117908
1835,0,0,0.12055709143162,0.807252869393596,0.0721900391747844
1836,0,0,0.0694071881431195,0.481251602087416,0.449341209769465
1837,0,0,0.17876651139991,0.556605902774271,0.264627585825819
1838,0.0652206874855826,0.661659443532243,0.273119868982174,0,0
1839,0.0189029686255801,0.076955997188153,0.622390267669881,0.0892510184569456,0.19249974805944
1840,0.0322530686658979,0.0189029686255801,0.0615234110349654,0.887320551673557,0
1841,0.109344158652006,0.512387501416233,0.317615029518187,0.0606533104135743,0
1842,0.165578602101566,0.65632752082422,0.0252837169766962,0.152810160097518,0
1843,0.155006667995838,0.390840923795194,0.384745220065849,0.0694071881431195,0
1844,0.0252837169766962,0.700252084005171,0.274464199018133,0,0
1845,0.0694071881431195,0.12055709143162,0.353955664690987,0.456080055734274,0
1846,0.184815846216452,0.277069367658927,0.377196411020815,0.147902550552794,0.0130158245510115
1847,0.94826450535269,0.0252837169766962,0.0075488090450335,0.0189029686255801,0
1848,0,0,0,0.171126420060052,0.828873579939948
1849,0.691994295658653,0.308005704341347,0,0,0
1850,0.189398869519455,0.269576811321494,0,0.462922899920411,0.0781014192386392
1851,0.44218329445104,0.409376613468425,0.140891283035502,0,0.0075488090450335
1852,0.262491501941317,0.370259349644348,0.137609307601727,0.229639840812608,0
1853,0,0.0582094199682903,0.103246496663256,0.0252837169766962,0.813260366391757
1854,0.0946909051198157,0.123000981876904,0.600577266211816,0.181730846791465,0
1855,0.0826818630672112,0.336237633581895,0.412089944100316,0.143706842273882,0.0252837169766962
1856,0.342653707264828,0.170867569686971,0.486478723048201,0,0
1857,0,0,0,0.242247475328023,0.757752524671977
1858,0.0990489837242537,0.0189029686255801,0.861483414054121,0.020564633596045,0
1859,0,0.0252837169766962,0.328815141009924,0.545310861090919,0.100590280922461
1860,0.0694071881431195,0.0582094199682903,0.568578989743175,0.303804402145415,0
1861,0,0.0399369705088864,0.126868548669487,0.534147451865899,0.299047028955727
1862,0.0582094199682903,0.693530114862933,0.165578602101566,0.0826818630672112,0
1863,0,0.0458483505727412,0.389972654116612,0.291059126328473,0.273119868982174
1864,0.0712252445193019,0.0399369705088864,0.591668459026292,0.29716932594552,0
1865,0.0346969591111819,0.0382995415277077,0.878495912877156,0.0485075864839539,0
1866,0.136016806427915,0.697102249277485,0.1668809442946,0,0
1867,0,0,0.00244389044528396,0.131881509745983,0.865674599808733
1868,0,0.0399369705088864,0.688876603880463,0.188504562543439,0.0826818630672112
1869,1,0,0,0,0
1870,0,0,0.164743777033896,0.308848330500765,0.526407892465339
1871,0.147556570208208,0.727380705770411,0.125062724021382,0,0
1872,0,0.0582094199682903,0.0441866856022763,0.662111871264704,0.235492023164729
1873,0.152562777550554,0.0718510785884034,0.12433270070095,0.511793383102893,0.1394600600572
1874,0.1482846988536,0.218321006563878,0.537696606964299,0.0956976876182228,0
1875,0.117914774627073,0,0,0.0394676022216251,0.842617623151302
1876,0.581594187372935,0.393122095650369,0.0252837169766962,0,0
1877,0,0.15785174513596,0.305025861447383,0.384559615866103,0.152562777550554
1878,0.0771123885938704,0.525225278046672,0.16802249254685,0.229639840812608,0
1879,0.209765287703842,0.651496453699959,0.0902306721122447,0.0485075864839539,0
1880,0.0322530686658979,0.162113691957426,0.381085449026081,0.424547790350595,0
1881,0,0.168456171867373,0.355801732049385,0.148628499119153,0.327113596964088
1882,0.203238954498831,0.196188464386428,0.0657582290133238,0.430710204847116,0.104104147254301
1883,0.152562777550554,0.0189029686255801,0.4097954600313,0.298380128720209,0.120358665072357
1884,0,0.130549790921937,0.485680931548362,0.343832307020815,0.0399369705088864
1885,0.0990489837242537,0,0.0694071881431195,0,0.831543828132627
1886,0.0694071881431195,0,0.522086991583661,0.320196356078334,0.0883094641948853
1887,0.125062724021382,0.671215881662155,0.105710096637242,0.0582094199682903,0.0398018777109314
1888,0,0.348611791086065,0.184481570727146,0.466906638186789,0
1889,0.0075488090450335,0.308245953670325,0.55063232130201,0.133572915982631,0
1890,0.203040528139569,0.290511045738662,0.276808585309161,0,0.229639840812608
1891,0.765341376726687,0.194721652764427,0,0.0399369705088864,0
1892,0,0.280179385661964,0.205682844944115,0.389805068692971,0.12433270070095
1893,0,0,0.363212756795239,0.369958650156929,0.266828593047832
1894,0,0,0.0560563955289874,0.735529163486991,0.208414440984022
1895,0.112064808275265,0.205682844944115,0.291532852668696,0.38317068506689,0.0075488090450335
1896,0,0.877850534711164,0.122149465288836,0,0
1897,0.261892909478506,0.193739888844069,0.523020342606561,0.0213468590708641,0
1898,0,0.0582094199682903,0.731201242847108,0.210589337184602,0
1899,0,0.0322530686658979,0,0.179014555221168,0.788732376112934
1900,0,0.0826818630672112,0.0883101567686996,0.591819330306448,0.237188649857641
1901,0.12433270070095,0.138078548572393,0.49646843386044,0.241120316866217,0
1902,0.0828702701058295,0.454498388553555,0.363582357616362,0.0990489837242537,0
1903,0,0.0322530686658979,0.0252837169766962,0.942463214357406,0
1904,0,0,0,0.164134578411881,0.835865421588119
1905,0,0.331914880309274,0.587324464540875,0.0485075864839539,0.0322530686658979
1906,0,0.0075488090450335,0.319750445029734,0.533714791692092,0.13898595423314
1907,0,0,0,0.438480240600566,0.561519759399434
1908,0,0.218951525730054,0.407733717886822,0.275173178319617,0.0981415780635067
1909,0,0,0.0252837169766962,0.0657582290133238,0.90895805400998
1910,0,0,0.772935113579087,0.194811817755015,0.0322530686658979
1911,0.16802249254685,0.679167347355633,0.152810160097518,0,0
1912,0,0.152562777550554,0.272772792781485,0.454107338236341,0.12055709143162
1913,0,0,0,0.279252475754445,0.720747524245555
1914,0.676534580662357,0.208209880621782,0.0382995415277077,0.076955997188153,0
1915,0.140218648709805,0.451035256987946,0.408746094302249,0,0
1916,0,0,0.0252837169766962,0.643089994063881,0.331626288959423
1917,0.0189029686255801,0.0075488090450335,0.226479295062104,0.525098961573609,0.221969965693674
1918,0,0,0,0.644198267950615,0.355801732049385
1919,0.115746205610884,0.844316823880229,0.0399369705088864,0,0
1920,0.12055709143162,0.140891283035502,0.609159076204806,0.0910930078003645,0.0382995415277077
1921,0,0.397682711798148,0.0319187931765916,0.327373228840518,0.243025266184742
1922,0,0.235244640617765,0.391619132545893,0.317079831307354,0.0560563955289874
1923,0.0189029686255801,0.0252837169766962,0.379717661751461,0.19192287017804,0.384172782468223
1924,0,0.0553966855051819,0.0252837169766962,0.473055376834549,0.446264220683573
1925,0,0,0.272176394870853,0.389509517589916,0.338314087539232
1926,0,0,0.767789952269045,0.232210047730955,0
1927,0.0990489837242537,0.0650855946876276,0.347419523112936,0.405764035407972,0.0826818630672112
1928,0.0575367856425941,0.247230225431709,0,0.41966922949824,0.275563759427458
1929,0.204050228376606,0.103769179191181,0.692180592432213,0,0
1930,0.0322530686658979,0.384223294341223,0.463790805989623,0.0712252445193019,0.0485075864839539
1931,0.152562777550554,0.12761660811141,0.0552615927072269,0.645656053005229,0.0189029686255801
1932,0.655104620471532,0.107706729670827,0.229639840812608,0.0075488090450335,0
1933,0,0.571342637509537,0.268324549186459,0.141429844678424,0.0189029686255801
1934,0.0826818630672112,0.22031088019764,0.382202618363162,0.242614599197203,0.0721900391747844
1935,0,0.0485075864839539,0.633583482101156,0.31790893141489,0
1936,0.120358665072357,0.340802055840796,0.407537226696695,0.0322530686658979,0.0990489837242537
1937,0.0834931369449865,0.775077018376589,0.141429844678424,0,0
1938,0,0.344623871369888,0.574949748969566,0.0130158245510115,0.067410555109534
1939,0.188377062589421,0.305875034718542,0.505747902692037,0,0
1940,0.0582094199682903,0.557211496012389,0.143706149700067,0.240872934319254,0
1941,0.254223034359571,0.0884445569928403,0.558283424923335,0.0990489837242537,0
1942,0,0.31305683949106,0.0694071881431195,0.402740783030682,0.214795189335138
1943,0,0,0.0075488090450335,0.536789201303552,0.455661989651414
1944,0.248542809438188,0.617012576687588,0.109160896897528,0.0252837169766962,0
1945,0.551267296278736,0.167418485822341,0.243014676371215,0.0382995415277077,0
1946,0.0485075864839539,0.149297615354985,0.289013263298993,0.447960847376486,0.0652206874855826
1947,0.0328325260217297,0.31480091965692,0.620113485655453,0.0322530686658979,0
1948,0.0398018777109314,0.479420246541876,0.480777875747192,0,0
1949,0,0.734776016263549,0.265223983736451,0,0
1950,0.0075488090450335,0.567980397280364,0.298850818596778,0.125619975077824,0
1951,0.0485075864839539,0.0399369705088864,0.558207599275569,0.332000984660727,0.0213468590708641
1952,0.0322530686658979,0.295746244722697,0.359700339369302,0.287016630265408,0.0252837169766962
1953,0.395218442914173,0.476874082968436,0.127907474117391,0,0
1954,0.0582094199682903,0.0485075864839539,0.57148227419966,0.300453860277231,0.0213468590708641
1955,0,0.125873997899157,0.210787763543865,0.593931050413859,0.0694071881431195
1956,0.0130158245510115,0.200048557104474,0.567329543188641,0.219606075155873,0
1957,0.412105823215314,0.287849260780898,0.300044916003788,0,0
1958,0,0,0.0929063790794722,0.273752967622782,0.633340653297746
1959,0.517837276490271,0.410311644921325,0.00244389044528396,0.0694071881431195,0
1960,0,0.251138034934584,0.675070661604766,0.0737913034606501,0
1961,0.288479779947074,0.461846104175933,0.150625132152739,0.0990489837242537,0
1962,0.0075488090450335,0.527513068239817,0.235298281902541,0.229639840812608,0
1963,0.0075488090450335,0.0252837169766962,0.6632279790349,0.264002524434484,0.0399369705088864
1964,0,0.152810160097518,0.575607539144111,0.252679332132791,0.0189029686255801
1965,0.16718766747918,0.533714791692092,0.251611761274808,0.0474857795539199,0
1966,0.0075488090450335,0,0,0.22228245735153,0.770168733603437
1967,0,0.160111586595588,0.12055709143162,0.450865545985401,0.268465775987391
1968,0.00244389044528396,0.133837900358689,0.273119868982174,0.321021528892359,0.269576811321494
1969,0.452436646409077,0.445978521898132,0.101584831692791,0,0
1970,0.259160570319841,0.54899666971542,0.0851257535124952,0.106717006452244,0
1971,0.0902306721122447,0.134627875628702,0.0606533104135743,0.342319289139051,0.372168852706428
1972,0,0.398265738235938,0.56703730265288,0.0322530686658979,0.00244389044528396
1973,0,0,0.17935210275872,0.486106890352298,0.334541006888983
1974,0.17271811868884,0.495981783689535,0.331300097621625,0,0
1975,0.801280372742109,0.177372768187027,0.0189029686255801,0.00244389044528396,0
1976,0.269576811321494,0.15090369205452,0.510112308480866,0.0694071881431195,0
1977,0.120697625658738,0.216840370408652,0.384646508808446,0,0.277815495124164
1978,0,0.0694071881431195,0.309378689032426,0.41044192530561,0.210772197518844
1979,0.229639840812608,0.082423012694131,0.153530151680468,0.515504026187213,0.0189029686255801
1980,0,0,0,0.0694071881431195,0.930592811856881
1981,0.365274498939717,0.632281610614999,0.00244389044528396,0,0
1982,0.165437731903754,0.0851257535124952,0.210772197518844,0.0694071881431195,0.469257128921787
1983,0,0,0.0252837169766962,0.852356299820286,0.122359983203017
1984,0.152562777550554,0.4098433328428,0.171126420060052,0.164807212737577,0.101660256809017
1985,0,0.326158797952533,0,0.210298471178621,0.463542730868846
1986,0.0771123885938704,0.806715446991309,0.0423808609541704,0.0737913034606501,0
1987,0.594185073235192,0.152089051210331,0.19766948002549,0.0560563955289874,0
1988,0,0,0,0.134627875628702,0.865372124371298
1989,0.0990489837242537,0.00999269949031746,0.851021346276543,0,0.0399369705088864
1990,0.0485075864839539,0.0075488090450335,0.12055709143162,0.0718510785884034,0.751535434450989
1991,0,0.0075488090450335,0.481589149624968,0.355855373334161,0.155006667995838
1992,0.0075488090450335,0,0,0.114934931733109,0.877516259221857
1993,0.103246496663256,0.0322530686658979,0.595899892929612,0.26615665129595,0.00244389044528396
1994,0.0252837169766962,0,0.344044414014057,0.582164282525293,0.0485075864839539
1995,0.0189029686255801,0.280668678027207,0.253824754183278,0.398096012679981,0.0485075864839539
1996,0.0908884474381243,0.243025266184742,0.0883101567686996,0.115514389088941,0.462261740519493
1997,0.0399369705088864,0.248103715855967,0.640108235046743,0.0718510785884034,0
1998,0,0.130399459143075,0.285102442106254,0.103246496663256,0.481251602087416
1999,0.12055709143162,0.248556143588428,0.385891334690149,0.244995430289803,0
2000,0.00244389044528396,0.292781426260359,0.228957775972305,0.427309320838098,0.0485075864839539
2001,0.491794159562131,0.449996420469578,0.0582094199682903,0,0
2002,0,0.150211348200123,0.350536674333958,0.117049359102757,0.382202618363162
2003,0,0,0.19249974805944,0.465452470960089,0.342047780980471
2004,0,0.0322530686658979,0.0485075864839539,0.17876651139991,0.740472833450238
2005,0.0130158245510115,0.310689844115609,0.593612468266168,0.0826818630672112,0
2006,0.189511472358442,0.562066784277271,0.240872934319254,0.0075488090450335,0
2007,0.0075488090450335,0.14323566932653,0.29589795103134,0.222017472975472,0.331300097621625
2008,0,0.934779312514417,0.0652206874855826,0,0
2009,0,0,0,0.33110022235646,0.66889977764354
2010,0.205489103681927,0.350196932244228,0.201288697889103,0.210772197518844,0.0322530686658979
2011,0,0.0907540472139835,0.909245952786017,0,0
2012,0.00244389044528396,0.950070330000796,0.0474857795539199,0,0
2013,0,0.382202618363162,0,0.112064808275265,0.505732573361573
2014,0,0,0.310699082956238,0.596626354486233,0.0926745625575287
2015,0.12055709143162,0,0.319420264606493,0.560022643961887,0
2016,0.0399369705088864,0.559575386550189,0.0749593641545675,0.235065790152169,0.0904624886341883
2017,0,0,0,0.425095178837801,0.574904821162199
2018,0,0,0.160111586595588,0.300292611640729,0.539595801763683
2019,0,0,0.328688824536862,0.0657582290133238,0.605552946449815
2020,0,0.0075488090450335,0.106717006452244,0.654767622581911,0.230966561920811
2021,0.00244389044528396,0.107965580043907,0.171239022899038,0.362808624935466,0.355542881676305
2022,0.147767457754839,0.682235073179581,0.167553578620296,0,0.00244389044528396
2023,0.0130158245510115,0.215086747914933,0.268997183512155,0.454392657537946,0.0485075864839539
2024,0.0981415780635067,0.402359061923611,0.401352969535706,0.0981463904771767,0
2025,0,0,0.235244640617765,0.644198267950615,0.12055709143162
2026,0,0,0,0.0958589658137331,0.904141034186267
2027,0,0,0.0851257535124952,0.680029326440632,0.234844920046873
2028,0,0.0485075864839539,0.261287125830619,0.230664196789193,0.459541090896234
2029,0,0,0.0990489837242537,0.245099555808903,0.655851460466843
2030,0,0,0.171239022899038,0.649746421879794,0.179014555221168
2031,0.533369572079644,0.446065794324311,0.0130158245510115,0.0075488090450335,0
2032,0.202575972265977,0.636123504329411,0.1482846988536,0.0130158245510115,0
2033,0.128105900476653,0.233585555121732,0.422139588872048,0.200709240533271,0.0154597149962955
2034,0,0.0277276074219801,0.317949997581307,0.493828333056206,0.160494061940506
2035,0.0485075864839539,0.452941212711559,0.491002391759453,0,0.0075488090450335
2036,1,0,0,0,0
2037,0.599090623370208,0.16802249254685,0.213983915457363,0.0189029686255801,0
2038,0.11178804909729,0.171713128723098,0.31644696882427,0.341842433387052,0.0582094199682903
2039,0,0,0.642415507347241,0.357584492652759,0
2040,0.190141991524618,0.222796805596469,0.397662333359457,0.106717006452244,0.0826818630672112
2041,0,0,0.120358665072357,0.554268481164995,0.325372853762647
2042,0.204858584515751,0.769857698507553,0.0252837169766962,0,0
2043,0.0694071881431195,0.0252837169766962,0.612441051638581,0.27152118417074,0.0213468590708641
2044,0.967746931334102,0,0,0.0322530686658979,0
2045,0.0154597149962955,0.699282449670516,0,0.236750248849235,0.0485075864839539
2046,0,0.0399369705088864,0.101492874169538,0.689505477406002,0.169064677915574
2047,0,0,0.0587048463365115,0.570033706617808,0.371261447045681
2048,0.107965580043907,0.33237241642466,0.447873954434143,0.0423808609541704,0.0694071881431195
2049,0.548608060367523,0.269661092841012,0.0990489837242537,0.0826818630672112,0
2050,0.0441866856022763,0.389674430732203,0.489182886477368,0.0075488090450335,0.0694071881431195
2051,0,0,0.170900062312657,0.541250676906445,0.287849260780898
2052,0,0,0.409449479686713,0.467549538436383,0.123000981876904
2053,0.052952795059898,0.334293624342019,0.519847201518611,0.0904624886341883,0.00244389044528396
2054,0,0,0,0.497753502452435,0.502246497547565
2055,0.53771879132729,0.345388240975671,0.0075488090450335,0.109344158652006,0
2056,0,0.229639840812608,0.0322530686658979,0.246482165989786,0.491624924531708
2057,0,0.152089051210331,0.286276227760304,0.507455335936772,0.0541793850925937
2058,0.0075488090450335,0.0189029686255801,0.626788409711466,0.277352624474801,0.0694071881431195
2059,0,0,0.0252837169766962,0.138850861435185,0.835865421588119
2060,0,0.0826818630672112,0,0.0883101567686996,0.829007980164089
2061,0.406865811817609,0.470984722893554,0.122149465288836,0,0
2062,0.0399369705088864,0,0.48908311901123,0.445696193503188,0.0252837169766962
2063,0.0694071881431195,0.0582094199682903,0.679636261282186,0.192747130606404,0
2064,0.0485075864839539,0.164743777033896,0.266467469546595,0.424583479317332,0.0956976876182228
2065,0,0.19249974805944,0.524109148340077,0.283391103600482,0
2066,0.0075488090450335,0,0,0.0485075864839539,0.943943604471013
2067,0,0,0.0322530686658979,0.1394600600572,0.828286871276902
2068,0.109344158652006,0.502124042244242,0.267974707672132,0.12055709143162,0
2069,0,0,0,0.30743467979255,0.69256532020745
2070,0.0694071881431195,0.432218029078898,0.407486335339858,0.0509514769292379,0.0399369705088864
2071,0.0252837169766962,0.507006492011463,0.377479118899596,0.0902306721122447,0
2072,0.534708777676414,0.465291222323586,0,0,0
2073,0,0,0,0.0189029686255801,0.98109703137442
2074,0.0485075864839539,0.0399369705088864,0,0.267409023808655,0.644146419198505
2075,0.0075488090450335,0.164269671209836,0.480591578973632,0.347589940771498,0
2076,0,0,0,0.746450567245817,0.253549432754183
2077,0,0,0,0.415221409370861,0.584778590629139
2078,0.123000981876904,0.13898595423314,0.020564633596045,0.564885652743357,0.152562777550554
2079,0.287849260780898,0.184481570727146,0.337866830127533,0.157549269698525,0.0322530686658979
2080,0.0990489837242536,0,0.12217672144854,0.681300538675726,0.0974737561514805
2081,0,0.0902306721122447,0.398096012679981,0.511673315207774,0
2082,0.0322530686658979,0.241699774222049,0.29589795103134,0.381641619596759,0.0485075864839539
2083,0.304564556334706,0.492190355163486,0.101584831692791,0.0322530686658979,0.0694071881431195
2084,0.89265247438158,0.067410555109534,0,0.0399369705088864,0
2085,0.0130158245510115,0.379717661751461,0.265817325179867,0.32254621989208,0.0189029686255801
2086,0.0582094199682903,0.168456171867373,0.12055709143162,0.160918375103805,0.491858941628911
2087,0,0,0.222953197002186,0.777046802997814,0
2088,0.152562777550554,0.39474471657395,0.269654958838034,0.183037547037461,0
2089,0.444887837364043,0.201070364034508,0.354041798601449,0,0
2090,0.122618833576098,0.261189524094041,0.184815846216452,0.39854327009168,0.0328325260217297
2091,0,0.0990489837242537,0.0826818630672112,0.582164282525293,0.236104870683242
2092,0,0,0.350782523603037,0.478091056336911,0.171126420060052
2093,0,0,0,0.732060617659684,0.267939382340316
2094,0.0826818630672112,0.449245915968481,0.175571301591883,0.130399459143075,0.16210146022935
2095,0,0.0826818630672112,0.76889290385207,0.148425233080718,0
2096,0.0657582290133238,0.699255980741991,0.165578602101566,0.0694071881431195,0
2097,0.198793603468214,0.398710652731159,0.319813880733416,0,0.0826818630672112
2098,0,0,0,0.642013227878411,0.357986772121589
2099,0.114934931733109,0.429688397917082,0.211311138645603,0.195557945220252,0.0485075864839539
2100,0,0.229639840812608,0.1394600600572,0.531851115405938,0.0990489837242537
2101,0,0.0075488090450335,0,0.738303581711621,0.254147609243345
2102,0.142662539155089,0.77491444815078,0.082423012694131,0,0
2103,0,0,0,0.832446421379704,0.167553578620296
2104,0.152562777550554,0.435190485523177,0.20900164842446,0.152089051210331,0.051156037291478
2105,0.0130158245510115,0,0.0981463904771768,0.608169106944604,0.280668678027207
2106,1,0,0,0,0
2107,0.274151371389583,0.710388913614121,0.0154597149962955,0,0
2108,0.43515541342306,0.375042248212517,0.187358447919139,0.00244389044528396,0
2109,0,0,0,0,1
2110,0.0990489837242537,0.181216535848172,0.421022419534968,0.0690722200799989,0.229639840812608
2111,0.24817369954303,0.140218648709805,0.510114777577627,0.101492874169538,0
2112,0,0,0.00244389044528396,0.541894119903302,0.455661989651414
2113,0,0.067410555109534,0.198001835665536,0.12055709143162,0.61403051779331
2114,0,0.308913775582351,0.658833155751751,0.0322530686658979,0
2115,0.112064808275265,0.432884929314417,0.396840842442028,0.0582094199682903,0
2116,0.967746931334102,0,0,0.0322530686658979,0
2117,0.342457073438231,0.549836196890942,0.107706729670827,0,0
2118,0.409463506410767,0.590536493589232,0,0,0
2119,0,0,0.0587048463365115,0.938851263218205,0.00244389044528396
2120,0,0,0.0990489837242536,0.143335173480786,0.757615842794961
2121,0,0.0189029686255801,0.00244389044528396,0.159869676777308,0.818783464151828
2122,0.12055709143162,0.654584360827433,0.224858547740947,0,0
2123,0,0.31213030593454,0.636134199418151,0.0517354946473098,0
2124,0,0,0.360977218534576,0.569950561385425,0.0690722200799989
2125,0.0252837169766962,0.0694071881431195,0.00244389044528396,0.482188765244519,0.420676439190381
2126,0.0582094199682903,0.0130158245510115,0.720155582401157,0.208619173079542,0
2127,0,0,0.0582094199682903,0.545691200385314,0.396099379646396
2128,0,0.00244389044528396,0.0441866856022763,0.710328591742677,0.243040832209762
2129,0,0.020564633596045,0.578521177360492,0.0771123885938704,0.323801800449592
2130,0.152562777550554,0.699880652241238,0.147556570208208,0,0
2131,0,0.169064677915574,0.772725902116136,0.0582094199682903,0
2132,0.109344158652006,0.119358156750086,0.353972541513558,0.368817556600397,0.0485075864839539
2133,0,0,0.357256448924018,0.640299660630698,0.00244389044528396
2134,0.0712252445193019,0.639831475868768,0.0587048463365115,0.230238433275419,0
2135,0.167553578620296,0.420051377799046,0.313346059856404,0.0990489837242537,0
2136,0,0,0,0.0322530686658979,0.967746931334102
2137,0.537885794482933,0.392259759962249,0.021346859070864,0.0485075864839539,0
2138,0,0.229639840812608,0.285978944220376,0.112064808275265,0.372316406691751
2139,0.0694071881431195,0.121154914518506,0.325403064735458,0.484034832602917,0
2140,0.0441866856022763,0.137948268188108,0.445894619862451,0.371970426347165,0
2141,0.135165417156443,0.47462234727173,0.147556570208208,0.242655665363619,0
2142,0.0130158245510115,0,0.789788801247558,0.19719537420143,0
2143,0,0,0,0.0075488090450335,0.992451190954966
2144,0.0322530686658979,0.514203341792102,0.26659774993088,0.128105900476653,0.0588399391344665
2145,0,0.0904624886341883,0.229639840812608,0.0458483505727412,0.634049319980463
2146,0.217239079780422,0.213612462245296,0.429688397917082,0,0.1394600600572
2147,0.0956976876182228,0.301865205319209,0.406253327773215,0.193739888844069,0.00244389044528396
2148,0.0154597149962955,0.965637316378124,0.0189029686255801,0,0
2149,0.122618833576098,0.706492298129168,0.0641718618424895,0.106717006452244,0
2150,0.986984175448988,0.0130158245510115,0,0,0
2151,0.344836181816735,0.596954398214975,0.0582094199682903,0,0
2152,0,0,0,0.367588109000716,0.632411890999284
2153,0.88396223580932,0.11603776419068,0,0,0
2154,0.387111326603962,0,0.254923557789304,0.30945752912278,0.0485075864839539
2155,0.12055709143162,0.616470660528635,0.262972248039745,0,0
2156,0.232083731257892,0.273952842887947,0.312232579062696,0.181730846791465,0
2157,0.189964279574739,0.644457118323695,0.165578602101566,0,0
2158,0.0075488090450335,0,0.428168070125219,0.398704518728182,0.165578602101566
2159,0,0,0.274739498999094,0.193332721965214,0.531927779035693
2160,0,0.417607487353762,0.323328074109369,0.246048613985858,0.0130158245510115
2161,0,0,0.0399369705088864,0.134417357714521,0.825645671776593
2162,0,0,0,0.331224672505399,0.668775327494601
2163,0.0902306721122447,0.708324238592935,0.0441866856022763,0.157258403692544,0
2164,0.0485075864839539,0.384559615866103,0.267835256821215,0.299097540828728,0
2165,0,0,0.0382995415277077,0.903491038504002,0.0582094199682903
2166,0.595930405847759,0.396520785107208,0.0075488090450335,0,0
2167,0,0.0605016041049315,0.321633589469105,0.314765594325103,0.30309921210086
2168,0.12055709143162,0.229675166144424,0.235293596805466,0.302409337343224,0.112064808275265
2169,0.587894176784686,0.412105823215314,0,0,0
2170,0.614815322742561,0.385184677257439,0,0,0
2171,0,0,0.0130158245510115,0.815271046725891,0.171713128723098
2172,0,0,0,0.273544182145473,0.726455817854527
2173,0,0,0.197831670767464,0.399422733788184,0.402745595444352
2174,0,0.052952795059898,0.615717915989638,0.273119868982174,0.0582094199682903
2175,0.324330745932424,0.0884445569928403,0.488175713350483,0.0990489837242537,0
2176,0,0.0485075864839539,0.222141923124411,0.337716171304558,0.391634319087077
2177,0.14651957673699,0.367475806038869,0.400878863711646,0.0851257535124952,0
2178,0.229639840812608,0.12055709143162,0.443534631452848,0.178540828880944,0.0277276074219801
2179,0.685103404104759,0.250724734052751,0,0.051156037291478,0.0130158245510115
2180,0.457903661915055,0.453651781092105,0.0884445569928403,0,0
2181,0,0,0.155006667995838,0.353196264739544,0.491797067264618
2182,0,0,0.17876651139991,0.547086929624177,0.274146558975913
2183,0.152562777550554,0.186121579182756,0.348993939386871,0.312321703879819,0
2184,0.357256448924018,0.494318317995264,0.148425233080718,0,0
2185,0.694208853632599,0.270514729900388,0.00999269949031746,0.0252837169766962,0
2186,0.0075488090450335,0.245099555808903,0.141521802201678,0.346911172442824,0.258918660501561
2187,0,0.0288956681158976,0.12055709143162,0.630800631069491,0.219746609382992
2188,0.229639840812608,0,0.256591499688629,0.513768659498763,0
2189,0.173509886491518,0.47088680781836,0.120358665072357,0.0826818630672112,0.152562777550554
2190,0,0.101584831692791,0.457876813502694,0.363582357616362,0.076955997188153
2191,0,0.0834931369449865,0.694483256076564,0.222023606978449,0
2192,0.178540828880944,0.781522200610169,0.0399369705088864,0,0
2193,0.205765990176498,0.580861129033421,0.125062724021382,0.0189029686255801,0.0694071881431195
2194,0,0.422139588872048,0.0826818630672112,0.341788930607391,0.15338961745335
2195,0.336237633581895,0.484989721015217,0.178772645402888,0,0
2196,0,0.530540958501538,0.469459041498462,0,0
2197,0.12055709143162,0,0.15785174513596,0.517872348590388,0.203718814842032
2198,0.0322530686658979,0.12055709143162,0.152089051210331,0.395218442914173,0.299882345777978
2199,0.152562777550554,0.207014563768161,0.563310270087414,0.0771123885938704,0
2200,0.0252837169766962,0.742581660408575,0.224585813569695,0.0075488090450335,0
2201,0,0.228711078514146,0.701881733342735,0.0694071881431195,0
2202,0,0,0.229639840812608,0.441247206789404,0.329112952397988
2203,0.0582094199682903,0.794234009823502,0.147556570208208,0,0
2204,0.0904624886341883,0.755004569710197,0.154532941655615,0,0
2205,0,0,0.64182994554744,0.35817005445256,0
2206,0.18692546117243,0.550003579530422,0.164021975572895,0.0990489837242537,0
2207,0,0.210787763543865,0.26136723604392,0.454053696951565,0.0737913034606501
2208,0.229639840812608,0.152562777550554,0.103769871764995,0.333638413641906,0.180389096229937
2209,0.257905616683581,0.00244389044528396,0.732101683826101,0.0075488090450335,0
2210,0,0,0.067410555109534,0.526626226319933,0.405963218570533
2211,0.0322530686658979,0.781592859525661,0.186154071808442,0,0
2212,0,0.164743777033896,0.331130862591202,0.191803656495083,0.312321703879819
2213,0.442680096856477,0.16210146022935,0.395218442914174,0,0
2214,0,0.328600079203575,0.155006667995838,0.508844443755553,0.0075488090450335
2215,0.0694071881431195,0.0485075864839539,0.515775534345793,0.326372720518247,0.0399369705088864
2216,0.208301838145036,0.758865635833235,0.0075488090450335,0.0252837169766962,0
2217,0.141429844678424,0.0575367856425941,0.157382376848698,0.643650992830283,0
2218,0,0,0.0189029686255801,0.20839314237626,0.77270388899816
2219,0.146761767386447,0.556187836691411,0.297050395922142,0,0
2220,0,0.203238954498831,0.676402380428812,0.120358665072357,0
2221,0.184342119876229,0.789206102453158,0.0264517776706136,0,0
2222,0.0441866856022763,0.505068834486223,0.226665591835663,0,0.224078888075837
2223,0.0762351939059341,0.539374129113363,0.231827899430149,0.152562777550554,0
2224,0.0252837169766962,0.0398018777109314,0.846604248543673,0.0883101567686996,0
2225,0,0.0826818630672112,0.141413965563426,0.520980613580059,0.254923557789304
2226,0,0.335330227921148,0.467000292053362,0.19766948002549,0
2227,0.94826450535269,0.0264517776706136,0,0.0252837169766962,0
2228,0.183710181363158,0.615219454602335,0.201070364034508,0,0
2229,0.54192047852601,0.392858833988407,0,0.0652206874855826,0
2230,0,0.096508961495998,0.550906172777499,0.350140975281219,0.00244389044528396
2231,0.229639840812608,0,0.213612462245296,0.312921746693105,0.243825950248991
2232,0.0509514769292379,0.112064808275265,0.517077876538828,0.319905838256669,0
2233,0.222417223105372,0.585556755175411,0.192026021719217,0,0
2234,0.171465746176134,0.463130403392004,0.22451256739636,0.0582094199682903,0.0826818630672112
2235,0.229639840812608,0.0485075864839539,0.23442818128115,0.487424391422288,0
2236,0.70852569997128,0.19400054387724,0.0652206874855826,0,0.0322530686658979
2237,0,0,0,0.632124116787118,0.367875883212882
2238,0.0322530686658979,0.170992019835911,0.288140126786879,0.369628830478172,0.13898595423314
2239,0.0588399391344665,0.640312584461379,0.123000981876904,0.152562777550554,0.0252837169766962
2240,0.338773481550433,0.590673908255962,0.0705526101936056,0,0
2241,0,0.0694071881431195,0,0.217007263258479,0.713585548598402
2242,0.154310576431481,0.273522525630618,0.419604120387347,0.152562777550554,0
2243,0,0.00244389044528396,0,0.397322643608454,0.600233465946262
2244,0.192837295596992,0.417411276994812,0.389751427408195,0,0
2245,0,0.411249621530172,0.0582094199682903,0.446417302390375,0.0841236561111627
2246,0.273119868982174,0.159637860255364,0.449290318412628,0.117951952349834,0
2247,0,0.229639840812608,0.0252837169766962,0.314067650369802,0.431008791840894
2248,0,0,0,0.384282084010362,0.615717915989638
2249,0.160494061940506,0.229639840812608,0.448559439839297,0.161306657407589,0
2250,0.12055709143162,0.210772197518844,0.565983739472988,0.102686971576548,0
2251,0.0485075864839539,0.664523746077088,0.0189029686255801,0.235812630147481,0.0322530686658979
2252,0,0.0189029686255801,0.527653602466936,0.445894619862451,0.0075488090450335
2253,0,0.0485075864839539,0,0.389509517589916,0.56198289592613
2254,0.261892909478506,0.299097540828728,0.130930599178085,0.104028722138075,0.204050228376606
2255,0,0.0962203701461473,0.73532345798648,0.168456171867373,0
2256,0.0382995415277077,0.405340820940748,0.369099900869808,0.155006667995838,0.0322530686658979
2257,0.254923557789304,0.455615921500004,0.168903429279072,0.12055709143162,0
2258,0.152562777550554,0.356833234456795,0.465320271015955,0.0252837169766962,0
2259,0,0.0575367856425941,0.384646508808446,0.537252071952915,0.020564633596045
2260,0.369817423355996,0.571973156675713,0.0582094199682903,0,0
2261,0.052952795059898,0.216427805902647,0.253725875554478,0.476893523482978,0
2262,0.420676439190381,0.0252837169766962,0.32195611257503,0.232083731257892,0
2263,0.0485075864839539,0,0,0.093485836435304,0.858006577080742
2264,0.254923557789304,0.402495743800627,0.189770538312551,0.152810160097518,0
2265,0,0.211650099231984,0.788349900768016,0,0
2266,0,0,0.0382995415277077,0.370857315185907,0.590843143286385
2267,0.0189029686255801,0.902322977810085,0.0130158245510115,0.0582094199682903,0.0075488090450335
2268,0.141597227317904,0.618274098883723,0.125619975077824,0.114508698720549,0
2269,0,0,0.0694071881431195,0.292355193247799,0.638237618609081
2270,0.107706729670827,0.798756372083524,0.0423808609541704,0.051156037291478,0
2271,0,0,0.0499296699992039,0.703134674838746,0.24693565516205
2272,0.16999746906558,0.363350541094419,0.156251493877541,0.31040049596246,0
2273,0,0,0.225917532393741,0.753517834010214,0.020564633596045
2274,0.1394600600572,0.377318173750324,0.314765594325103,0.168456171867373,0
2275,0.082423012694131,0.917576987305869,0,0,0
2276,0.484034832602917,0.483132641375353,0.0328325260217297,0,0
2277,0,0.273119868982174,0.076955997188153,0.0189029686255801,0.631021165204093
2278,0.106597792769287,0.442614994064024,0.450787213166689,0,0
2279,0.632382967160198,0.170867569686971,0.19674946315283,0,0
2280,0,0.0826818630672112,0.0904624886341883,0.512752409285099,0.314103239013501
2281,0,0.274944059361334,0.179816658632311,0.424682190574735,0.12055709143162
2282,0.168456171867373,0.297579325530506,0.515061533976541,0.0189029686255801,0
2283,0,0.555551256218178,0.386239323813532,0,0.0582094199682903
2284,0.0399369705088864,0.372754444065237,0.467575754422621,0.119732831003256,0
2285,0.278147427296562,0.180358885257127,0.539049797001028,0.00244389044528396,0
2286,0.232083731257892,0.432757729237538,0.295221568995684,0.0399369705088864,0
2287,0,0.109365457259768,0.425182071780143,0.465452470960088,0
2288,0,0.0990489837242537,0.0694071881431195,0.290293151226182,0.541250676906445
2289,0.0575367856425941,0.360869026984471,0.581594187372935,0,0
2290,0.00244389044528396,0.203379488725949,0.133572915982631,0.641700736220555,0.0189029686255801
2291,0.0189029686255801,0.468204087862202,0.392195317853479,0.120697625658738,0
2292,0,0.266267594281429,0.712385546647707,0.0189029686255801,0.00244389044528396
2293,0.0322530686658979,0.158856632959328,0.627431852708323,0.181458445666452,0
2294,0.699955083996212,0.216840370408652,0.0807606551498518,0,0.00244389044528396
2295,0,0,0.102396105570567,0.465668573229316,0.431935321200118
2296,0.201070364034508,0.22625229095383,0.451695940416743,0.120981404594919,0
2297,0,0,0,0.551267296278736,0.448732703721264
2298,0.00244389044528396,0.95336942395244,0.0441866856022763,0,0
2299,0.12433270070095,0.614212790828951,0.14651957673699,0.114934931733109,0
2300,0,0.189964279574739,0.117951952349834,0.331753602113763,0.360330165961664
2301,0.415054279491871,0.464388629076509,0.12055709143162,0,0
2302,0.165825984648529,0.764766827208351,0.0694071881431195,0,0
2303,0,0,0.248542809438188,0.558957442502372,0.19249974805944
2304,0.0694071881431195,0,0,0.570262645895217,0.360330165961664
2305,0,0,0,0.0130158245510115,0.986984175448988
2306,0.0990489837242537,0.162113691957426,0.371026550216331,0.36781077410199,0
2307,0.0902306721122447,0.512106994528298,0.397662333359457,0,0
2308,0,0.00244389044528396,0.229639840812608,0.435915284081381,0.332000984660727
2309,0.242232450896396,0.757767549103604,0,0,0
2310,0.152562777550554,0.214184154667857,0.363212756795239,0.27004031098635,0
2311,0,0,0.278147427296562,0.499882607009765,0.221969965693674
2312,0.176619620963585,0.740698515969204,0.0826818630672112,0,0
2313,0,0,0.264627585825819,0.411774794602992,0.323597619571188
2314,0.0322530686658979,0.526823193482181,0.172810076212093,0.268113661639827,0
2315,0,0,0,0.211311138645603,0.788688861354397
2316,0.0252837169766962,0.90895805400998,0.0657582290133238,0,0
2317,0.076955997188153,0.751804979912809,0.171239022899038,0,0
2318,0,0,0.19674946315283,0.653082693554198,0.150167843292971
2319,0.0826818630672112,0.157753830060765,0.176124194595364,0.392577793198398,0.190862319078262
2320,0,0.00244389044528396,0.12055709143162,0.69251744739595,0.184481570727146
2321,0.194746671342476,0.556831585293236,0.179014555221168,0,0.0694071881431195
2322,0,0.152089051210331,0.235359822931183,0.491994034426866,0.12055709143162
2323,0.0582094199682903,0,0.270477552177627,0.269380600962545,0.401932426891538
2324,0.194334819366546,0.171465746176134,0.507455335936772,0.0782365120365941,0.0485075864839539
2325,0,0.0826818630672112,0.0834931369449865,0,0.833824999987802
2326,0,0.0694071881431195,0.431935321200118,0.479754522031183,0.0189029686255801
2327,0,0.171803293713686,0.00999269949031746,0.274908734029517,0.543295272766479
2328,0.287849260780898,0.354858257938064,0.25563222447202,0.101660256809017,0
2329,0.189964279574739,0.200275561212748,0.565573473610237,0.0441866856022763,0
2330,0.0189029686255801,0,0.0990489837242537,0.503445432229099,0.378602615421067
2331,0.0075488090450335,0.12055709143162,0.10655272279666,0.765341376726687,0
2332,0.537459940954209,0.422738181334859,0.0322530686658979,0.0075488090450335,0
2333,0.0582094199682903,0.599598490969537,0.273119868982174,0,0.0690722200799989
2334,0,0,0.0541793850925937,0.352598416478436,0.59322219842897
2335,0,0.379986281810686,0.574744824972405,0.0322530686658979,0.0130158245510115
2336,0.12055709143162,0.00244389044528396,0,0,0.876999018123096
2337,0,0,0.0485075864839539,0.593513757008765,0.357978656507281
2338,0,0.0189029686255801,0.0694071881431195,0.513392067914327,0.398297775316973
2339,0.410963520725217,0.123000981876904,0.20140791157206,0.251611761274808,0.0130158245510115
2340,0,0,0.701757662677632,0.272958620345672,0.0252837169766962
2341,0.0075488090450335,0.125062724021382,0.354587181564736,0.413752301644595,0.0990489837242537
2342,0.0075488090450335,0.059980676087878,0.406149388027497,0.296681286026984,0.229639840812608
2343,0.00244389044528396,0.512941819595967,0.484614289958749,0,0
2344,0.00999269949031746,0.540726059209385,0.296718463749744,0.152562777550554,0
2345,0,0.0582094199682903,0.0252837169766962,0.916506863055013,0
2346,0.465131863977337,0.534868136022663,0,0,0
2347,0,0,0,0.0588399391344665,0.941160060865533
2348,0.381085449026081,0.355103424484715,0.223874155980318,0.0399369705088864,0
2349,0,0,0.242655665363619,0.335982799932934,0.421361534703446
2350,0.12433270070095,0.23234514052891,0.381429249291635,0.229639840812608,0.0322530686658979
2351,0.624500985048022,0.373055124506694,0.00244389044528396,0,0
2352,0.213216087964128,0.673055638066335,0.0652206874855826,0.0485075864839539,0
2353,0.053599927736762,0.559240418487068,0.347222683267283,0.0399369705088864,0
2354,0,0,0.186315320444944,0.740688178916167,0.0729965006388896
2355,0.0399369705088864,0.0990489837242537,0.706481104111245,0.154532941655615,0
2356,0,0.101584831692791,0.675599996979686,0.222815171327523,0
2357,0,0.0485075864839539,0.096508961495998,0.854983452020048,0
2358,0.967746931334102,0.0322530686658979,0,0,0
2359,0.97227239257802,0,0.00244389044528396,0.0252837169766962,0
2360,0,0.0485075864839539,0.787968869771447,0.1635235437446,0
2361,0,0.302636341451498,0.638523719414036,0.0399369705088864,0.0189029686255801
2362,0.414838934025942,0.536653479490104,0.0485075864839539,0,0
2363,0,0,0.608794651406723,0.347018662991001,0.0441866856022763
2364,0,0.0189029686255801,0.808256744189516,0.172840287184904,0
2365,0.419577271974986,0.497999715330883,0.082423012694131,0,0
2366,0,0.0322530686658979,0,0.653663401849302,0.3140835294848
2367,0,0,0,0.237450059128659,0.762549940871341
2368,0.229639840812608,0.351728315857045,0.386378774664449,0.0322530686658979,0
2369,0,0.326439668314587,0.502321308786375,0.131302052390152,0.0399369705088864
2370,0.0189029686255801,0.270477552177627,0.309161158129315,0.393909512022444,0.0075488090450335
2371,0,0.31266144596955,0.605155815365348,0.0821827386651018,0
2372,0,0.13898595423314,0.812506459282906,0.0485075864839539,0
2373,0.13898595423314,0.0737913034606501,0.784778851860926,0.00244389044528396,0
2374,0.0075488090450335,0.419604120387347,0.251611761274808,0.198616475716714,0.122618833576098
2375,0.0485075864839539,0.476383416073412,0.475108997442634,0,0
2376,0,0.020564633596045,0.213983915457363,0.394185191487242,0.371266259459351
2377,0.0990489837242537,0.404235199868343,0.389998809955159,0.106717006452244,0
2378,0.250204474408653,0.749795525591347,0,0,0
2379,0.0990489837242536,0.125463583672107,0.491088215279729,0.131836439773356,0.152562777550554
2380,0.0771123885938704,0.622601133768378,0.24488979213257,0.0423808609541704,0.0130158245510115
2381,0.00244389044528396,0.219606075155873,0.589482649578163,0.188467384820679,0
2382,0,0,0.679394351463906,0.320605648536094,0
2383,0.429688397917082,0.175117284780361,0.131302052390152,0.12055709143162,0.143335173480786
2384,0.123000981876904,0.0705526101936056,0.510449745640748,0.295996662288743,0
2385,0.439703504562624,0.560296495437376,0,0,0
2386,0.0902306721122447,0.704253755277303,0.205515572610452,0,0
2387,0.715401874690617,0.229201439804201,0.00244389044528396,0.052952795059898,0
2388,0.0452688932169095,0.300465328103348,0.327942697071625,0.326323081608118,0
2389,0.203700095708701,0.133745942835436,0.432914120643256,0.229639840812608,0
2390,0.338681524027179,0.324700219436951,0.288110670051916,0.0485075864839539,0
2391,0.0075488090450335,0.313728535201323,0.238310617422191,0.440412038331452,0
2392,0.101492874169538,0.585323256716031,0.21159903742164,0.0189029686255801,0.0826818630672112
2393,0.0826818630672112,0.649859024718781,0.201070364034508,0.0663887481795,0
2394,0.0346969591111819,0.218781814727509,0.459158615551315,0.262078893633298,0.0252837169766962
2395,0.0075488090450335,0.542498253944406,0.449952937010561,0,0
2396,0,0.0399369705088864,0,0,0.960063029491114
2397,0,0.59504369124447,0.173909636621418,0.205762955157416,0.0252837169766962
2398,0.0582094199682903,0,0.0319187931765916,0.38866950062474,0.521202286230378
2399,0.290293151226182,0.0839885633132077,0.321018949417927,0.304699336042683,0
2400,0,0,0.0322530686658979,0.181730846791465,0.786016084542637
2401,0.122618833576098,0.430349081345879,0.285731561673412,0.161300523404612,0
2402,0.229639840812608,0.184342119876229,0.400161927575248,0.160572394759219,0.0252837169766962
2403,0,0.278147427296562,0.507668418035582,0.211740264222573,0.00244389044528396
2404,0.0189029686255801,0.0826818630672112,0.169064677915574,0.716334665840624,0.0130158245510115
2405,0,0,0.00244389044528396,0.546456410458,0.451099699096716
2406,0.0826818630672112,0.253251769730418,0.371543791315092,0.254223034359571,0.0382995415277077
2407,0.170992019835911,0.507380524697961,0.321627455466128,0,0
2408,0,0.947047204940102,0.052952795059898,0,0
2409,0.137943455774438,0.745007185122805,0.117049359102757,0,0
2410,0.219606075155874,0.155451359597827,0.159535401288001,0.31040049596246,0.155006667995838
2411,0.00244389044528396,0.12433270070095,0.560160435359728,0.273126002985152,0.0399369705088864
2412,0.0130158245510115,0.217007263258479,0.0189029686255801,0.393817494640912,0.357256448924018
2413,0.0958589658137331,0.530183316432496,0.144317876941163,0.229639840812608,0
2414,0,0.414035744610082,0.585964255389918,0,0
2415,0,0.12055709143162,0.117044546689087,0.762398361879293,0
2416,0,0.180828253544388,0.465452470960089,0.334816306869944,0.0189029686255801
2417,0.0252837169766962,0.12055709143162,0.138479408223118,0.429371062982576,0.28630872038599
2418,0.671215881662155,0.28931651611622,0.0394676022216251,0,0
2419,0.0904624886341883,0.0189029686255801,0.49515469055504,0.395479852185191,0
2420,0.735477215921418,0.262078893633298,0.00244389044528396,0,0
2421,0,0,0.122618833576098,0.455199119002052,0.422182047421851
2422,0.493150257301347,0.304273770432676,0.133168784122858,0.0694071881431195,0
2423,0.12055709143162,0.140891283035502,0.634442793181503,0.0852058637257959,0.0189029686255801
2424,0.0910930078003644,0.737398423838778,0.123000981876904,0.0485075864839539,0
2425,0.0826818630672112,0.398022453887878,0.264372125255606,0.254923557789304,0
2426,0.262472366834338,0.638478649441409,0.0990489837242537,0,0
2427,0.475208401273851,0.434560926613904,0.0902306721122447,0,0
2428,0.165916149639118,0.497096483929854,0.0399369705088864,0.278147427296562,0.0189029686255801
2429,0.0452688932169094,0.339921918043507,0.516371932256426,0.0423808609541704,0.0560563955289874
2430,0,0,0.201070364034508,0.630473464098119,0.168456171867373
2431,0.494655865532816,0.26433679992379,0.19249974805944,0,0.0485075864839539
2432,0,0,0.0277276074219801,0.72901813475159,0.24325425782643
2433,0,0.0694071881431195,0.0485075864839539,0.379717661751461,0.502367563621466
2434,0.0441866856022763,0.88396223580932,0.0718510785884034,0,0
2435,0,0,0.112064808275265,0.189398869519455,0.698536322205279
2436,0.0277276074219802,0.499680844372772,0.159534708714187,0.273119868982174,0.0399369705088864
2437,0.17876651139991,0.158997167186446,0.0907540472139835,0.336237633581895,0.235244640617765
2438,0.0834931369449865,0.248804218709206,0.00999269949031746,0.558660961131237,0.0990489837242537
2439,0.366422622342814,0.575367957688896,0,0,0.0582094199682903
2440,0.229639840812608,0.241712005950126,0.509745184611686,0.0189029686255801,0
2441,0,0.0606533104135743,0.508986595959081,0.430360093627345,0
2442,0.0075488090450335,0.464321630273027,0.502845843705243,0.0252837169766962,0
2443,0,0.105710096637242,0.70501024752626,0.0075488090450335,0.181730846791465
2444,0,0,0,0.278870327453639,0.721129672546361
2445,0,0,0,0.128247127277586,0.871752872722414
2446,0.203238954498831,0.711555181775373,0.0852058637257959,0,0
2447,0,0,0.25954304566476,0.395693774750905,0.344763179584335
2448,0.0252837169766962,0.401205055049444,0.381728892022939,0.12055709143162,0.0712252445193019
2449,0,0,0.563356587273226,0.436643412726774,0
2450,0.117049359102757,0.567646878123147,0.315303762774096,0,0
2451,0.245619815453001,0.44410075465844,0.150167843292971,0.160111586595588,0
2452,0.548310193586235,0.451689806413765,0,0,0
2453,0,0.0322530686658979,0,0.591661072576607,0.376085858757495
2454,0,0.631678532782631,0.269272483493116,0.0990489837242536,0
2455,0.0075488090450335,0,0.146653976961131,0.574610788383185,0.271186425610651
2456,0.454850715773639,0.405548689942043,0.0996636237754319,0.0399369705088864,0
2457,0,0.306752229406478,0.326121620229773,0.214563372813195,0.152562777550554
2458,0,0,0.0575367856425941,0.260701867518048,0.681761346839358
2459,0.432878795311439,0.235083063753208,0.179475363384799,0.152562777550554,0
2460,0.368490702247793,0.38684814295171,0.231645330249485,0.0130158245510115,0
2461,0,0.518653104111601,0.0925721035901659,0.3812259832532,0.0075488090450335
2462,0.259279784002798,0.425874511458798,0.229639840812608,0.0852058637257959,0
2463,0.0399369705088864,0.294725435500235,0.51033092599504,0.155006667995838,0
2464,0,0.0884445569928403,0.480777875747192,0.430777567259968,0
2465,0,0,0.076955997188153,0.772838981796115,0.150205021015732
2466,0.300119347758762,0.480370708868336,0.0712252445193019,0.1482846988536,0
2467,0,0,0.229639840812608,0.187024172429833,0.58333598675756
2468,0.0652206874855826,0.384208107800039,0.368490702247793,0.182080502466585,0
2469,0.0322530686658979,0.12055709143162,0.157382376848698,0.606314326108797,0.0834931369449865
2470,0.0130158245510115,0.141903950502484,0.190684271157689,0.596186533820525,0.0582094199682903
2471,0.568341437977858,0.348976698954931,0.0826818630672112,0,0
2472,0.0990489837242536,0.233585555121732,0.461602505996599,0.205762955157416,0
2473,0,0,0,0.604957389006086,0.395042610993914
2474,0.109133640737825,0.581841883009876,0.156214316154781,0.152810160097518,0
2475,0,0.106717006452244,0.124927631223427,0.50679672833513,0.2615586339892
2476,0,0.328688824536862,0.152562777550554,0.130060498556694,0.388687899355891
2477,0.0399369705088864,0.671384734255241,0.288678295235872,0,0
2478,0,0,0.31976805395749,0.424709795790395,0.255522150252115
2479,0,0.101584831692791,0.526520495304325,0.251337581571264,0.12055709143162
2480,0.109133640737825,0.606863857049083,0.270986677662081,0,0.0130158245510115
2481,0.309322436324825,0.591628579950921,0.0990489837242537,0,0
2482,0,0,0,0.0974737561514805,0.902526243848519
2483,0.0399369705088864,0.12055709143162,0.474423164109169,0.254055651720092,0.111027122230233
2484,0.0399369705088864,0.505026101231035,0.455036928260078,0,0
2485,0.281955326878626,0.718044673121374,0,0,0
2486,0.160111586595588,0.134444613874224,0.051156037291478,0.65428776223871,0
2487,0.278147427296562,0.185777778917202,0.314104828092562,0.221969965693673,0
2488,0.229639840812608,0.502035610000933,0.268324549186459,0,0
2489,0.0956976876182228,0,0.630462451816653,0.266291051520091,0.0075488090450335
2490,0,0.251524868332465,0.545095642941585,0.0807606551498518,0.122618833576098
2491,0.12055709143162,0.764187369852519,0.0458483505727412,0.0694071881431195,0
2492,0,0.0737913034606501,0.171713128723098,0.746946758771219,0.0075488090450335
2493,0.0582094199682903,0.314983488837583,0.347591793162442,0.230707711547731,0.0485075864839539
2494,0.203238954498831,0.223788022069856,0.30108741446249,0.271885608968823,0
2495,0.811234655106795,0.188765344893205,0,0,0
2496,0.229639840812608,0.1394600600572,0.630900099130192,0,0
2497,0.305797250811371,0.686653940143596,0.0075488090450335,0,0
2498,0,0,0.0509514769292379,0.755204444975363,0.1938440780954
2499,0,0,0.178416378732005,0.325707129251953,0.495876492016042
2500,0,0.0277276074219801,0.201317746581472,0.578928624277331,0.192026021719217
2501,0.0189029686255801,0.141121725027665,0.371237068130512,0.468738238216243,0
2502,0,0.0075488090450335,0.0252837169766962,0.435662427846454,0.531505046131817
