"id","kissed"
1,0.807854137447405
2,0.622468036201695
3,0.662553887319756
4,0.622468036201695
5,0.622468036201695
6,0.662553887319756
7,0.807854137447405
8,0.662553887319756
9,0.741948001552192
10,0.647803425167535
11,0.807854137447405
12,0.698754246885617
13,0.698754246885617
14,0.698754246885617
15,0.622468036201695
16,0.698754246885617
17,0.807854137447405
18,0.807854137447405
19,0.662553887319756
20,0.662553887319756
21,0.807854137447405
22,0.647803425167535
23,0.698754246885617
24,0.662553887319756
25,0.662553887319756
26,0.647803425167535
27,0.698754246885617
28,0.698754246885617
29,0.807854137447405
30,0.622468036201695
31,0.622468036201695
32,0.662553887319756
33,0.662553887319756
34,0.807854137447405
35,0.622468036201695
36,0.622468036201695
37,0.647803425167535
38,0.741948001552192
39,0.622468036201695
40,0.622468036201695
41,0.698754246885617
42,0.647803425167535
43,0.622468036201695
44,0.622468036201695
45,0.662553887319756
46,0.622468036201695
47,0.622468036201695
48,0.647803425167535
49,0.662553887319756
50,0.647803425167535
51,0.622468036201695
52,0.662553887319756
53,0.807854137447405
54,0.622468036201695
55,0.662553887319756
56,0.741948001552192
57,0.807854137447405
58,0.741948001552192
59,0.662553887319756
60,0.662553887319756
61,0.807854137447405
62,0.662553887319756
63,0.807854137447405
64,0.662553887319756
65,0.662553887319756
66,0.622468036201695
67,0.577601410934744
68,0.807854137447405
69,0.477272727272727
70,0.807854137447405
71,0.662553887319756
72,0.662553887319756
73,0.698754246885617
74,0.807854137447405
75,0.622468036201695
76,0.698754246885617
77,0.622468036201695
78,0.698754246885617
79,0.662553887319756
80,0.662553887319756
81,0.698754246885617
82,0.622468036201695
83,0.807854137447405
84,0.622468036201695
85,0.741948001552192
86,0.647803425167535
87,0.662553887319756
88,0.662553887319756
89,0.647803425167535
90,0.662553887319756
91,0.698754246885617
92,0.698754246885617
93,0.622468036201695
94,0.807854137447405
95,0.622468036201695
96,0.807854137447405
97,0.622468036201695
98,0.807854137447405
99,0.662553887319756
100,0.807854137447405
101,0.807854137447405
102,0.698754246885617
103,0.647803425167535
104,0.741948001552192
105,0.622468036201695
106,0.698754246885617
107,0.698754246885617
108,0.622468036201695
109,0.698754246885617
110,0.662553887319756
111,0.577601410934744
112,0.662553887319756
113,0.622468036201695
114,0.622468036201695
115,0.807854137447405
116,0.807854137447405
117,0.741948001552192
118,0.698754246885617
119,0.662553887319756
120,0.391304347826087
121,0.622468036201695
122,0.622468036201695
123,0.807854137447405
124,0.647803425167535
125,0.807854137447405
126,0.662553887319756
127,0.622468036201695
128,0.807854137447405
129,0.647803425167535
130,0.622468036201695
131,0.807854137447405
132,0.622468036201695
133,0.698754246885617
134,0.662553887319756
135,0.662553887319756
136,0.622468036201695
137,0.647803425167535
138,0.698754246885617
139,0.662553887319756
140,0.622468036201695
141,0.741948001552192
142,0.807854137447405
143,0.622468036201695
144,0.807854137447405
145,0.647803425167535
146,0.662553887319756
147,0.662553887319756
148,0.662553887319756
149,0.698754246885617
150,0.647803425167535
151,0.662553887319756
152,0.662553887319756
153,0.698754246885617
154,0.741948001552192
155,0.622468036201695
156,0.741948001552192
157,0.577601410934744
158,0.662553887319756
159,0.662553887319756
160,0.662553887319756
161,0.622468036201695
162,0.807854137447405
163,0.622468036201695
164,0.698754246885617
165,0.698754246885617
166,0.622468036201695
167,0.622468036201695
168,0.741948001552192
169,0.698754246885617
170,0.741948001552192
171,0.622468036201695
172,0.807854137447405
173,0.622468036201695
174,0.698754246885617
175,0.662553887319756
176,0.741948001552192
177,0.622468036201695
178,0.622468036201695
179,0.662553887319756
180,0.662553887319756
181,0.622468036201695
182,0.698754246885617
183,0.807854137447405
184,0.622468036201695
185,0.698754246885617
186,0.622468036201695
187,0.807854137447405
188,0.622468036201695
189,0.622468036201695
190,0.622468036201695
191,0.622468036201695
192,0.662553887319756
193,0.662553887319756
194,0.741948001552192
195,0.698754246885617
196,0.807854137447405
197,0.698754246885617
198,0.622468036201695
199,0.622468036201695
200,0.647803425167535
201,0.662553887319756
202,0.741948001552192
203,0.807854137447405
204,0.647803425167535
205,0.622468036201695
206,0.622468036201695
207,0.647803425167535
208,0.662553887319756
209,0.662553887319756
210,0.622468036201695
211,0.662553887319756
212,0.698754246885617
213,0.647803425167535
214,0.647803425167535
215,0.647803425167535
216,0.662553887319756
217,0.622468036201695
218,0.662553887319756
219,0.662553887319756
220,0.662553887319756
221,0.662553887319756
222,0.647803425167535
223,0.807854137447405
224,0.698754246885617
225,0.662553887319756
226,0.698754246885617
227,0.807854137447405
228,0.622468036201695
229,0.662553887319756
230,0.807854137447405
231,0.741948001552192
232,0.647803425167535
233,0.662553887319756
234,0.698754246885617
235,0.622468036201695
236,0.698754246885617
237,0.622468036201695
238,0.807854137447405
239,0.622468036201695
240,0.647803425167535
241,0.662553887319756
242,0.662553887319756
243,0.622468036201695
244,0.741948001552192
245,0.662553887319756
246,0.698754246885617
247,0.622468036201695
248,0.622468036201695
249,0.577601410934744
250,0.577601410934744
251,0.622468036201695
252,0.622468036201695
253,0.622468036201695
254,0.698754246885617
255,0.647803425167535
256,0.662553887319756
257,0.622468036201695
258,0.698754246885617
259,0.662553887319756
260,0.622468036201695
261,0.622468036201695
262,0.577601410934744
263,0.662553887319756
264,0.741948001552192
265,0.698754246885617
266,0.807854137447405
267,0.698754246885617
268,0.647803425167535
269,0.698754246885617
270,0.807854137447405
271,0.807854137447405
272,0.622468036201695
273,0.662553887319756
274,0.622468036201695
275,0.662553887319756
276,0.807854137447405
277,0.698754246885617
278,0.622468036201695
279,0.662553887319756
280,0.622468036201695
281,0.622468036201695
282,0.807854137447405
283,0.807854137447405
284,0.622468036201695
285,0.662553887319756
286,0.662553887319756
287,0.622468036201695
288,0.622468036201695
289,0.807854137447405
290,0.741948001552192
291,0.807854137447405
292,0.647803425167535
293,0.807854137447405
294,0.622468036201695
295,0.807854137447405
296,0.622468036201695
297,0.622468036201695
298,0.647803425167535
299,0.741948001552192
300,0.698754246885617
301,0.622468036201695
302,0.698754246885617
303,0.698754246885617
304,0.647803425167535
305,0.622468036201695
306,0.698754246885617
307,0.647803425167535
308,0.622468036201695
309,0.698754246885617
310,0.807854137447405
311,0.807854137447405
312,0.647803425167535
313,0.741948001552192
314,0.662553887319756
315,0.662553887319756
316,0.698754246885617
317,0.622468036201695
318,0.698754246885617
319,0.647803425167535
320,0.807854137447405
321,0.698754246885617
322,0.622468036201695
323,0.622468036201695
324,0.622468036201695
325,0.698754246885617
326,0.807854137447405
327,0.741948001552192
328,0.622468036201695
329,0.622468036201695
330,0.807854137447405
331,0.662553887319756
332,0.647803425167535
333,0.662553887319756
334,0.622468036201695
335,0.622468036201695
336,0.807854137447405
337,0.622468036201695
338,0.698754246885617
339,0.622468036201695
340,0.662553887319756
341,0.807854137447405
342,0.698754246885617
343,0.662553887319756
344,0.662553887319756
345,0.698754246885617
346,0.698754246885617
347,0.647803425167535
348,0.647803425167535
349,0.662553887319756
350,0.662553887319756
351,0.647803425167535
352,0.647803425167535
353,0.807854137447405
354,0.647803425167535
355,0.622468036201695
356,0.622468036201695
357,0.662553887319756
358,0.698754246885617
359,0.622468036201695
360,0.741948001552192
361,0.647803425167535
362,0.622468036201695
363,0.622468036201695
364,0.622468036201695
365,0.807854137447405
366,0.647803425167535
367,0.807854137447405
368,0.662553887319756
369,0.698754246885617
370,0.662553887319756
371,0.662553887319756
372,0.698754246885617
373,0.622468036201695
374,0.698754246885617
375,0.577601410934744
376,0.807854137447405
377,0.807854137447405
378,0.622468036201695
379,0.477272727272727
380,0.477272727272727
381,0.662553887319756
382,0.647803425167535
383,0.807854137447405
384,0.807854137447405
385,0.647803425167535
386,0.622468036201695
387,0.662553887319756
388,0.662553887319756
389,0.741948001552192
390,0.647803425167535
391,0.662553887319756
392,0.698754246885617
393,0.807854137447405
394,0.662553887319756
395,0.698754246885617
396,0.662553887319756
397,0.647803425167535
398,0.647803425167535
399,0.698754246885617
400,0.622468036201695
401,0.807854137447405
402,0.622468036201695
403,0.698754246885617
404,0.622468036201695
405,0.622468036201695
406,0.698754246885617
407,0.622468036201695
408,0.698754246885617
409,0.698754246885617
410,0.622468036201695
411,0.807854137447405
412,0.622468036201695
413,0.741948001552192
414,0.622468036201695
415,0.698754246885617
416,0.698754246885617
417,0.698754246885617
418,0.647803425167535
419,0.662553887319756
420,0.647803425167535
421,0.698754246885617
422,0.662553887319756
423,0.698754246885617
424,0.622468036201695
425,0.741948001552192
426,0.622468036201695
427,0.647803425167535
428,0.698754246885617
429,0.647803425167535
430,0.807854137447405
431,0.741948001552192
432,0.622468036201695
433,0.622468036201695
434,0.662553887319756
435,0.577601410934744
436,0.741948001552192
437,0.622468036201695
438,0.662553887319756
439,0.698754246885617
440,0.698754246885617
441,0.698754246885617
442,0.622468036201695
443,0.807854137447405
444,0.698754246885617
445,0.662553887319756
446,0.577601410934744
447,0.647803425167535
448,0.662553887319756
449,0.807854137447405
450,0.807854137447405
451,0.622468036201695
452,0.807854137447405
453,0.662553887319756
454,0.622468036201695
455,0.698754246885617
456,0.698754246885617
457,0.622468036201695
458,0.662553887319756
459,0.647803425167535
460,0.662553887319756
461,0.741948001552192
462,0.622468036201695
463,0.807854137447405
464,0.662553887319756
465,0.662553887319756
466,0.662553887319756
467,0.647803425167535
468,0.807854137447405
469,0.662553887319756
470,0.662553887319756
471,0.647803425167535
472,0.807854137447405
473,0.698754246885617
474,0.741948001552192
475,0.698754246885617
476,0.662553887319756
477,0.807854137447405
478,0.807854137447405
479,0.741948001552192
480,0.741948001552192
481,0.741948001552192
482,0.622468036201695
483,0.807854137447405
484,0.622468036201695
485,0.622468036201695
486,0.647803425167535
487,0.662553887319756
488,0.647803425167535
489,0.662553887319756
490,0.662553887319756
491,0.662553887319756
492,0.698754246885617
493,0.662553887319756
494,0.807854137447405
495,0.622468036201695
496,0.807854137447405
497,0.662553887319756
498,0.577601410934744
499,0.807854137447405
500,0.662553887319756
501,0.622468036201695
502,0.807854137447405
503,0.807854137447405
504,0.622468036201695
505,0.807854137447405
506,0.662553887319756
507,0.807854137447405
508,0.741948001552192
509,0.807854137447405
510,0.622468036201695
511,0.577601410934744
512,0.622468036201695
513,0.662553887319756
514,0.698754246885617
515,0.647803425167535
516,0.662553887319756
517,0.662553887319756
518,0.662553887319756
519,0.622468036201695
520,0.647803425167535
521,0.807854137447405
522,0.662553887319756
523,0.622468036201695
524,0.647803425167535
525,0.647803425167535
526,0.647803425167535
527,0.741948001552192
528,0.662553887319756
529,0.698754246885617
530,0.662553887319756
531,0.698754246885617
532,0.662553887319756
533,0.698754246885617
534,0.741948001552192
535,0.622468036201695
536,0.622468036201695
537,0.698754246885617
538,0.741948001552192
539,0.662553887319756
540,0.662553887319756
541,0.622468036201695
542,0.662553887319756
543,0.698754246885617
544,0.577601410934744
545,0.647803425167535
546,0.622468036201695
547,0.647803425167535
548,0.698754246885617
549,0.622468036201695
550,0.807854137447405
551,0.807854137447405
552,0.662553887319756
553,0.698754246885617
554,0.698754246885617
555,0.622468036201695
556,0.622468036201695
557,0.622468036201695
558,0.662553887319756
559,0.622468036201695
560,0.647803425167535
561,0.741948001552192
562,0.698754246885617
563,0.622468036201695
564,0.698754246885617
565,0.622468036201695
566,0.698754246885617
567,0.741948001552192
568,0.741948001552192
569,0.662553887319756
570,0.741948001552192
571,0.807854137447405
572,0.698754246885617
573,0.577601410934744
574,0.622468036201695
575,0.622468036201695
576,0.622468036201695
577,0.662553887319756
578,0.698754246885617
579,0.807854137447405
580,0.807854137447405
581,0.698754246885617
582,0.662553887319756
583,0.698754246885617
584,0.622468036201695
585,0.807854137447405
586,0.647803425167535
587,0.662553887319756
588,0.647803425167535
589,0.647803425167535
590,0.662553887319756
591,0.647803425167535
592,0.807854137447405
593,0.647803425167535
594,0.647803425167535
595,0.647803425167535
596,0.807854137447405
597,0.698754246885617
598,0.698754246885617
599,0.741948001552192
600,0.647803425167535
601,0.807854137447405
602,0.622468036201695
603,0.662553887319756
604,0.647803425167535
605,0.622468036201695
606,0.698754246885617
607,0.622468036201695
608,0.698754246885617
609,0.647803425167535
610,0.622468036201695
611,0.647803425167535
612,0.698754246885617
613,0.698754246885617
614,0.807854137447405
615,0.807854137447405
616,0.622468036201695
617,0.577601410934744
618,0.647803425167535
619,0.741948001552192
620,0.622468036201695
621,0.698754246885617
622,0.622468036201695
623,0.807854137447405
624,0.662553887319756
625,0.807854137447405
626,0.577601410934744
627,0.622468036201695
628,0.741948001552192
629,0.807854137447405
630,0.807854137447405
631,0.577601410934744
632,0.577601410934744
633,0.807854137447405
634,0.807854137447405
635,0.622468036201695
636,0.662553887319756
637,0.622468036201695
638,0.807854137447405
639,0.698754246885617
640,0.698754246885617
641,0.807854137447405
642,0.741948001552192
643,0.577601410934744
644,0.662553887319756
645,0.662553887319756
646,0.622468036201695
647,0.807854137447405
648,0.807854137447405
649,0.662553887319756
650,0.622468036201695
651,0.698754246885617
652,0.698754246885617
653,0.807854137447405
654,0.622468036201695
655,0.622468036201695
656,0.741948001552192
657,0.698754246885617
658,0.662553887319756
659,0.662553887319756
660,0.662553887319756
661,0.741948001552192
662,0.622468036201695
663,0.662553887319756
664,0.577601410934744
665,0.662553887319756
666,0.622468036201695
667,0.807854137447405
668,0.647803425167535
669,0.622468036201695
670,0.622468036201695
671,0.647803425167535
672,0.698754246885617
673,0.807854137447405
674,0.662553887319756
675,0.662553887319756
676,0.741948001552192
677,0.807854137447405
678,0.647803425167535
679,0.622468036201695
680,0.662553887319756
681,0.698754246885617
682,0.698754246885617
683,0.807854137447405
684,0.698754246885617
685,0.622468036201695
686,0.622468036201695
687,0.622468036201695
688,0.741948001552192
689,0.622468036201695
690,0.622468036201695
691,0.662553887319756
692,0.662553887319756
693,0.698754246885617
694,0.662553887319756
695,0.698754246885617
696,0.662553887319756
697,0.647803425167535
698,0.622468036201695
699,0.807854137447405
700,0.577601410934744
701,0.662553887319756
702,0.698754246885617
703,0.807854137447405
704,0.662553887319756
705,0.662553887319756
706,0.662553887319756
707,0.807854137447405
708,0.807854137447405
709,0.698754246885617
710,0.698754246885617
711,0.662553887319756
712,0.647803425167535
713,0.622468036201695
714,0.622468036201695
715,0.807854137447405
716,0.662553887319756
717,0.741948001552192
718,0.622468036201695
719,0.622468036201695
720,0.807854137447405
721,0.741948001552192
722,0.807854137447405
723,0.662553887319756
724,0.662553887319756
725,0.698754246885617
726,0.698754246885617
727,0.662553887319756
728,0.622468036201695
729,0.741948001552192
730,0.647803425167535
731,0.662553887319756
732,0.807854137447405
733,0.622468036201695
734,0.662553887319756
735,0.622468036201695
736,0.622468036201695
737,0.698754246885617
738,0.807854137447405
739,0.662553887319756
740,0.662553887319756
741,0.741948001552192
742,0.807854137447405
743,0.647803425167535
744,0.698754246885617
745,0.662553887319756
746,0.698754246885617
747,0.807854137447405
748,0.662553887319756
749,0.807854137447405
750,0.741948001552192
751,0.662553887319756
752,0.807854137447405
753,0.807854137447405
754,0.622468036201695
755,0.662553887319756
756,0.622468036201695
757,0.698754246885617
758,0.807854137447405
759,0.622468036201695
760,0.698754246885617
761,0.622468036201695
762,0.622468036201695
763,0.622468036201695
764,0.622468036201695
765,0.807854137447405
766,0.807854137447405
767,0.622468036201695
768,0.807854137447405
769,0.698754246885617
770,0.622468036201695
771,0.647803425167535
772,0.662553887319756
773,0.662553887319756
774,0.807854137447405
775,0.807854137447405
776,0.807854137447405
777,0.741948001552192
778,0.807854137447405
779,0.807854137447405
780,0.622468036201695
781,0.741948001552192
782,0.647803425167535
783,0.662553887319756
784,0.647803425167535
785,0.807854137447405
786,0.622468036201695
787,0.622468036201695
788,0.698754246885617
789,0.698754246885617
790,0.647803425167535
791,0.807854137447405
792,0.622468036201695
793,0.622468036201695
794,0.807854137447405
795,0.807854137447405
796,0.741948001552192
797,0.622468036201695
798,0.698754246885617
799,0.647803425167535
800,0.622468036201695
801,0.577601410934744
802,0.807854137447405
803,0.647803425167535
804,0.698754246885617
805,0.807854137447405
806,0.807854137447405
807,0.647803425167535
808,0.698754246885617
809,0.622468036201695
810,0.647803425167535
811,0.662553887319756
812,0.807854137447405
813,0.647803425167535
814,0.807854137447405
815,0.662553887319756
816,0.647803425167535
817,0.741948001552192
818,0.662553887319756
819,0.741948001552192
820,0.807854137447405
821,0.807854137447405
822,0.807854137447405
823,0.662553887319756
824,0.807854137447405
825,0.662553887319756
826,0.622468036201695
827,0.662553887319756
828,0.647803425167535
829,0.622468036201695
830,0.662553887319756
831,0.647803425167535
832,0.807854137447405
833,0.807854137447405
834,0.807854137447405
835,0.807854137447405
836,0.698754246885617
837,0.577601410934744
838,0.662553887319756
839,0.662553887319756
840,0.698754246885617
841,0.807854137447405
842,0.698754246885617
843,0.622468036201695
844,0.647803425167535
845,0.577601410934744
846,0.662553887319756
847,0.647803425167535
848,0.698754246885617
849,0.622468036201695
850,0.622468036201695
851,0.807854137447405
852,0.807854137447405
853,0.622468036201695
854,0.622468036201695
855,0.698754246885617
856,0.698754246885617
857,0.698754246885617
858,0.807854137447405
859,0.622468036201695
860,0.807854137447405
861,0.622468036201695
862,0.807854137447405
863,0.622468036201695
864,0.622468036201695
865,0.577601410934744
866,0.698754246885617
867,0.807854137447405
868,0.698754246885617
869,0.622468036201695
870,0.662553887319756
871,0.698754246885617
872,0.807854137447405
873,0.698754246885617
874,0.647803425167535
875,0.662553887319756
876,0.741948001552192
877,0.622468036201695
878,0.807854137447405
879,0.741948001552192
880,0.698754246885617
881,0.622468036201695
882,0.741948001552192
883,0.807854137447405
884,0.622468036201695
885,0.807854137447405
886,0.662553887319756
887,0.741948001552192
888,0.807854137447405
889,0.698754246885617
890,0.622468036201695
891,0.662553887319756
892,0.662553887319756
893,0.662553887319756
894,0.807854137447405
895,0.622468036201695
896,0.807854137447405
897,0.698754246885617
898,0.741948001552192
899,0.741948001552192
900,0.622468036201695
901,0.622468036201695
902,0.807854137447405
903,0.698754246885617
904,0.698754246885617
905,0.622468036201695
906,0.622468036201695
907,0.741948001552192
908,0.807854137447405
909,0.622468036201695
910,0.662553887319756
911,0.622468036201695
912,0.662553887319756
913,0.622468036201695
914,0.698754246885617
915,0.698754246885617
916,0.807854137447405
917,0.698754246885617
918,0.698754246885617
919,0.807854137447405
920,0.647803425167535
921,0.807854137447405
922,0.698754246885617
923,0.647803425167535
924,0.662553887319756
925,0.807854137447405
926,0.647803425167535
927,0.622468036201695
928,0.647803425167535
929,0.807854137447405
930,0.698754246885617
931,0.622468036201695
932,0.741948001552192
933,0.741948001552192
934,0.622468036201695
935,0.698754246885617
936,0.662553887319756
937,0.622468036201695
938,0.698754246885617
939,0.622468036201695
940,0.807854137447405
941,0.662553887319756
942,0.698754246885617
943,0.698754246885617
944,0.647803425167535
945,0.698754246885617
946,0.807854137447405
947,0.622468036201695
948,0.807854137447405
949,0.807854137447405
950,0.807854137447405
951,0.662553887319756
952,0.622468036201695
953,0.807854137447405
954,0.662553887319756
955,0.622468036201695
956,0.622468036201695
957,0.698754246885617
958,0.647803425167535
959,0.807854137447405
960,0.698754246885617
961,0.622468036201695
962,0.622468036201695
963,0.622468036201695
964,0.622468036201695
965,0.698754246885617
966,0.622468036201695
967,0.662553887319756
968,0.577601410934744
969,0.662553887319756
970,0.662553887319756
971,0.807854137447405
972,0.662553887319756
973,0.662553887319756
974,0.698754246885617
975,0.807854137447405
976,0.662553887319756
977,0.807854137447405
978,0.622468036201695
979,0.807854137447405
980,0.698754246885617
981,0.698754246885617
982,0.622468036201695
983,0.698754246885617
984,0.807854137447405
985,0.662553887319756
986,0.662553887319756
987,0.662553887319756
988,0.647803425167535
989,0.662553887319756
990,0.622468036201695
991,0.741948001552192
992,0.698754246885617
993,0.741948001552192
994,0.647803425167535
995,0.622468036201695
996,0.662553887319756
997,0.807854137447405
998,0.662553887319756
999,0.622468036201695
1000,0.698754246885617
1001,0.741948001552192
1002,0.807854137447405
1003,0.741948001552192
1004,0.622468036201695
1005,0.741948001552192
1006,0.807854137447405
1007,0.647803425167535
1008,0.807854137447405
1009,0.807854137447405
1010,0.622468036201695
1011,0.698754246885617
1012,0.807854137447405
1013,0.662553887319756
1014,0.622468036201695
1015,0.622468036201695
1016,0.577601410934744
1017,0.622468036201695
1018,0.741948001552192
1019,0.577601410934744
1020,0.741948001552192
1021,0.807854137447405
1022,0.622468036201695
1023,0.662553887319756
1024,0.698754246885617
1025,0.622468036201695
1026,0.662553887319756
1027,0.698754246885617
1028,0.807854137447405
1029,0.807854137447405
1030,0.622468036201695
1031,0.807854137447405
1032,0.647803425167535
1033,0.662553887319756
1034,0.698754246885617
1035,0.741948001552192
1036,0.662553887319756
1037,0.741948001552192
1038,0.698754246885617
1039,0.698754246885617
1040,0.807854137447405
1041,0.662553887319756
1042,0.698754246885617
1043,0.807854137447405
1044,0.662553887319756
1045,0.807854137447405
1046,0.698754246885617
1047,0.662553887319756
1048,0.622468036201695
1049,0.662553887319756
1050,0.622468036201695
1051,0.622468036201695
1052,0.698754246885617
1053,0.577601410934744
1054,0.662553887319756
1055,0.577601410934744
1056,0.647803425167535
1057,0.662553887319756
1058,0.662553887319756
1059,0.577601410934744
1060,0.662553887319756
1061,0.622468036201695
1062,0.698754246885617
1063,0.807854137447405
1064,0.662553887319756
1065,0.622468036201695
1066,0.698754246885617
1067,0.662553887319756
1068,0.807854137447405
1069,0.741948001552192
1070,0.807854137447405
1071,0.662553887319756
1072,0.647803425167535
1073,0.807854137447405
1074,0.622468036201695
1075,0.622468036201695
1076,0.807854137447405
1077,0.698754246885617
1078,0.622468036201695
1079,0.741948001552192
1080,0.577601410934744
1081,0.741948001552192
1082,0.741948001552192
1083,0.741948001552192
1084,0.807854137447405
1085,0.741948001552192
1086,0.662553887319756
1087,0.662553887319756
1088,0.698754246885617
1089,0.807854137447405
1090,0.647803425167535
1091,0.647803425167535
1092,0.662553887319756
1093,0.662553887319756
1094,0.698754246885617
1095,0.741948001552192
1096,0.662553887319756
1097,0.741948001552192
1098,0.622468036201695
1099,0.622468036201695
1100,0.662553887319756
1101,0.647803425167535
1102,0.662553887319756
1103,0.647803425167535
1104,0.622468036201695
1105,0.698754246885617
1106,0.622468036201695
1107,0.622468036201695
1108,0.622468036201695
1109,0.622468036201695
1110,0.741948001552192
1111,0.698754246885617
1112,0.807854137447405
1113,0.662553887319756
1114,0.622468036201695
1115,0.662553887319756
1116,0.698754246885617
1117,0.662553887319756
1118,0.807854137447405
1119,0.807854137447405
1120,0.622468036201695
1121,0.622468036201695
1122,0.807854137447405
1123,0.698754246885617
1124,0.698754246885617
1125,0.741948001552192
1126,0.622468036201695
1127,0.662553887319756
1128,0.807854137447405
1129,0.698754246885617
1130,0.807854137447405
1131,0.698754246885617
1132,0.662553887319756
1133,0.807854137447405
1134,0.662553887319756
1135,0.741948001552192
1136,0.741948001552192
1137,0.662553887319756
1138,0.662553887319756
1139,0.662553887319756
1140,0.622468036201695
1141,0.807854137447405
1142,0.647803425167535
1143,0.741948001552192
1144,0.807854137447405
1145,0.807854137447405
1146,0.622468036201695
1147,0.647803425167535
1148,0.698754246885617
1149,0.698754246885617
1150,0.622468036201695
1151,0.662553887319756
1152,0.662553887319756
1153,0.622468036201695
1154,0.698754246885617
1155,0.662553887319756
1156,0.647803425167535
1157,0.647803425167535
1158,0.698754246885617
1159,0.662553887319756
1160,0.662553887319756
1161,0.807854137447405
1162,0.698754246885617
1163,0.662553887319756
1164,0.622468036201695
1165,0.698754246885617
1166,0.807854137447405
1167,0.662553887319756
1168,0.698754246885617
1169,0.647803425167535
1170,0.622468036201695
1171,0.807854137447405
1172,0.807854137447405
1173,0.698754246885617
1174,0.698754246885617
1175,0.577601410934744
1176,0.741948001552192
1177,0.622468036201695
1178,0.622468036201695
1179,0.662553887319756
1180,0.647803425167535
1181,0.647803425167535
1182,0.807854137447405
1183,0.622468036201695
1184,0.622468036201695
1185,0.647803425167535
1186,0.741948001552192
1187,0.662553887319756
1188,0.622468036201695
1189,0.698754246885617
1190,0.662553887319756
1191,0.647803425167535
1192,0.647803425167535
1193,0.662553887319756
1194,0.807854137447405
1195,0.622468036201695
1196,0.698754246885617
1197,0.662553887319756
1198,0.622468036201695
1199,0.698754246885617
1200,0.647803425167535
1201,0.662553887319756
1202,0.662553887319756
1203,0.741948001552192
1204,0.741948001552192
1205,0.807854137447405
1206,0.698754246885617
1207,0.662553887319756
1208,0.662553887319756
1209,0.698754246885617
1210,0.807854137447405
1211,0.647803425167535
1212,0.807854137447405
1213,0.807854137447405
1214,0.807854137447405
1215,0.622468036201695
1216,0.622468036201695
1217,0.647803425167535
1218,0.647803425167535
1219,0.577601410934744
1220,0.807854137447405
1221,0.622468036201695
1222,0.622468036201695
1223,0.807854137447405
1224,0.807854137447405
1225,0.698754246885617
1226,0.698754246885617
1227,0.807854137447405
1228,0.807854137447405
1229,0.807854137447405
1230,0.662553887319756
1231,0.807854137447405
1232,0.807854137447405
1233,0.662553887319756
1234,0.807854137447405
1235,0.647803425167535
1236,0.807854137447405
1237,0.741948001552192
1238,0.622468036201695
1239,0.807854137447405
1240,0.622468036201695
1241,0.662553887319756
1242,0.741948001552192
1243,0.622468036201695
1244,0.662553887319756
1245,0.662553887319756
1246,0.662553887319756
1247,0.622468036201695
1248,0.807854137447405
1249,0.807854137447405
1250,0.622468036201695
1251,0.807854137447405
1252,0.647803425167535
1253,0.807854137447405
1254,0.622468036201695
1255,0.741948001552192
1256,0.662553887319756
1257,0.577601410934744
1258,0.698754246885617
1259,0.622468036201695
1260,0.741948001552192
1261,0.698754246885617
1262,0.622468036201695
1263,0.662553887319756
1264,0.698754246885617
1265,0.698754246885617
1266,0.622468036201695
1267,0.662553887319756
1268,0.741948001552192
1269,0.741948001552192
1270,0.647803425167535
1271,0.577601410934744
1272,0.622468036201695
1273,0.807854137447405
1274,0.662553887319756
1275,0.647803425167535
1276,0.577601410934744
1277,0.698754246885617
1278,0.647803425167535
1279,0.622468036201695
1280,0.807854137447405
1281,0.698754246885617
1282,0.662553887319756
1283,0.698754246885617
1284,0.662553887319756
1285,0.698754246885617
1286,0.647803425167535
1287,0.698754246885617
1288,0.622468036201695
1289,0.698754246885617
1290,0.741948001552192
1291,0.662553887319756
1292,0.807854137447405
1293,0.807854137447405
1294,0.698754246885617
1295,0.807854137447405
1296,0.622468036201695
1297,0.647803425167535
1298,0.698754246885617
1299,0.741948001552192
1300,0.662553887319756
1301,0.662553887319756
1302,0.647803425167535
1303,0.662553887319756
1304,0.698754246885617
1305,0.698754246885617
1306,0.698754246885617
1307,0.647803425167535
1308,0.577601410934744
1309,0.807854137447405
1310,0.647803425167535
1311,0.622468036201695
1312,0.807854137447405
1313,0.662553887319756
1314,0.807854137447405
1315,0.698754246885617
1316,0.577601410934744
1317,0.662553887319756
1318,0.622468036201695
1319,0.698754246885617
1320,0.698754246885617
1321,0.662553887319756
1322,0.647803425167535
1323,0.698754246885617
1324,0.698754246885617
1325,0.647803425167535
1326,0.577601410934744
1327,0.698754246885617
1328,0.622468036201695
1329,0.662553887319756
1330,0.647803425167535
1331,0.577601410934744
1332,0.698754246885617
1333,0.807854137447405
1334,0.662553887319756
1335,0.577601410934744
1336,0.622468036201695
1337,0.741948001552192
1338,0.622468036201695
1339,0.698754246885617
1340,0.807854137447405
1341,0.807854137447405
1342,0.622468036201695
1343,0.622468036201695
1344,0.741948001552192
1345,0.622468036201695
1346,0.622468036201695
1347,0.807854137447405
1348,0.647803425167535
1349,0.622468036201695
1350,0.698754246885617
1351,0.698754246885617
1352,0.698754246885617
1353,0.647803425167535
1354,0.647803425167535
1355,0.807854137447405
1356,0.741948001552192
1357,0.662553887319756
1358,0.622468036201695
1359,0.807854137447405
1360,0.662553887319756
1361,0.622468036201695
1362,0.807854137447405
1363,0.807854137447405
1364,0.622468036201695
1365,0.622468036201695
1366,0.662553887319756
1367,0.622468036201695
1368,0.807854137447405
1369,0.741948001552192
1370,0.807854137447405
1371,0.647803425167535
1372,0.698754246885617
1373,0.662553887319756
1374,0.622468036201695
1375,0.662553887319756
1376,0.622468036201695
1377,0.807854137447405
1378,0.662553887319756
1379,0.622468036201695
1380,0.577601410934744
1381,0.622468036201695
1382,0.807854137447405
1383,0.741948001552192
1384,0.807854137447405
1385,0.807854137447405
1386,0.622468036201695
1387,0.622468036201695
1388,0.698754246885617
1389,0.698754246885617
1390,0.662553887319756
1391,0.622468036201695
1392,0.622468036201695
1393,0.807854137447405
1394,0.622468036201695
1395,0.622468036201695
1396,0.807854137447405
1397,0.662553887319756
1398,0.622468036201695
1399,0.647803425167535
1400,0.807854137447405
1401,0.662553887319756
1402,0.807854137447405
1403,0.662553887319756
1404,0.698754246885617
1405,0.741948001552192
1406,0.662553887319756
1407,0.741948001552192
1408,0.807854137447405
1409,0.647803425167535
1410,0.662553887319756
1411,0.698754246885617
1412,0.662553887319756
1413,0.647803425167535
1414,0.622468036201695
1415,0.741948001552192
1416,0.807854137447405
1417,0.622468036201695
1418,0.622468036201695
1419,0.662553887319756
1420,0.741948001552192
1421,0.647803425167535
1422,0.807854137447405
1423,0.662553887319756
1424,0.622468036201695
1425,0.698754246885617
1426,0.662553887319756
1427,0.577601410934744
1428,0.807854137447405
1429,0.622468036201695
1430,0.807854137447405
1431,0.622468036201695
1432,0.741948001552192
1433,0.698754246885617
1434,0.647803425167535
1435,0.698754246885617
1436,0.662553887319756
1437,0.662553887319756
1438,0.622468036201695
1439,0.622468036201695
1440,0.698754246885617
1441,0.662553887319756
1442,0.807854137447405
1443,0.698754246885617
1444,0.622468036201695
1445,0.622468036201695
1446,0.807854137447405
1447,0.662553887319756
1448,0.662553887319756
1449,0.807854137447405
1450,0.662553887319756
1451,0.647803425167535
1452,0.807854137447405
1453,0.662553887319756
1454,0.698754246885617
1455,0.698754246885617
1456,0.741948001552192
1457,0.647803425167535
1458,0.662553887319756
1459,0.741948001552192
1460,0.647803425167535
1461,0.741948001552192
1462,0.622468036201695
1463,0.577601410934744
1464,0.577601410934744
1465,0.741948001552192
1466,0.662553887319756
1467,0.698754246885617
1468,0.662553887319756
1469,0.622468036201695
1470,0.647803425167535
1471,0.622468036201695
1472,0.662553887319756
1473,0.807854137447405
1474,0.662553887319756
1475,0.647803425167535
1476,0.622468036201695
1477,0.741948001552192
1478,0.622468036201695
1479,0.741948001552192
1480,0.577601410934744
1481,0.698754246885617
1482,0.647803425167535
1483,0.807854137447405
1484,0.807854137447405
1485,0.807854137447405
1486,0.741948001552192
1487,0.698754246885617
1488,0.622468036201695
1489,0.622468036201695
1490,0.807854137447405
1491,0.622468036201695
1492,0.577601410934744
1493,0.741948001552192
1494,0.807854137447405
1495,0.622468036201695
1496,0.647803425167535
1497,0.698754246885617
1498,0.622468036201695
1499,0.741948001552192
1500,0.807854137447405
1501,0.698754246885617
1502,0.647803425167535
1503,0.622468036201695
1504,0.622468036201695
1505,0.662553887319756
1506,0.807854137447405
1507,0.662553887319756
1508,0.622468036201695
1509,0.807854137447405
1510,0.622468036201695
1511,0.741948001552192
1512,0.698754246885617
1513,0.622468036201695
1514,0.647803425167535
1515,0.647803425167535
1516,0.807854137447405
1517,0.622468036201695
1518,0.662553887319756
1519,0.698754246885617
1520,0.622468036201695
1521,0.662553887319756
1522,0.807854137447405
1523,0.662553887319756
1524,0.807854137447405
1525,0.698754246885617
1526,0.807854137447405
1527,0.647803425167535
1528,0.622468036201695
1529,0.662553887319756
1530,0.698754246885617
1531,0.622468036201695
1532,0.622468036201695
1533,0.698754246885617
1534,0.622468036201695
1535,0.741948001552192
1536,0.662553887319756
1537,0.807854137447405
1538,0.647803425167535
1539,0.698754246885617
1540,0.662553887319756
1541,0.622468036201695
1542,0.741948001552192
1543,0.807854137447405
1544,0.662553887319756
1545,0.662553887319756
1546,0.807854137447405
1547,0.662553887319756
1548,0.647803425167535
1549,0.741948001552192
1550,0.698754246885617
1551,0.622468036201695
1552,0.741948001552192
1553,0.662553887319756
1554,0.622468036201695
1555,0.622468036201695
1556,0.622468036201695
1557,0.698754246885617
1558,0.577601410934744
1559,0.577601410934744
1560,0.622468036201695
1561,0.807854137447405
1562,0.807854137447405
1563,0.647803425167535
1564,0.622468036201695
1565,0.741948001552192
1566,0.622468036201695
1567,0.647803425167535
1568,0.622468036201695
1569,0.807854137447405
1570,0.807854137447405
1571,0.807854137447405
1572,0.662553887319756
1573,0.662553887319756
1574,0.698754246885617
1575,0.622468036201695
1576,0.647803425167535
1577,0.698754246885617
1578,0.698754246885617
1579,0.698754246885617
1580,0.698754246885617
1581,0.807854137447405
1582,0.647803425167535
1583,0.741948001552192
1584,0.741948001552192
1585,0.698754246885617
1586,0.662553887319756
1587,0.698754246885617
1588,0.647803425167535
1589,0.662553887319756
1590,0.807854137447405
1591,0.807854137447405
1592,0.807854137447405
1593,0.807854137447405
1594,0.647803425167535
1595,0.741948001552192
1596,0.698754246885617
1597,0.622468036201695
1598,0.647803425167535
1599,0.477272727272727
1600,0.698754246885617
1601,0.662553887319756
1602,0.807854137447405
1603,0.807854137447405
1604,0.622468036201695
1605,0.622468036201695
1606,0.647803425167535
1607,0.741948001552192
1608,0.741948001552192
1609,0.807854137447405
1610,0.662553887319756
1611,0.662553887319756
1612,0.807854137447405
1613,0.698754246885617
1614,0.698754246885617
1615,0.698754246885617
1616,0.698754246885617
1617,0.622468036201695
1618,0.807854137447405
1619,0.698754246885617
1620,0.647803425167535
1621,0.622468036201695
1622,0.807854137447405
1623,0.662553887319756
1624,0.741948001552192
1625,0.647803425167535
1626,0.698754246885617
1627,0.807854137447405
1628,0.647803425167535
1629,0.622468036201695
1630,0.698754246885617
1631,0.662553887319756
1632,0.622468036201695
1633,0.807854137447405
1634,0.622468036201695
1635,0.647803425167535
1636,0.807854137447405
1637,0.741948001552192
1638,0.698754246885617
1639,0.698754246885617
1640,0.807854137447405
1641,0.622468036201695
1642,0.622468036201695
1643,0.698754246885617
1644,0.622468036201695
1645,0.741948001552192
1646,0.647803425167535
1647,0.647803425167535
1648,0.662553887319756
1649,0.807854137447405
1650,0.741948001552192
1651,0.807854137447405
1652,0.807854137447405
1653,0.807854137447405
1654,0.807854137447405
1655,0.662553887319756
1656,0.577601410934744
1657,0.698754246885617
1658,0.622468036201695
1659,0.622468036201695
1660,0.662553887319756
1661,0.662553887319756
1662,0.662553887319756
1663,0.622468036201695
1664,0.662553887319756
1665,0.741948001552192
1666,0.807854137447405
1667,0.698754246885617
1668,0.698754246885617
1669,0.807854137447405
1670,0.662553887319756
1671,0.807854137447405
1672,0.622468036201695
1673,0.577601410934744
1674,0.662553887319756
1675,0.698754246885617
1676,0.698754246885617
1677,0.741948001552192
1678,0.698754246885617
1679,0.807854137447405
1680,0.807854137447405
1681,0.698754246885617
1682,0.698754246885617
1683,0.647803425167535
1684,0.647803425167535
1685,0.698754246885617
1686,0.647803425167535
1687,0.622468036201695
1688,0.698754246885617
1689,0.698754246885617
1690,0.807854137447405
1691,0.647803425167535
1692,0.807854137447405
1693,0.622468036201695
1694,0.662553887319756
1695,0.807854137447405
1696,0.662553887319756
1697,0.477272727272727
1698,0.698754246885617
1699,0.622468036201695
1700,0.662553887319756
1701,0.698754246885617
1702,0.622468036201695
1703,0.622468036201695
1704,0.741948001552192
1705,0.647803425167535
1706,0.662553887319756
1707,0.662553887319756
1708,0.647803425167535
1709,0.647803425167535
1710,0.698754246885617
1711,0.741948001552192
1712,0.662553887319756
1713,0.622468036201695
1714,0.622468036201695
1715,0.577601410934744
1716,0.647803425167535
1717,0.807854137447405
1718,0.622468036201695
1719,0.741948001552192
1720,0.698754246885617
1721,0.807854137447405
1722,0.662553887319756
1723,0.807854137447405
1724,0.662553887319756
1725,0.622468036201695
1726,0.662553887319756
1727,0.807854137447405
1728,0.698754246885617
1729,0.662553887319756
1730,0.622468036201695
1731,0.698754246885617
1732,0.622468036201695
1733,0.807854137447405
1734,0.807854137447405
1735,0.622468036201695
1736,0.662553887319756
1737,0.741948001552192
1738,0.662553887319756
1739,0.662553887319756
1740,0.622468036201695
1741,0.622468036201695
1742,0.807854137447405
1743,0.662553887319756
1744,0.622468036201695
1745,0.662553887319756
1746,0.807854137447405
1747,0.807854137447405
1748,0.622468036201695
1749,0.662553887319756
1750,0.698754246885617
1751,0.807854137447405
1752,0.647803425167535
1753,0.807854137447405
1754,0.698754246885617
1755,0.662553887319756
1756,0.662553887319756
1757,0.698754246885617
1758,0.622468036201695
1759,0.807854137447405
1760,0.807854137447405
1761,0.662553887319756
1762,0.741948001552192
1763,0.807854137447405
1764,0.622468036201695
1765,0.622468036201695
1766,0.807854137447405
1767,0.698754246885617
1768,0.662553887319756
1769,0.807854137447405
1770,0.741948001552192
1771,0.662553887319756
1772,0.662553887319756
1773,0.741948001552192
1774,0.662553887319756
1775,0.622468036201695
1776,0.662553887319756
1777,0.807854137447405
1778,0.741948001552192
1779,0.807854137447405
1780,0.698754246885617
1781,0.622468036201695
1782,0.622468036201695
1783,0.698754246885617
1784,0.807854137447405
1785,0.698754246885617
1786,0.698754246885617
1787,0.662553887319756
1788,0.622468036201695
1789,0.577601410934744
1790,0.807854137447405
1791,0.647803425167535
1792,0.807854137447405
1793,0.622468036201695
1794,0.622468036201695
1795,0.807854137447405
1796,0.698754246885617
1797,0.647803425167535
1798,0.807854137447405
1799,0.807854137447405
1800,0.807854137447405
1801,0.807854137447405
1802,0.662553887319756
1803,0.698754246885617
1804,0.807854137447405
1805,0.807854137447405
1806,0.698754246885617
1807,0.577601410934744
1808,0.622468036201695
1809,0.698754246885617
1810,0.662553887319756
1811,0.647803425167535
1812,0.662553887319756
1813,0.807854137447405
1814,0.698754246885617
1815,0.622468036201695
1816,0.622468036201695
1817,0.698754246885617
1818,0.622468036201695
1819,0.662553887319756
1820,0.662553887319756
1821,0.577601410934744
1822,0.647803425167535
1823,0.622468036201695
1824,0.647803425167535
1825,0.647803425167535
1826,0.698754246885617
1827,0.622468036201695
1828,0.622468036201695
1829,0.807854137447405
1830,0.662553887319756
1831,0.807854137447405
1832,0.741948001552192
1833,0.662553887319756
1834,0.698754246885617
1835,0.662553887319756
1836,0.807854137447405
1837,0.807854137447405
1838,0.698754246885617
1839,0.622468036201695
1840,0.741948001552192
1841,0.807854137447405
1842,0.807854137447405
1843,0.698754246885617
1844,0.698754246885617
1845,0.741948001552192
1846,0.807854137447405
1847,0.662553887319756
1848,0.662553887319756
1849,0.698754246885617
1850,0.622468036201695
1851,0.698754246885617
1852,0.662553887319756
1853,0.622468036201695
1854,0.807854137447405
1855,0.622468036201695
1856,0.698754246885617
1857,0.622468036201695
1858,0.741948001552192
1859,0.622468036201695
1860,0.662553887319756
1861,0.647803425167535
1862,0.647803425167535
1863,0.622468036201695
1864,0.741948001552192
1865,0.647803425167535
1866,0.662553887319756
1867,0.662553887319756
1868,0.622468036201695
1869,0.577601410934744
1870,0.807854137447405
1871,0.807854137447405
1872,0.698754246885617
1873,0.807854137447405
1874,0.807854137447405
1875,0.622468036201695
1876,0.647803425167535
1877,0.647803425167535
1878,0.741948001552192
1879,0.698754246885617
1880,0.662553887319756
1881,0.662553887319756
1882,0.698754246885617
1883,0.662553887319756
1884,0.662553887319756
1885,0.622468036201695
1886,0.662553887319756
1887,0.477272727272727
1888,0.662553887319756
1889,0.807854137447405
1890,0.741948001552192
1891,0.807854137447405
1892,0.662553887319756
1893,0.741948001552192
1894,0.741948001552192
1895,0.741948001552192
1896,0.647803425167535
1897,0.662553887319756
1898,0.807854137447405
1899,0.698754246885617
1900,0.622468036201695
1901,0.647803425167535
1902,0.622468036201695
1903,0.622468036201695
1904,0.807854137447405
1905,0.662553887319756
1906,0.662553887319756
1907,0.622468036201695
1908,0.577601410934744
1909,0.807854137447405
1910,0.807854137447405
1911,0.807854137447405
1912,0.662553887319756
1913,0.698754246885617
1914,0.741948001552192
1915,0.577601410934744
1916,0.662553887319756
1917,0.662553887319756
1918,0.662553887319756
1919,0.622468036201695
1920,0.622468036201695
1921,0.807854137447405
1922,0.622468036201695
1923,0.647803425167535
1924,0.807854137447405
1925,0.698754246885617
1926,0.807854137447405
1927,0.807854137447405
1928,0.698754246885617
1929,0.741948001552192
1930,0.807854137447405
1931,0.698754246885617
1932,0.622468036201695
1933,0.647803425167535
1934,0.647803425167535
1935,0.698754246885617
1936,0.662553887319756
1937,0.741948001552192
1938,0.807854137447405
1939,0.698754246885617
1940,0.622468036201695
1941,0.647803425167535
1942,0.622468036201695
1943,0.698754246885617
1944,0.662553887319756
1945,0.662553887319756
1946,0.741948001552192
1947,0.622468036201695
1948,0.622468036201695
1949,0.698754246885617
1950,0.622468036201695
1951,0.698754246885617
1952,0.622468036201695
1953,0.662553887319756
1954,0.622468036201695
1955,0.698754246885617
1956,0.662553887319756
1957,0.622468036201695
1958,0.622468036201695
1959,0.662553887319756
1960,0.662553887319756
1961,0.741948001552192
1962,0.647803425167535
1963,0.622468036201695
1964,0.662553887319756
1965,0.577601410934744
1966,0.807854137447405
1967,0.647803425167535
1968,0.807854137447405
1969,0.698754246885617
1970,0.698754246885617
1971,0.647803425167535
1972,0.698754246885617
1973,0.807854137447405
1974,0.807854137447405
1975,0.622468036201695
1976,0.622468036201695
1977,0.622468036201695
1978,0.647803425167535
1979,0.622468036201695
1980,0.622468036201695
1981,0.622468036201695
1982,0.622468036201695
1983,0.662553887319756
1984,0.622468036201695
1985,0.698754246885617
1986,0.647803425167535
1987,0.622468036201695
1988,0.698754246885617
1989,0.662553887319756
1990,0.741948001552192
1991,0.698754246885617
1992,0.662553887319756
1993,0.622468036201695
1994,0.647803425167535
1995,0.647803425167535
1996,0.622468036201695
1997,0.662553887319756
1998,0.647803425167535
1999,0.622468036201695
2000,0.577601410934744
2001,0.741948001552192
2002,0.807854137447405
2003,0.622468036201695
2004,0.622468036201695
2005,0.741948001552192
2006,0.698754246885617
2007,0.647803425167535
2008,0.622468036201695
2009,0.807854137447405
2010,0.741948001552192
2011,0.662553887319756
2012,0.622468036201695
2013,0.662553887319756
2014,0.662553887319756
2015,0.698754246885617
2016,0.577601410934744
2017,0.698754246885617
2018,0.622468036201695
2019,0.698754246885617
2020,0.698754246885617
2021,0.741948001552192
2022,0.807854137447405
2023,0.662553887319756
2024,0.662553887319756
2025,0.662553887319756
2026,0.622468036201695
2027,0.807854137447405
2028,0.807854137447405
2029,0.647803425167535
2030,0.698754246885617
2031,0.622468036201695
2032,0.622468036201695
2033,0.577601410934744
2034,0.741948001552192
2035,0.662553887319756
2036,0.807854137447405
2037,0.698754246885617
2038,0.622468036201695
2039,0.622468036201695
2040,0.698754246885617
2041,0.741948001552192
2042,0.662553887319756
2043,0.662553887319756
2044,0.622468036201695
2045,0.698754246885617
2046,0.647803425167535
2047,0.741948001552192
2048,0.807854137447405
2049,0.622468036201695
2050,0.622468036201695
2051,0.741948001552192
2052,0.698754246885617
2053,0.698754246885617
2054,0.477272727272727
2055,0.622468036201695
2056,0.647803425167535
2057,0.741948001552192
2058,0.622468036201695
2059,0.622468036201695
2060,0.662553887319756
2061,0.622468036201695
2062,0.807854137447405
2063,0.622468036201695
2064,0.622468036201695
2065,0.698754246885617
2066,0.662553887319756
2067,0.741948001552192
2068,0.577601410934744
2069,0.622468036201695
2070,0.807854137447405
2071,0.662553887319756
2072,0.662553887319756
2073,0.622468036201695
2074,0.622468036201695
2075,0.698754246885617
2076,0.807854137447405
2077,0.662553887319756
2078,0.622468036201695
2079,0.662553887319756
2080,0.577601410934744
2081,0.741948001552192
2082,0.622468036201695
2083,0.622468036201695
2084,0.622468036201695
2085,0.698754246885617
2086,0.662553887319756
2087,0.662553887319756
2088,0.807854137447405
2089,0.807854137447405
2090,0.647803425167535
2091,0.662553887319756
2092,0.662553887319756
2093,0.622468036201695
2094,0.622468036201695
2095,0.698754246885617
2096,0.807854137447405
2097,0.698754246885617
2098,0.647803425167535
2099,0.647803425167535
2100,0.622468036201695
2101,0.807854137447405
2102,0.577601410934744
2103,0.807854137447405
2104,0.622468036201695
2105,0.807854137447405
2106,0.662553887319756
2107,0.807854137447405
2108,0.698754246885617
2109,0.662553887319756
2110,0.662553887319756
2111,0.622468036201695
2112,0.698754246885617
2113,0.807854137447405
2114,0.807854137447405
2115,0.698754246885617
2116,0.622468036201695
2117,0.698754246885617
2118,0.662553887319756
2119,0.647803425167535
2120,0.622468036201695
2121,0.622468036201695
2122,0.647803425167535
2123,0.807854137447405
2124,0.622468036201695
2125,0.662553887319756
2126,0.662553887319756
2127,0.698754246885617
2128,0.662553887319756
2129,0.807854137447405
2130,0.741948001552192
2131,0.807854137447405
2132,0.622468036201695
2133,0.698754246885617
2134,0.698754246885617
2135,0.577601410934744
2136,0.622468036201695
2137,0.662553887319756
2138,0.662553887319756
2139,0.807854137447405
2140,0.662553887319756
2141,0.622468036201695
2142,0.807854137447405
2143,0.741948001552192
2144,0.807854137447405
2145,0.741948001552192
2146,0.662553887319756
2147,0.647803425167535
2148,0.807854137447405
2149,0.807854137447405
2150,0.807854137447405
2151,0.622468036201695
2152,0.662553887319756
2153,0.662553887319756
2154,0.662553887319756
2155,0.577601410934744
2156,0.662553887319756
2157,0.622468036201695
2158,0.662553887319756
2159,0.662553887319756
2160,0.622468036201695
2161,0.622468036201695
2162,0.622468036201695
2163,0.698754246885617
2164,0.622468036201695
2165,0.622468036201695
2166,0.807854137447405
2167,0.622468036201695
2168,0.698754246885617
2169,0.622468036201695
2170,0.622468036201695
2171,0.662553887319756
2172,0.622468036201695
2173,0.741948001552192
2174,0.741948001552192
2175,0.807854137447405
2176,0.662553887319756
2177,0.662553887319756
2178,0.807854137447405
2179,0.577601410934744
2180,0.807854137447405
2181,0.698754246885617
2182,0.741948001552192
2183,0.807854137447405
2184,0.807854137447405
2185,0.662553887319756
2186,0.577601410934744
2187,0.647803425167535
2188,0.741948001552192
2189,0.622468036201695
2190,0.698754246885617
2191,0.622468036201695
2192,0.807854137447405
2193,0.662553887319756
2194,0.807854137447405
2195,0.662553887319756
2196,0.741948001552192
2197,0.647803425167535
2198,0.622468036201695
2199,0.807854137447405
2200,0.577601410934744
2201,0.698754246885617
2202,0.622468036201695
2203,0.622468036201695
2204,0.807854137447405
2205,0.622468036201695
2206,0.698754246885617
2207,0.698754246885617
2208,0.622468036201695
2209,0.807854137447405
2210,0.662553887319756
2211,0.807854137447405
2212,0.662553887319756
2213,0.698754246885617
2214,0.741948001552192
2215,0.807854137447405
2216,0.622468036201695
2217,0.807854137447405
2218,0.477272727272727
2219,0.807854137447405
2220,0.622468036201695
2221,0.807854137447405
2222,0.741948001552192
2223,0.698754246885617
2224,0.622468036201695
2225,0.741948001552192
2226,0.807854137447405
2227,0.477272727272727
2228,0.662553887319756
2229,0.622468036201695
2230,0.622468036201695
2231,0.807854137447405
2232,0.622468036201695
2233,0.698754246885617
2234,0.622468036201695
2235,0.698754246885617
2236,0.662553887319756
2237,0.622468036201695
2238,0.807854137447405
2239,0.577601410934744
2240,0.807854137447405
2241,0.662553887319756
2242,0.741948001552192
2243,0.662553887319756
2244,0.741948001552192
2245,0.698754246885617
2246,0.741948001552192
2247,0.647803425167535
2248,0.662553887319756
2249,0.662553887319756
2250,0.622468036201695
2251,0.741948001552192
2252,0.698754246885617
2253,0.741948001552192
2254,0.807854137447405
2255,0.662553887319756
2256,0.807854137447405
2257,0.622468036201695
2258,0.577601410934744
2259,0.698754246885617
2260,0.622468036201695
2261,0.807854137447405
2262,0.622468036201695
2263,0.662553887319756
2264,0.741948001552192
2265,0.807854137447405
2266,0.622468036201695
2267,0.741948001552192
2268,0.622468036201695
2269,0.647803425167535
2270,0.662553887319756
2271,0.622468036201695
2272,0.662553887319756
2273,0.622468036201695
2274,0.698754246885617
2275,0.622468036201695
2276,0.698754246885617
2277,0.662553887319756
2278,0.622468036201695
2279,0.698754246885617
2280,0.647803425167535
2281,0.622468036201695
2282,0.577601410934744
2283,0.698754246885617
2284,0.698754246885617
2285,0.622468036201695
2286,0.741948001552192
2287,0.622468036201695
2288,0.662553887319756
2289,0.662553887319756
2290,0.662553887319756
2291,0.622468036201695
2292,0.698754246885617
2293,0.647803425167535
2294,0.577601410934744
2295,0.698754246885617
2296,0.577601410934744
2297,0.741948001552192
2298,0.741948001552192
2299,0.807854137447405
2300,0.622468036201695
2301,0.662553887319756
2302,0.622468036201695
2303,0.807854137447405
2304,0.662553887319756
2305,0.807854137447405
2306,0.622468036201695
2307,0.622468036201695
2308,0.741948001552192
2309,0.622468036201695
2310,0.807854137447405
2311,0.807854137447405
2312,0.698754246885617
2313,0.807854137447405
2314,0.698754246885617
2315,0.622468036201695
2316,0.698754246885617
2317,0.807854137447405
2318,0.698754246885617
2319,0.741948001552192
2320,0.662553887319756
2321,0.698754246885617
2322,0.807854137447405
2323,0.662553887319756
2324,0.622468036201695
2325,0.622468036201695
2326,0.662553887319756
2327,0.741948001552192
2328,0.807854137447405
2329,0.807854137447405
2330,0.807854137447405
2331,0.741948001552192
2332,0.662553887319756
2333,0.647803425167535
2334,0.698754246885617
2335,0.647803425167535
2336,0.622468036201695
2337,0.662553887319756
2338,0.807854137447405
2339,0.698754246885617
2340,0.698754246885617
2341,0.622468036201695
2342,0.741948001552192
2343,0.807854137447405
2344,0.807854137447405
2345,0.698754246885617
2346,0.662553887319756
2347,0.662553887319756
2348,0.662553887319756
2349,0.662553887319756
2350,0.807854137447405
2351,0.647803425167535
2352,0.647803425167535
2353,0.647803425167535
2354,0.662553887319756
2355,0.622468036201695
2356,0.622468036201695
2357,0.807854137447405
2358,0.622468036201695
2359,0.662553887319756
2360,0.698754246885617
2361,0.698754246885617
2362,0.662553887319756
2363,0.807854137447405
2364,0.807854137447405
2365,0.698754246885617
2366,0.698754246885617
2367,0.622468036201695
2368,0.807854137447405
2369,0.698754246885617
2370,0.662553887319756
2371,0.698754246885617
2372,0.577601410934744
2373,0.647803425167535
2374,0.662553887319756
2375,0.662553887319756
2376,0.698754246885617
2377,0.807854137447405
2378,0.477272727272727
2379,0.698754246885617
2380,0.662553887319756
2381,0.647803425167535
2382,0.741948001552192
2383,0.622468036201695
2384,0.698754246885617
2385,0.662553887319756
2386,0.807854137447405
2387,0.698754246885617
2388,0.807854137447405
2389,0.577601410934744
2390,0.741948001552192
2391,0.698754246885617
2392,0.807854137447405
2393,0.698754246885617
2394,0.807854137447405
2395,0.807854137447405
2396,0.622468036201695
2397,0.698754246885617
2398,0.807854137447405
2399,0.807854137447405
2400,0.741948001552192
2401,0.807854137447405
2402,0.807854137447405
2403,0.741948001552192
2404,0.698754246885617
2405,0.741948001552192
2406,0.741948001552192
2407,0.807854137447405
2408,0.698754246885617
2409,0.741948001552192
2410,0.622468036201695
2411,0.622468036201695
2412,0.662553887319756
2413,0.622468036201695
2414,0.647803425167535
2415,0.807854137447405
2416,0.807854137447405
2417,0.622468036201695
2418,0.698754246885617
2419,0.698754246885617
2420,0.698754246885617
2421,0.807854137447405
2422,0.807854137447405
2423,0.662553887319756
2424,0.662553887319756
2425,0.622468036201695
2426,0.577601410934744
2427,0.741948001552192
2428,0.662553887319756
2429,0.662553887319756
2430,0.662553887319756
2431,0.698754246885617
2432,0.807854137447405
2433,0.662553887319756
2434,0.647803425167535
2435,0.807854137447405
2436,0.698754246885617
2437,0.622468036201695
2438,0.662553887319756
2439,0.807854137447405
2440,0.698754246885617
2441,0.622468036201695
2442,0.807854137447405
2443,0.807854137447405
2444,0.622468036201695
2445,0.622468036201695
2446,0.662553887319756
2447,0.807854137447405
2448,0.741948001552192
2449,0.622468036201695
2450,0.807854137447405
2451,0.807854137447405
2452,0.741948001552192
2453,0.741948001552192
2454,0.698754246885617
2455,0.698754246885617
2456,0.698754246885617
2457,0.698754246885617
2458,0.807854137447405
2459,0.741948001552192
2460,0.662553887319756
2461,0.741948001552192
2462,0.662553887319756
2463,0.741948001552192
2464,0.622468036201695
2465,0.662553887319756
2466,0.622468036201695
2467,0.662553887319756
2468,0.647803425167535
2469,0.807854137447405
2470,0.807854137447405
2471,0.807854137447405
2472,0.622468036201695
2473,0.698754246885617
2474,0.662553887319756
2475,0.662553887319756
2476,0.807854137447405
2477,0.662553887319756
2478,0.698754246885617
2479,0.662553887319756
2480,0.662553887319756
2481,0.622468036201695
2482,0.807854137447405
2483,0.647803425167535
2484,0.622468036201695
2485,0.622468036201695
2486,0.741948001552192
2487,0.807854137447405
2488,0.662553887319756
2489,0.622468036201695
2490,0.622468036201695
2491,0.662553887319756
2492,0.698754246885617
2493,0.807854137447405
2494,0.807854137447405
2495,0.622468036201695
2496,0.622468036201695
2497,0.807854137447405
2498,0.741948001552192
2499,0.662553887319756
2500,0.807854137447405
2501,0.807854137447405
2502,0.622468036201695
2503,0.662553887319756
2504,0.622468036201695
2505,0.622468036201695
2506,0.622468036201695
2507,0.698754246885617
2508,0.622468036201695
2509,0.391304347826087
2510,0.807854137447405
2511,0.622468036201695
2512,0.622468036201695
2513,0.622468036201695
2514,0.741948001552192
2515,0.698754246885617
2516,0.698754246885617
2517,0.662553887319756
2518,0.807854137447405
2519,0.741948001552192
2520,0.662553887319756
2521,0.741948001552192
2522,0.662553887319756
2523,0.647803425167535
2524,0.698754246885617
2525,0.622468036201695
2526,0.807854137447405
2527,0.622468036201695
2528,0.698754246885617
2529,0.622468036201695
2530,0.807854137447405
2531,0.741948001552192
2532,0.698754246885617
2533,0.662553887319756
2534,0.662553887319756
2535,0.807854137447405
2536,0.622468036201695
2537,0.698754246885617
2538,0.807854137447405
2539,0.647803425167535
2540,0.647803425167535
2541,0.622468036201695
2542,0.647803425167535
2543,0.698754246885617
2544,0.741948001552192
2545,0.622468036201695
2546,0.647803425167535
2547,0.647803425167535
2548,0.647803425167535
2549,0.698754246885617
2550,0.698754246885617
2551,0.622468036201695
2552,0.622468036201695
2553,0.647803425167535
2554,0.698754246885617
2555,0.807854137447405
2556,0.662553887319756
2557,0.698754246885617
2558,0.807854137447405
2559,0.647803425167535
2560,0.662553887319756
2561,0.741948001552192
2562,0.698754246885617
2563,0.662553887319756
2564,0.698754246885617
2565,0.647803425167535
2566,0.662553887319756
2567,0.622468036201695
2568,0.807854137447405
2569,0.647803425167535
2570,0.741948001552192
2571,0.807854137447405
2572,0.622468036201695
2573,0.622468036201695
2574,0.662553887319756
2575,0.807854137447405
2576,0.698754246885617
2577,0.622468036201695
2578,0.698754246885617
2579,0.698754246885617
2580,0.662553887319756
2581,0.741948001552192
2582,0.647803425167535
2583,0.807854137447405
2584,0.622468036201695
2585,0.662553887319756
2586,0.662553887319756
2587,0.647803425167535
2588,0.741948001552192
2589,0.741948001552192
2590,0.647803425167535
2591,0.741948001552192
2592,0.741948001552192
2593,0.662553887319756
2594,0.647803425167535
2595,0.698754246885617
2596,0.662553887319756
2597,0.807854137447405
2598,0.622468036201695
2599,0.622468036201695
2600,0.662553887319756
2601,0.741948001552192
2602,0.662553887319756
2603,0.807854137447405
2604,0.622468036201695
2605,0.622468036201695
2606,0.622468036201695
2607,0.577601410934744
2608,0.662553887319756
2609,0.807854137447405
2610,0.662553887319756
2611,0.807854137447405
2612,0.662553887319756
2613,0.662553887319756
2614,0.807854137447405
2615,0.647803425167535
2616,0.741948001552192
2617,0.662553887319756
2618,0.807854137447405
2619,0.622468036201695
2620,0.698754246885617
2621,0.741948001552192
2622,0.807854137447405
2623,0.662553887319756
2624,0.622468036201695
2625,0.622468036201695
2626,0.698754246885617
2627,0.807854137447405
2628,0.807854137447405
2629,0.622468036201695
2630,0.741948001552192
2631,0.622468036201695
2632,0.662553887319756
2633,0.698754246885617
2634,0.698754246885617
2635,0.622468036201695
2636,0.662553887319756
2637,0.662553887319756
2638,0.662553887319756
2639,0.662553887319756
2640,0.622468036201695
2641,0.477272727272727
2642,0.741948001552192
2643,0.622468036201695
2644,0.662553887319756
2645,0.622468036201695
2646,0.662553887319756
2647,0.662553887319756
2648,0.807854137447405
2649,0.662553887319756
2650,0.698754246885617
2651,0.662553887319756
2652,0.662553887319756
2653,0.741948001552192
2654,0.807854137447405
2655,0.741948001552192
2656,0.647803425167535
2657,0.698754246885617
2658,0.662553887319756
2659,0.622468036201695
2660,0.662553887319756
2661,0.622468036201695
2662,0.577601410934744
2663,0.622468036201695
2664,0.647803425167535
2665,0.807854137447405
2666,0.662553887319756
2667,0.647803425167535
2668,0.807854137447405
2669,0.807854137447405
2670,0.807854137447405
2671,0.647803425167535
2672,0.622468036201695
2673,0.662553887319756
2674,0.807854137447405
2675,0.622468036201695
2676,0.662553887319756
2677,0.807854137447405
2678,0.807854137447405
2679,0.662553887319756
2680,0.807854137447405
2681,0.622468036201695
2682,0.662553887319756
2683,0.807854137447405
2684,0.662553887319756
2685,0.622468036201695
2686,0.698754246885617
2687,0.807854137447405
2688,0.647803425167535
2689,0.662553887319756
2690,0.698754246885617
2691,0.662553887319756
2692,0.647803425167535
2693,0.741948001552192
2694,0.647803425167535
2695,0.622468036201695
2696,0.741948001552192
2697,0.662553887319756
2698,0.741948001552192
2699,0.647803425167535
2700,0.698754246885617
2701,0.662553887319756
2702,0.647803425167535
2703,0.807854137447405
2704,0.662553887319756
2705,0.807854137447405
2706,0.577601410934744
2707,0.662553887319756
2708,0.622468036201695
2709,0.807854137447405
2710,0.662553887319756
2711,0.622468036201695
2712,0.662553887319756
2713,0.662553887319756
2714,0.698754246885617
2715,0.622468036201695
2716,0.741948001552192
2717,0.647803425167535
2718,0.807854137447405
2719,0.622468036201695
2720,0.741948001552192
2721,0.577601410934744
2722,0.698754246885617
2723,0.807854137447405
2724,0.807854137447405
2725,0.622468036201695
2726,0.807854137447405
2727,0.662553887319756
2728,0.662553887319756
2729,0.622468036201695
2730,0.577601410934744
2731,0.698754246885617
2732,0.698754246885617
2733,0.807854137447405
2734,0.622468036201695
2735,0.622468036201695
2736,0.807854137447405
2737,0.807854137447405
2738,0.807854137447405
2739,0.698754246885617
2740,0.698754246885617
2741,0.741948001552192
2742,0.698754246885617
2743,0.622468036201695
2744,0.698754246885617
2745,0.647803425167535
2746,0.807854137447405
2747,0.807854137447405
2748,0.741948001552192
2749,0.698754246885617
2750,0.698754246885617
2751,0.698754246885617
2752,0.622468036201695
2753,0.698754246885617
2754,0.698754246885617
2755,0.807854137447405
2756,0.662553887319756
2757,0.807854137447405
2758,0.807854137447405
2759,0.698754246885617
2760,0.662553887319756
2761,0.622468036201695
2762,0.662553887319756
2763,0.662553887319756
2764,0.647803425167535
2765,0.662553887319756
2766,0.741948001552192
2767,0.741948001552192
2768,0.807854137447405
2769,0.698754246885617
2770,0.698754246885617
2771,0.662553887319756
2772,0.807854137447405
2773,0.622468036201695
2774,0.662553887319756
2775,0.662553887319756
2776,0.741948001552192
2777,0.698754246885617
2778,0.647803425167535
2779,0.807854137447405
2780,0.807854137447405
2781,0.807854137447405
2782,0.622468036201695
2783,0.741948001552192
2784,0.698754246885617
2785,0.647803425167535
2786,0.622468036201695
2787,0.698754246885617
2788,0.647803425167535
2789,0.662553887319756
2790,0.807854137447405
2791,0.647803425167535
2792,0.698754246885617
2793,0.662553887319756
2794,0.622468036201695
2795,0.698754246885617
2796,0.698754246885617
2797,0.807854137447405
2798,0.622468036201695
2799,0.622468036201695
2800,0.662553887319756
2801,0.622468036201695
2802,0.807854137447405
2803,0.622468036201695
2804,0.662553887319756
2805,0.662553887319756
2806,0.622468036201695
2807,0.662553887319756
2808,0.622468036201695
2809,0.647803425167535
2810,0.647803425167535
2811,0.647803425167535
2812,0.807854137447405
2813,0.647803425167535
2814,0.662553887319756
2815,0.662553887319756
2816,0.662553887319756
2817,0.662553887319756
2818,0.698754246885617
2819,0.622468036201695
2820,0.741948001552192
2821,0.698754246885617
2822,0.662553887319756
2823,0.807854137447405
2824,0.741948001552192
2825,0.622468036201695
2826,0.662553887319756
2827,0.622468036201695
2828,0.647803425167535
2829,0.807854137447405
2830,0.577601410934744
2831,0.662553887319756
2832,0.622468036201695
2833,0.622468036201695
2834,0.741948001552192
2835,0.647803425167535
2836,0.622468036201695
2837,0.662553887319756
2838,0.741948001552192
2839,0.662553887319756
2840,0.622468036201695
2841,0.622468036201695
2842,0.698754246885617
2843,0.698754246885617
2844,0.622468036201695
2845,0.622468036201695
2846,0.741948001552192
2847,0.807854137447405
2848,0.662553887319756
2849,0.741948001552192
2850,0.647803425167535
2851,0.622468036201695
2852,0.698754246885617
2853,0.807854137447405
2854,0.807854137447405
2855,0.807854137447405
2856,0.662553887319756
2857,0.662553887319756
2858,0.807854137447405
2859,0.807854137447405
2860,0.807854137447405
2861,0.698754246885617
2862,0.662553887319756
2863,0.662553887319756
2864,0.622468036201695
2865,0.662553887319756
2866,0.698754246885617
2867,0.741948001552192
2868,0.807854137447405
2869,0.577601410934744
2870,0.741948001552192
2871,0.807854137447405
2872,0.698754246885617
2873,0.698754246885617
2874,0.698754246885617
2875,0.647803425167535
2876,0.698754246885617
2877,0.807854137447405
2878,0.698754246885617
2879,0.477272727272727
2880,0.807854137447405
2881,0.741948001552192
2882,0.622468036201695
2883,0.807854137447405
2884,0.662553887319756
2885,0.622468036201695
2886,0.662553887319756
2887,0.647803425167535
2888,0.741948001552192
2889,0.662553887319756
2890,0.807854137447405
2891,0.741948001552192
2892,0.662553887319756
2893,0.662553887319756
2894,0.622468036201695
2895,0.662553887319756
2896,0.807854137447405
2897,0.807854137447405
2898,0.662553887319756
2899,0.622468036201695
2900,0.622468036201695
2901,0.662553887319756
2902,0.622468036201695
2903,0.807854137447405
2904,0.622468036201695
2905,0.698754246885617
2906,0.622468036201695
2907,0.622468036201695
2908,0.622468036201695
2909,0.622468036201695
2910,0.622468036201695
2911,0.622468036201695
2912,0.577601410934744
2913,0.662553887319756
2914,0.622468036201695
2915,0.622468036201695
2916,0.662553887319756
2917,0.698754246885617
2918,0.807854137447405
2919,0.698754246885617
2920,0.741948001552192
2921,0.622468036201695
2922,0.662553887319756
2923,0.647803425167535
2924,0.622468036201695
2925,0.807854137447405
2926,0.698754246885617
2927,0.662553887319756
2928,0.741948001552192
2929,0.647803425167535
2930,0.807854137447405
2931,0.577601410934744
2932,0.698754246885617
2933,0.741948001552192
2934,0.698754246885617
2935,0.662553887319756
2936,0.698754246885617
2937,0.647803425167535
2938,0.622468036201695
2939,0.662553887319756
2940,0.741948001552192
2941,0.622468036201695
2942,0.662553887319756
2943,0.622468036201695
2944,0.662553887319756
2945,0.662553887319756
2946,0.662553887319756
2947,0.698754246885617
2948,0.662553887319756
2949,0.662553887319756
2950,0.741948001552192
2951,0.662553887319756
2952,0.577601410934744
2953,0.807854137447405
2954,0.622468036201695
2955,0.698754246885617
2956,0.807854137447405
2957,0.698754246885617
2958,0.807854137447405
2959,0.698754246885617
2960,0.662553887319756
2961,0.647803425167535
2962,0.662553887319756
2963,0.662553887319756
2964,0.647803425167535
2965,0.807854137447405
2966,0.807854137447405
2967,0.807854137447405
2968,0.622468036201695
2969,0.698754246885617
2970,0.662553887319756
2971,0.807854137447405
2972,0.622468036201695
2973,0.807854137447405
2974,0.741948001552192
2975,0.662553887319756
2976,0.622468036201695
2977,0.807854137447405
2978,0.622468036201695
2979,0.622468036201695
2980,0.807854137447405
2981,0.622468036201695
2982,0.662553887319756
2983,0.622468036201695
2984,0.807854137447405
2985,0.807854137447405
2986,0.698754246885617
2987,0.807854137447405
2988,0.807854137447405
2989,0.698754246885617
2990,0.662553887319756
2991,0.647803425167535
2992,0.807854137447405
2993,0.698754246885617
2994,0.807854137447405
2995,0.807854137447405
2996,0.741948001552192
2997,0.622468036201695
2998,0.577601410934744
2999,0.807854137447405
3000,0.662553887319756
3001,0.662553887319756
3002,0.741948001552192
3003,0.647803425167535
3004,0.622468036201695
3005,0.577601410934744
3006,0.622468036201695
3007,0.807854137447405
3008,0.807854137447405
3009,0.662553887319756
3010,0.577601410934744
3011,0.807854137447405
3012,0.807854137447405
3013,0.662553887319756
3014,0.622468036201695
3015,0.807854137447405
3016,0.807854137447405
3017,0.622468036201695
3018,0.662553887319756
3019,0.698754246885617
3020,0.622468036201695
3021,0.698754246885617
3022,0.698754246885617
3023,0.622468036201695
3024,0.807854137447405
3025,0.662553887319756
3026,0.807854137447405
3027,0.662553887319756
3028,0.662553887319756
3029,0.807854137447405
3030,0.647803425167535
3031,0.622468036201695
3032,0.662553887319756
3033,0.741948001552192
3034,0.807854137447405
3035,0.807854137447405
3036,0.622468036201695
3037,0.662553887319756
3038,0.698754246885617
3039,0.622468036201695
3040,0.622468036201695
3041,0.647803425167535
3042,0.622468036201695
3043,0.662553887319756
3044,0.741948001552192
3045,0.622468036201695
3046,0.622468036201695
3047,0.698754246885617
3048,0.647803425167535
3049,0.807854137447405
3050,0.662553887319756
3051,0.662553887319756
3052,0.807854137447405
3053,0.698754246885617
3054,0.698754246885617
3055,0.807854137447405
3056,0.577601410934744
3057,0.807854137447405
3058,0.622468036201695
3059,0.622468036201695
3060,0.622468036201695
3061,0.662553887319756
3062,0.698754246885617
3063,0.622468036201695
3064,0.662553887319756
3065,0.647803425167535
3066,0.622468036201695
3067,0.622468036201695
3068,0.807854137447405
3069,0.698754246885617
3070,0.647803425167535
3071,0.807854137447405
3072,0.577601410934744
3073,0.698754246885617
3074,0.698754246885617
3075,0.698754246885617
3076,0.662553887319756
3077,0.662553887319756
3078,0.662553887319756
3079,0.477272727272727
3080,0.741948001552192
3081,0.698754246885617
3082,0.622468036201695
3083,0.807854137447405
3084,0.622468036201695
3085,0.647803425167535
3086,0.622468036201695
3087,0.662553887319756
3088,0.662553887319756
3089,0.807854137447405
3090,0.698754246885617
3091,0.807854137447405
3092,0.698754246885617
3093,0.622468036201695
3094,0.662553887319756
3095,0.662553887319756
3096,0.662553887319756
3097,0.662553887319756
3098,0.741948001552192
3099,0.807854137447405
3100,0.807854137447405
3101,0.698754246885617
3102,0.807854137447405
3103,0.647803425167535
3104,0.698754246885617
3105,0.807854137447405
3106,0.807854137447405
3107,0.698754246885617
3108,0.807854137447405
3109,0.647803425167535
3110,0.622468036201695
3111,0.807854137447405
3112,0.662553887319756
3113,0.698754246885617
3114,0.662553887319756
3115,0.698754246885617
3116,0.662553887319756
3117,0.622468036201695
3118,0.662553887319756
3119,0.807854137447405
3120,0.662553887319756
3121,0.622468036201695
3122,0.622468036201695
3123,0.622468036201695
3124,0.807854137447405
3125,0.662553887319756
3126,0.622468036201695
3127,0.662553887319756
3128,0.662553887319756
3129,0.698754246885617
3130,0.622468036201695
3131,0.698754246885617
3132,0.807854137447405
3133,0.807854137447405
3134,0.391304347826087
3135,0.647803425167535
3136,0.807854137447405
3137,0.807854137447405
3138,0.698754246885617
3139,0.622468036201695
3140,0.577601410934744
3141,0.662553887319756
3142,0.662553887319756
3143,0.662553887319756
3144,0.622468036201695
3145,0.807854137447405
3146,0.698754246885617
3147,0.622468036201695
3148,0.622468036201695
3149,0.807854137447405
3150,0.662553887319756
3151,0.807854137447405
3152,0.741948001552192
3153,0.698754246885617
3154,0.741948001552192
3155,0.698754246885617
3156,0.807854137447405
3157,0.662553887319756
3158,0.807854137447405
3159,0.741948001552192
3160,0.698754246885617
3161,0.807854137447405
3162,0.662553887319756
3163,0.662553887319756
3164,0.807854137447405
3165,0.807854137447405
3166,0.807854137447405
3167,0.662553887319756
3168,0.647803425167535
3169,0.662553887319756
3170,0.662553887319756
3171,0.807854137447405
3172,0.807854137447405
3173,0.647803425167535
3174,0.662553887319756
3175,0.698754246885617
3176,0.662553887319756
3177,0.807854137447405
3178,0.807854137447405
3179,0.807854137447405
3180,0.577601410934744
3181,0.698754246885617
3182,0.698754246885617
3183,0.698754246885617
3184,0.662553887319756
3185,0.622468036201695
3186,0.622468036201695
3187,0.577601410934744
3188,0.647803425167535
3189,0.622468036201695
3190,0.647803425167535
3191,0.622468036201695
3192,0.698754246885617
3193,0.807854137447405
3194,0.807854137447405
3195,0.647803425167535
3196,0.698754246885617
3197,0.807854137447405
3198,0.622468036201695
3199,0.807854137447405
3200,0.807854137447405
3201,0.698754246885617
3202,0.622468036201695
3203,0.622468036201695
3204,0.662553887319756
3205,0.662553887319756
3206,0.807854137447405
3207,0.662553887319756
3208,0.698754246885617
3209,0.807854137447405
3210,0.698754246885617
3211,0.622468036201695
3212,0.622468036201695
3213,0.698754246885617
3214,0.662553887319756
3215,0.622468036201695
3216,0.662553887319756
3217,0.662553887319756
3218,0.662553887319756
3219,0.807854137447405
3220,0.662553887319756
3221,0.741948001552192
3222,0.807854137447405
3223,0.698754246885617
3224,0.698754246885617
3225,0.741948001552192
3226,0.622468036201695
3227,0.647803425167535
3228,0.662553887319756
3229,0.807854137447405
3230,0.622468036201695
3231,0.741948001552192
3232,0.698754246885617
3233,0.647803425167535
3234,0.807854137447405
3235,0.741948001552192
3236,0.807854137447405
3237,0.647803425167535
3238,0.741948001552192
3239,0.698754246885617
3240,0.698754246885617
3241,0.807854137447405
3242,0.662553887319756
3243,0.807854137447405
3244,0.577601410934744
3245,0.807854137447405
3246,0.622468036201695
3247,0.741948001552192
3248,0.807854137447405
3249,0.698754246885617
3250,0.662553887319756
3251,0.698754246885617
3252,0.807854137447405
3253,0.741948001552192
3254,0.662553887319756
3255,0.741948001552192
3256,0.662553887319756
3257,0.577601410934744
3258,0.807854137447405
3259,0.622468036201695
3260,0.662553887319756
3261,0.807854137447405
3262,0.622468036201695
3263,0.698754246885617
3264,0.662553887319756
3265,0.698754246885617
3266,0.662553887319756
3267,0.698754246885617
3268,0.647803425167535
3269,0.698754246885617
3270,0.622468036201695
3271,0.807854137447405
3272,0.698754246885617
3273,0.698754246885617
3274,0.622468036201695
3275,0.698754246885617
3276,0.662553887319756
3277,0.622468036201695
3278,0.807854137447405
3279,0.622468036201695
3280,0.662553887319756
3281,0.622468036201695
3282,0.622468036201695
3283,0.622468036201695
3284,0.807854137447405
3285,0.807854137447405
3286,0.622468036201695
3287,0.622468036201695
3288,0.622468036201695
3289,0.662553887319756
3290,0.698754246885617
3291,0.698754246885617
3292,0.662553887319756
3293,0.807854137447405
3294,0.698754246885617
3295,0.662553887319756
3296,0.622468036201695
3297,0.662553887319756
3298,0.662553887319756
3299,0.698754246885617
3300,0.698754246885617
3301,0.807854137447405
3302,0.662553887319756
3303,0.622468036201695
3304,0.662553887319756
3305,0.662553887319756
3306,0.807854137447405
3307,0.662553887319756
3308,0.622468036201695
3309,0.622468036201695
3310,0.622468036201695
3311,0.662553887319756
3312,0.662553887319756
3313,0.662553887319756
3314,0.622468036201695
3315,0.698754246885617
3316,0.698754246885617
3317,0.741948001552192
3318,0.698754246885617
3319,0.698754246885617
3320,0.622468036201695
3321,0.647803425167535
3322,0.807854137447405
3323,0.662553887319756
3324,0.647803425167535
3325,0.741948001552192
3326,0.807854137447405
3327,0.807854137447405
3328,0.647803425167535
3329,0.662553887319756
3330,0.622468036201695
3331,0.662553887319756
3332,0.622468036201695
3333,0.807854137447405
3334,0.698754246885617
3335,0.698754246885617
3336,0.622468036201695
3337,0.662553887319756
3338,0.698754246885617
3339,0.647803425167535
3340,0.807854137447405
3341,0.741948001552192
3342,0.647803425167535
3343,0.662553887319756
3344,0.577601410934744
3345,0.647803425167535
3346,0.662553887319756
3347,0.698754246885617
3348,0.662553887319756
3349,0.647803425167535
3350,0.807854137447405
3351,0.622468036201695
3352,0.662553887319756
3353,0.741948001552192
3354,0.741948001552192
3355,0.622468036201695
3356,0.647803425167535
3357,0.662553887319756
3358,0.807854137447405
3359,0.807854137447405
3360,0.647803425167535
3361,0.647803425167535
3362,0.477272727272727
3363,0.807854137447405
3364,0.622468036201695
3365,0.698754246885617
3366,0.698754246885617
3367,0.647803425167535
3368,0.622468036201695
3369,0.807854137447405
3370,0.662553887319756
3371,0.622468036201695
3372,0.647803425167535
3373,0.577601410934744
3374,0.807854137447405
3375,0.698754246885617
3376,0.807854137447405
3377,0.807854137447405
3378,0.662553887319756
3379,0.662553887319756
3380,0.622468036201695
3381,0.741948001552192
3382,0.647803425167535
3383,0.807854137447405
3384,0.807854137447405
3385,0.807854137447405
3386,0.698754246885617
3387,0.807854137447405
3388,0.622468036201695
3389,0.622468036201695
3390,0.807854137447405
3391,0.741948001552192
3392,0.662553887319756
3393,0.662553887319756
3394,0.662553887319756
3395,0.577601410934744
3396,0.647803425167535
3397,0.807854137447405
3398,0.577601410934744
3399,0.807854137447405
3400,0.622468036201695
3401,0.698754246885617
3402,0.741948001552192
3403,0.662553887319756
3404,0.807854137447405
3405,0.662553887319756
3406,0.622468036201695
3407,0.622468036201695
3408,0.698754246885617
3409,0.698754246885617
3410,0.698754246885617
3411,0.698754246885617
3412,0.807854137447405
3413,0.662553887319756
3414,0.807854137447405
3415,0.662553887319756
3416,0.807854137447405
3417,0.622468036201695
3418,0.622468036201695
3419,0.662553887319756
3420,0.807854137447405
3421,0.698754246885617
3422,0.698754246885617
3423,0.807854137447405
3424,0.622468036201695
3425,0.647803425167535
3426,0.622468036201695
3427,0.698754246885617
3428,0.622468036201695
3429,0.807854137447405
3430,0.698754246885617
3431,0.698754246885617
3432,0.622468036201695
3433,0.662553887319756
3434,0.622468036201695
3435,0.807854137447405
3436,0.647803425167535
3437,0.622468036201695
3438,0.622468036201695
3439,0.807854137447405
3440,0.698754246885617
3441,0.622468036201695
3442,0.698754246885617
3443,0.647803425167535
3444,0.807854137447405
3445,0.622468036201695
3446,0.622468036201695
3447,0.662553887319756
3448,0.647803425167535
3449,0.698754246885617
3450,0.741948001552192
3451,0.662553887319756
3452,0.662553887319756
3453,0.698754246885617
3454,0.698754246885617
3455,0.698754246885617
3456,0.622468036201695
3457,0.647803425167535
3458,0.741948001552192
3459,0.698754246885617
3460,0.807854137447405
3461,0.741948001552192
3462,0.622468036201695
3463,0.662553887319756
3464,0.622468036201695
3465,0.622468036201695
3466,0.741948001552192
3467,0.647803425167535
3468,0.647803425167535
3469,0.622468036201695
3470,0.577601410934744
3471,0.647803425167535
3472,0.662553887319756
3473,0.622468036201695
3474,0.807854137447405
3475,0.698754246885617
3476,0.698754246885617
3477,0.807854137447405
3478,0.807854137447405
3479,0.622468036201695
3480,0.807854137447405
3481,0.807854137447405
3482,0.477272727272727
3483,0.662553887319756
3484,0.807854137447405
3485,0.647803425167535
3486,0.662553887319756
3487,0.647803425167535
3488,0.662553887319756
3489,0.662553887319756
3490,0.741948001552192
3491,0.622468036201695
3492,0.698754246885617
3493,0.807854137447405
3494,0.807854137447405
3495,0.622468036201695
3496,0.741948001552192
3497,0.622468036201695
3498,0.698754246885617
3499,0.807854137447405
3500,0.807854137447405
3501,0.807854137447405
3502,0.807854137447405
3503,0.807854137447405
3504,0.622468036201695
3505,0.662553887319756
3506,0.741948001552192
3507,0.662553887319756
3508,0.662553887319756
3509,0.698754246885617
3510,0.622468036201695
3511,0.741948001552192
3512,0.662553887319756
3513,0.662553887319756
3514,0.662553887319756
3515,0.807854137447405
3516,0.807854137447405
3517,0.662553887319756
3518,0.622468036201695
3519,0.662553887319756
3520,0.662553887319756
3521,0.622468036201695
3522,0.622468036201695
3523,0.741948001552192
3524,0.662553887319756
3525,0.662553887319756
3526,0.807854137447405
3527,0.622468036201695
3528,0.698754246885617
3529,0.698754246885617
3530,0.622468036201695
3531,0.577601410934744
3532,0.741948001552192
3533,0.662553887319756
3534,0.662553887319756
3535,0.698754246885617
3536,0.662553887319756
3537,0.662553887319756
3538,0.807854137447405
3539,0.662553887319756
3540,0.662553887319756
3541,0.807854137447405
3542,0.698754246885617
3543,0.807854137447405
3544,0.807854137447405
3545,0.698754246885617
3546,0.622468036201695
3547,0.698754246885617
3548,0.662553887319756
3549,0.807854137447405
3550,0.807854137447405
3551,0.741948001552192
3552,0.622468036201695
3553,0.698754246885617
3554,0.698754246885617
3555,0.698754246885617
3556,0.662553887319756
3557,0.807854137447405
3558,0.622468036201695
3559,0.662553887319756
3560,0.807854137447405
3561,0.622468036201695
3562,0.662553887319756
3563,0.698754246885617
3564,0.622468036201695
3565,0.622468036201695
3566,0.741948001552192
3567,0.647803425167535
3568,0.807854137447405
3569,0.662553887319756
3570,0.807854137447405
3571,0.662553887319756
3572,0.662553887319756
3573,0.807854137447405
3574,0.647803425167535
3575,0.662553887319756
3576,0.698754246885617
3577,0.662553887319756
3578,0.662553887319756
3579,0.662553887319756
3580,0.698754246885617
3581,0.698754246885617
3582,0.622468036201695
3583,0.662553887319756
3584,0.807854137447405
3585,0.622468036201695
3586,0.807854137447405
3587,0.622468036201695
3588,0.807854137447405
3589,0.647803425167535
3590,0.647803425167535
3591,0.807854137447405
3592,0.807854137447405
3593,0.741948001552192
3594,0.698754246885617
3595,0.622468036201695
3596,0.647803425167535
3597,0.647803425167535
3598,0.741948001552192
3599,0.622468036201695
3600,0.662553887319756
3601,0.577601410934744
3602,0.698754246885617
3603,0.698754246885617
3604,0.698754246885617
3605,0.662553887319756
3606,0.662553887319756
3607,0.698754246885617
3608,0.577601410934744
3609,0.807854137447405
3610,0.698754246885617
3611,0.622468036201695
3612,0.662553887319756
3613,0.662553887319756
3614,0.807854137447405
3615,0.807854137447405
3616,0.807854137447405
3617,0.662553887319756
3618,0.698754246885617
3619,0.698754246885617
3620,0.622468036201695
3621,0.807854137447405
3622,0.698754246885617
3623,0.622468036201695
3624,0.622468036201695
3625,0.662553887319756
3626,0.698754246885617
3627,0.698754246885617
3628,0.662553887319756
3629,0.647803425167535
3630,0.807854137447405
3631,0.698754246885617
3632,0.741948001552192
3633,0.807854137447405
3634,0.698754246885617
3635,0.647803425167535
3636,0.698754246885617
3637,0.662553887319756
3638,0.577601410934744
3639,0.698754246885617
3640,0.662553887319756
3641,0.662553887319756
3642,0.577601410934744
3643,0.698754246885617
3644,0.698754246885617
3645,0.622468036201695
3646,0.662553887319756
3647,0.807854137447405
3648,0.807854137447405
3649,0.477272727272727
3650,0.622468036201695
3651,0.698754246885617
3652,0.622468036201695
3653,0.807854137447405
3654,0.741948001552192
3655,0.807854137447405
3656,0.698754246885617
3657,0.698754246885617
3658,0.577601410934744
3659,0.662553887319756
3660,0.807854137447405
3661,0.662553887319756
3662,0.698754246885617
3663,0.662553887319756
3664,0.647803425167535
3665,0.807854137447405
3666,0.698754246885617
3667,0.577601410934744
3668,0.741948001552192
3669,0.741948001552192
3670,0.662553887319756
3671,0.662553887319756
3672,0.622468036201695
3673,0.622468036201695
3674,0.622468036201695
3675,0.807854137447405
3676,0.662553887319756
3677,0.698754246885617
3678,0.698754246885617
3679,0.622468036201695
3680,0.662553887319756
3681,0.662553887319756
3682,0.741948001552192
3683,0.807854137447405
3684,0.662553887319756
3685,0.698754246885617
3686,0.622468036201695
3687,0.622468036201695
3688,0.698754246885617
3689,0.662553887319756
3690,0.807854137447405
3691,0.741948001552192
3692,0.662553887319756
3693,0.662553887319756
3694,0.647803425167535
3695,0.698754246885617
3696,0.698754246885617
3697,0.622468036201695
3698,0.741948001552192
3699,0.741948001552192
3700,0.622468036201695
3701,0.662553887319756
3702,0.807854137447405
3703,0.647803425167535
3704,0.662553887319756
3705,0.741948001552192
3706,0.662553887319756
3707,0.741948001552192
3708,0.741948001552192
3709,0.741948001552192
3710,0.647803425167535
3711,0.807854137447405
3712,0.698754246885617
3713,0.698754246885617
3714,0.807854137447405
3715,0.698754246885617
3716,0.622468036201695
3717,0.662553887319756
3718,0.807854137447405
3719,0.662553887319756
3720,0.807854137447405
3721,0.662553887319756
3722,0.662553887319756
3723,0.662553887319756
3724,0.662553887319756
3725,0.662553887319756
3726,0.741948001552192
3727,0.807854137447405
3728,0.622468036201695
3729,0.622468036201695
3730,0.622468036201695
3731,0.622468036201695
3732,0.662553887319756
3733,0.622468036201695
3734,0.741948001552192
3735,0.741948001552192
3736,0.662553887319756
3737,0.807854137447405
3738,0.622468036201695
3739,0.741948001552192
3740,0.622468036201695
3741,0.647803425167535
3742,0.577601410934744
3743,0.698754246885617
3744,0.807854137447405
3745,0.698754246885617
3746,0.622468036201695
3747,0.577601410934744
3748,0.741948001552192
3749,0.647803425167535
3750,0.622468036201695
3751,0.622468036201695
3752,0.807854137447405
3753,0.647803425167535
3754,0.662553887319756
3755,0.807854137447405
3756,0.662553887319756
3757,0.647803425167535
3758,0.647803425167535
3759,0.698754246885617
3760,0.807854137447405
3761,0.807854137447405
3762,0.662553887319756
3763,0.662553887319756
3764,0.807854137447405
3765,0.807854137447405
3766,0.622468036201695
3767,0.622468036201695
3768,0.698754246885617
3769,0.622468036201695
3770,0.662553887319756
3771,0.622468036201695
3772,0.622468036201695
3773,0.807854137447405
3774,0.807854137447405
3775,0.807854137447405
3776,0.647803425167535
3777,0.741948001552192
3778,0.741948001552192
3779,0.647803425167535
3780,0.662553887319756
3781,0.741948001552192
3782,0.807854137447405
3783,0.698754246885617
3784,0.622468036201695
3785,0.807854137447405
3786,0.807854137447405
3787,0.741948001552192
3788,0.807854137447405
3789,0.662553887319756
3790,0.807854137447405
3791,0.662553887319756
3792,0.698754246885617
3793,0.698754246885617
3794,0.807854137447405
3795,0.698754246885617
3796,0.662553887319756
3797,0.622468036201695
3798,0.698754246885617
3799,0.698754246885617
3800,0.647803425167535
3801,0.662553887319756
3802,0.622468036201695
3803,0.662553887319756
3804,0.807854137447405
3805,0.662553887319756
3806,0.807854137447405
3807,0.622468036201695
3808,0.698754246885617
3809,0.741948001552192
3810,0.807854137447405
3811,0.647803425167535
3812,0.647803425167535
3813,0.807854137447405
3814,0.807854137447405
3815,0.698754246885617
3816,0.741948001552192
3817,0.622468036201695
3818,0.622468036201695
3819,0.647803425167535
3820,0.807854137447405
3821,0.698754246885617
3822,0.662553887319756
3823,0.622468036201695
3824,0.807854137447405
3825,0.662553887319756
3826,0.622468036201695
3827,0.807854137447405
3828,0.622468036201695
3829,0.807854137447405
3830,0.741948001552192
3831,0.807854137447405
3832,0.647803425167535
3833,0.807854137447405
3834,0.807854137447405
3835,0.741948001552192
3836,0.698754246885617
3837,0.647803425167535
3838,0.698754246885617
3839,0.577601410934744
3840,0.807854137447405
3841,0.807854137447405
3842,0.807854137447405
3843,0.622468036201695
3844,0.622468036201695
3845,0.662553887319756
3846,0.647803425167535
3847,0.807854137447405
3848,0.622468036201695
3849,0.622468036201695
3850,0.622468036201695
3851,0.622468036201695
3852,0.647803425167535
3853,0.622468036201695
3854,0.741948001552192
3855,0.807854137447405
3856,0.698754246885617
3857,0.577601410934744
3858,0.622468036201695
3859,0.807854137447405
3860,0.622468036201695
3861,0.647803425167535
3862,0.622468036201695
3863,0.698754246885617
3864,0.662553887319756
3865,0.662553887319756
3866,0.807854137447405
3867,0.698754246885617
3868,0.807854137447405
3869,0.698754246885617
3870,0.807854137447405
3871,0.807854137447405
3872,0.698754246885617
3873,0.622468036201695
3874,0.662553887319756
3875,0.662553887319756
3876,0.662553887319756
3877,0.622468036201695
3878,0.647803425167535
3879,0.622468036201695
3880,0.647803425167535
3881,0.662553887319756
3882,0.807854137447405
3883,0.662553887319756
3884,0.807854137447405
3885,0.807854137447405
3886,0.698754246885617
3887,0.662553887319756
3888,0.662553887319756
3889,0.698754246885617
3890,0.622468036201695
3891,0.622468036201695
3892,0.662553887319756
3893,0.741948001552192
3894,0.622468036201695
3895,0.698754246885617
3896,0.662553887319756
3897,0.622468036201695
3898,0.662553887319756
3899,0.622468036201695
3900,0.698754246885617
3901,0.807854137447405
3902,0.622468036201695
3903,0.662553887319756
3904,0.698754246885617
3905,0.807854137447405
3906,0.662553887319756
3907,0.622468036201695
3908,0.741948001552192
3909,0.662553887319756
3910,0.622468036201695
3911,0.698754246885617
3912,0.662553887319756
3913,0.698754246885617
3914,0.622468036201695
3915,0.622468036201695
3916,0.741948001552192
3917,0.622468036201695
3918,0.698754246885617
3919,0.662553887319756
3920,0.662553887319756
3921,0.698754246885617
3922,0.807854137447405
3923,0.622468036201695
3924,0.741948001552192
3925,0.807854137447405
3926,0.741948001552192
3927,0.622468036201695
3928,0.741948001552192
3929,0.698754246885617
3930,0.622468036201695
3931,0.662553887319756
3932,0.622468036201695
3933,0.622468036201695
3934,0.698754246885617
3935,0.662553887319756
3936,0.577601410934744
3937,0.662553887319756
3938,0.807854137447405
3939,0.622468036201695
3940,0.662553887319756
3941,0.807854137447405
3942,0.577601410934744
3943,0.622468036201695
3944,0.807854137447405
3945,0.662553887319756
3946,0.662553887319756
3947,0.807854137447405
3948,0.807854137447405
3949,0.807854137447405
3950,0.662553887319756
3951,0.662553887319756
3952,0.807854137447405
3953,0.622468036201695
3954,0.622468036201695
3955,0.807854137447405
3956,0.741948001552192
3957,0.698754246885617
3958,0.662553887319756
3959,0.698754246885617
3960,0.807854137447405
3961,0.807854137447405
3962,0.741948001552192
3963,0.741948001552192
3964,0.698754246885617
3965,0.662553887319756
3966,0.807854137447405
3967,0.647803425167535
3968,0.662553887319756
3969,0.622468036201695
3970,0.698754246885617
3971,0.662553887319756
3972,0.807854137447405
3973,0.622468036201695
3974,0.807854137447405
3975,0.622468036201695
3976,0.807854137447405
3977,0.807854137447405
3978,0.698754246885617
3979,0.741948001552192
3980,0.741948001552192
3981,0.698754246885617
3982,0.698754246885617
3983,0.807854137447405
3984,0.807854137447405
3985,0.622468036201695
3986,0.698754246885617
3987,0.741948001552192
3988,0.807854137447405
3989,0.662553887319756
3990,0.622468036201695
3991,0.807854137447405
3992,0.622468036201695
3993,0.698754246885617
3994,0.662553887319756
3995,0.807854137447405
3996,0.622468036201695
3997,0.622468036201695
3998,0.577601410934744
3999,0.662553887319756
4000,0.647803425167535
4001,0.807854137447405
4002,0.807854137447405
4003,0.662553887319756
4004,0.647803425167535
4005,0.741948001552192
4006,0.662553887319756
4007,0.698754246885617
4008,0.577601410934744
4009,0.662553887319756
4010,0.807854137447405
4011,0.622468036201695
4012,0.698754246885617
4013,0.622468036201695
4014,0.647803425167535
4015,0.622468036201695
4016,0.807854137447405
4017,0.622468036201695
4018,0.807854137447405
4019,0.622468036201695
4020,0.807854137447405
4021,0.698754246885617
4022,0.662553887319756
4023,0.807854137447405
4024,0.577601410934744
4025,0.622468036201695
4026,0.741948001552192
4027,0.698754246885617
4028,0.807854137447405
4029,0.577601410934744
4030,0.698754246885617
4031,0.662553887319756
4032,0.622468036201695
4033,0.698754246885617
4034,0.662553887319756
4035,0.662553887319756
4036,0.622468036201695
4037,0.622468036201695
4038,0.807854137447405
4039,0.698754246885617
4040,0.662553887319756
4041,0.622468036201695
4042,0.662553887319756
4043,0.662553887319756
4044,0.662553887319756
4045,0.807854137447405
4046,0.698754246885617
4047,0.741948001552192
4048,0.662553887319756
4049,0.622468036201695
4050,0.698754246885617
4051,0.622468036201695
4052,0.807854137447405
4053,0.698754246885617
4054,0.577601410934744
4055,0.647803425167535
4056,0.647803425167535
4057,0.698754246885617
4058,0.662553887319756
4059,0.807854137447405
4060,0.662553887319756
4061,0.662553887319756
4062,0.807854137447405
4063,0.807854137447405
4064,0.622468036201695
4065,0.662553887319756
4066,0.577601410934744
4067,0.622468036201695
4068,0.622468036201695
4069,0.807854137447405
4070,0.662553887319756
4071,0.698754246885617
4072,0.698754246885617
4073,0.577601410934744
4074,0.662553887319756
4075,0.698754246885617
4076,0.662553887319756
4077,0.622468036201695
4078,0.807854137447405
4079,0.662553887319756
4080,0.622468036201695
4081,0.807854137447405
4082,0.807854137447405
4083,0.622468036201695
4084,0.807854137447405
4085,0.807854137447405
4086,0.698754246885617
4087,0.741948001552192
4088,0.477272727272727
4089,0.662553887319756
4090,0.647803425167535
4091,0.622468036201695
4092,0.622468036201695
4093,0.622468036201695
4094,0.807854137447405
4095,0.741948001552192
4096,0.807854137447405
4097,0.698754246885617
4098,0.698754246885617
4099,0.647803425167535
4100,0.662553887319756
4101,0.647803425167535
4102,0.647803425167535
4103,0.622468036201695
4104,0.741948001552192
4105,0.622468036201695
4106,0.698754246885617
4107,0.622468036201695
4108,0.807854137447405
4109,0.807854137447405
4110,0.698754246885617
4111,0.662553887319756
4112,0.622468036201695
4113,0.807854137447405
4114,0.662553887319756
4115,0.698754246885617
4116,0.662553887319756
4117,0.622468036201695
4118,0.622468036201695
4119,0.622468036201695
4120,0.807854137447405
4121,0.741948001552192
4122,0.662553887319756
4123,0.807854137447405
4124,0.807854137447405
4125,0.662553887319756
4126,0.622468036201695
4127,0.622468036201695
4128,0.647803425167535
4129,0.662553887319756
4130,0.622468036201695
4131,0.698754246885617
4132,0.741948001552192
4133,0.662553887319756
4134,0.807854137447405
4135,0.807854137447405
4136,0.698754246885617
4137,0.807854137447405
4138,0.662553887319756
4139,0.807854137447405
4140,0.647803425167535
4141,0.807854137447405
4142,0.662553887319756
4143,0.807854137447405
4144,0.622468036201695
4145,0.477272727272727
4146,0.647803425167535
4147,0.622468036201695
4148,0.807854137447405
4149,0.741948001552192
4150,0.647803425167535
4151,0.622468036201695
4152,0.577601410934744
4153,0.807854137447405
4154,0.577601410934744
4155,0.741948001552192
4156,0.741948001552192
4157,0.741948001552192
4158,0.698754246885617
4159,0.622468036201695
4160,0.622468036201695
4161,0.577601410934744
4162,0.662553887319756
4163,0.662553887319756
4164,0.807854137447405
4165,0.698754246885617
4166,0.698754246885617
4167,0.698754246885617
4168,0.741948001552192
4169,0.662553887319756
4170,0.807854137447405
4171,0.807854137447405
4172,0.662553887319756
4173,0.698754246885617
4174,0.662553887319756
4175,0.807854137447405
4176,0.807854137447405
4177,0.622468036201695
4178,0.577601410934744
4179,0.741948001552192
4180,0.741948001552192
4181,0.807854137447405
4182,0.647803425167535
4183,0.662553887319756
4184,0.698754246885617
4185,0.622468036201695
4186,0.622468036201695
4187,0.807854137447405
4188,0.622468036201695
4189,0.698754246885617
4190,0.807854137447405
4191,0.662553887319756
4192,0.622468036201695
4193,0.622468036201695
4194,0.698754246885617
4195,0.662553887319756
4196,0.662553887319756
4197,0.647803425167535
4198,0.698754246885617
4199,0.622468036201695
4200,0.622468036201695
4201,0.698754246885617
4202,0.662553887319756
4203,0.622468036201695
4204,0.698754246885617
4205,0.662553887319756
4206,0.647803425167535
4207,0.662553887319756
4208,0.698754246885617
4209,0.662553887319756
4210,0.622468036201695
4211,0.662553887319756
4212,0.698754246885617
4213,0.622468036201695
4214,0.741948001552192
4215,0.662553887319756
4216,0.662553887319756
4217,0.622468036201695
4218,0.662553887319756
4219,0.647803425167535
4220,0.807854137447405
4221,0.662553887319756
4222,0.698754246885617
4223,0.577601410934744
4224,0.807854137447405
4225,0.741948001552192
4226,0.622468036201695
4227,0.807854137447405
4228,0.741948001552192
4229,0.807854137447405
4230,0.647803425167535
4231,0.698754246885617
4232,0.741948001552192
4233,0.807854137447405
4234,0.807854137447405
4235,0.807854137447405
4236,0.807854137447405
4237,0.807854137447405
4238,0.807854137447405
4239,0.662553887319756
4240,0.662553887319756
4241,0.741948001552192
4242,0.807854137447405
4243,0.698754246885617
4244,0.807854137447405
4245,0.698754246885617
4246,0.741948001552192
4247,0.662553887319756
4248,0.807854137447405
4249,0.807854137447405
4250,0.662553887319756
4251,0.622468036201695
4252,0.698754246885617
4253,0.622468036201695
4254,0.698754246885617
4255,0.698754246885617
4256,0.807854137447405
4257,0.741948001552192
4258,0.741948001552192
4259,0.477272727272727
4260,0.622468036201695
4261,0.647803425167535
4262,0.662553887319756
4263,0.698754246885617
4264,0.622468036201695
4265,0.577601410934744
4266,0.622468036201695
4267,0.622468036201695
4268,0.698754246885617
4269,0.698754246885617
4270,0.807854137447405
4271,0.698754246885617
4272,0.698754246885617
4273,0.662553887319756
4274,0.807854137447405
4275,0.662553887319756
4276,0.807854137447405
4277,0.807854137447405
4278,0.662553887319756
4279,0.807854137447405
4280,0.662553887319756
4281,0.741948001552192
4282,0.807854137447405
4283,0.662553887319756
4284,0.622468036201695
4285,0.807854137447405
4286,0.741948001552192
4287,0.807854137447405
4288,0.647803425167535
4289,0.807854137447405
4290,0.741948001552192
4291,0.662553887319756
4292,0.662553887319756
4293,0.622468036201695
4294,0.577601410934744
4295,0.662553887319756
4296,0.662553887319756
4297,0.647803425167535
4298,0.622468036201695
4299,0.662553887319756
4300,0.662553887319756
4301,0.741948001552192
4302,0.662553887319756
4303,0.662553887319756
4304,0.698754246885617
4305,0.698754246885617
4306,0.622468036201695
4307,0.807854137447405
4308,0.807854137447405
4309,0.647803425167535
4310,0.807854137447405
4311,0.647803425167535
4312,0.622468036201695
4313,0.662553887319756
4314,0.662553887319756
4315,0.647803425167535
4316,0.622468036201695
4317,0.807854137447405
4318,0.807854137447405
4319,0.662553887319756
4320,0.698754246885617
4321,0.577601410934744
4322,0.662553887319756
4323,0.741948001552192
4324,0.662553887319756
4325,0.807854137447405
4326,0.698754246885617
4327,0.807854137447405
4328,0.662553887319756
4329,0.577601410934744
4330,0.698754246885617
4331,0.662553887319756
4332,0.647803425167535
4333,0.807854137447405
4334,0.662553887319756
4335,0.698754246885617
4336,0.698754246885617
4337,0.807854137447405
4338,0.741948001552192
4339,0.662553887319756
4340,0.698754246885617
4341,0.647803425167535
4342,0.741948001552192
4343,0.622468036201695
4344,0.807854137447405
4345,0.698754246885617
4346,0.662553887319756
4347,0.807854137447405
4348,0.577601410934744
4349,0.622468036201695
4350,0.622468036201695
4351,0.622468036201695
4352,0.698754246885617
4353,0.807854137447405
4354,0.662553887319756
4355,0.807854137447405
4356,0.622468036201695
4357,0.807854137447405
4358,0.622468036201695
4359,0.647803425167535
4360,0.577601410934744
4361,0.741948001552192
4362,0.622468036201695
4363,0.698754246885617
4364,0.741948001552192
4365,0.622468036201695
4366,0.741948001552192
4367,0.662553887319756
4368,0.741948001552192
4369,0.698754246885617
4370,0.647803425167535
4371,0.647803425167535
4372,0.622468036201695
4373,0.807854137447405
4374,0.662553887319756
4375,0.662553887319756
4376,0.662553887319756
4377,0.698754246885617
4378,0.622468036201695
4379,0.807854137447405
4380,0.622468036201695
4381,0.662553887319756
4382,0.662553887319756
4383,0.741948001552192
4384,0.698754246885617
4385,0.698754246885617
4386,0.622468036201695
4387,0.662553887319756
4388,0.647803425167535
4389,0.622468036201695
4390,0.622468036201695
4391,0.698754246885617
4392,0.807854137447405
4393,0.807854137447405
4394,0.698754246885617
4395,0.807854137447405
4396,0.622468036201695
4397,0.622468036201695
4398,0.662553887319756
4399,0.622468036201695
4400,0.662553887319756
4401,0.698754246885617
4402,0.622468036201695
4403,0.622468036201695
4404,0.807854137447405
4405,0.647803425167535
4406,0.662553887319756
4407,0.662553887319756
4408,0.647803425167535
4409,0.698754246885617
4410,0.622468036201695
4411,0.741948001552192
4412,0.662553887319756
4413,0.698754246885617
4414,0.807854137447405
4415,0.698754246885617
4416,0.647803425167535
4417,0.807854137447405
4418,0.622468036201695
4419,0.647803425167535
4420,0.741948001552192
4421,0.698754246885617
4422,0.698754246885617
4423,0.698754246885617
4424,0.622468036201695
4425,0.662553887319756
4426,0.622468036201695
4427,0.807854137447405
4428,0.647803425167535
4429,0.698754246885617
4430,0.698754246885617
4431,0.807854137447405
4432,0.622468036201695
4433,0.647803425167535
4434,0.698754246885617
4435,0.622468036201695
4436,0.698754246885617
4437,0.622468036201695
4438,0.647803425167535
4439,0.622468036201695
4440,0.622468036201695
4441,0.647803425167535
4442,0.647803425167535
4443,0.622468036201695
4444,0.698754246885617
4445,0.807854137447405
4446,0.807854137447405
4447,0.662553887319756
4448,0.741948001552192
4449,0.698754246885617
4450,0.662553887319756
4451,0.662553887319756
4452,0.662553887319756
4453,0.741948001552192
4454,0.807854137447405
4455,0.807854137447405
4456,0.622468036201695
4457,0.807854137447405
4458,0.807854137447405
4459,0.647803425167535
4460,0.622468036201695
4461,0.622468036201695
4462,0.662553887319756
4463,0.622468036201695
4464,0.741948001552192
4465,0.807854137447405
4466,0.698754246885617
4467,0.622468036201695
4468,0.807854137447405
4469,0.698754246885617
4470,0.807854137447405
4471,0.622468036201695
4472,0.741948001552192
4473,0.622468036201695
4474,0.647803425167535
4475,0.662553887319756
4476,0.662553887319756
4477,0.662553887319756
4478,0.741948001552192
4479,0.698754246885617
4480,0.577601410934744
4481,0.577601410934744
4482,0.698754246885617
4483,0.647803425167535
4484,0.807854137447405
4485,0.698754246885617
4486,0.647803425167535
4487,0.698754246885617
4488,0.698754246885617
4489,0.662553887319756
4490,0.622468036201695
4491,0.741948001552192
4492,0.662553887319756
4493,0.622468036201695
4494,0.698754246885617
4495,0.662553887319756
4496,0.807854137447405
4497,0.622468036201695
4498,0.662553887319756
4499,0.662553887319756
4500,0.647803425167535
4501,0.662553887319756
4502,0.807854137447405
4503,0.741948001552192
4504,0.647803425167535
4505,0.622468036201695
4506,0.622468036201695
4507,0.647803425167535
4508,0.807854137447405
4509,0.622468036201695
4510,0.662553887319756
4511,0.622468036201695
4512,0.807854137447405
4513,0.698754246885617
4514,0.622468036201695
4515,0.698754246885617
4516,0.622468036201695
4517,0.662553887319756
4518,0.807854137447405
4519,0.807854137447405
4520,0.622468036201695
4521,0.662553887319756
4522,0.698754246885617
4523,0.807854137447405
4524,0.698754246885617
4525,0.662553887319756
4526,0.577601410934744
4527,0.577601410934744
4528,0.698754246885617
4529,0.647803425167535
4530,0.662553887319756
4531,0.807854137447405
4532,0.662553887319756
4533,0.807854137447405
4534,0.662553887319756
4535,0.807854137447405
4536,0.662553887319756
4537,0.807854137447405
4538,0.698754246885617
4539,0.577601410934744
4540,0.622468036201695
4541,0.622468036201695
4542,0.647803425167535
4543,0.807854137447405
4544,0.698754246885617
4545,0.577601410934744
4546,0.698754246885617
4547,0.807854137447405
4548,0.807854137447405
4549,0.807854137447405
4550,0.698754246885617
4551,0.662553887319756
4552,0.622468036201695
4553,0.807854137447405
4554,0.647803425167535
4555,0.622468036201695
4556,0.477272727272727
4557,0.647803425167535
4558,0.662553887319756
4559,0.698754246885617
4560,0.647803425167535
4561,0.662553887319756
4562,0.807854137447405
4563,0.622468036201695
4564,0.698754246885617
4565,0.807854137447405
4566,0.577601410934744
4567,0.662553887319756
4568,0.698754246885617
4569,0.698754246885617
4570,0.622468036201695
4571,0.662553887319756
4572,0.647803425167535
4573,0.647803425167535
4574,0.662553887319756
4575,0.741948001552192
4576,0.662553887319756
4577,0.807854137447405
4578,0.662553887319756
4579,0.662553887319756
4580,0.698754246885617
4581,0.698754246885617
4582,0.662553887319756
4583,0.662553887319756
4584,0.647803425167535
4585,0.807854137447405
4586,0.662553887319756
4587,0.622468036201695
4588,0.577601410934744
4589,0.662553887319756
4590,0.741948001552192
4591,0.647803425167535
4592,0.622468036201695
4593,0.807854137447405
4594,0.662553887319756
4595,0.647803425167535
4596,0.662553887319756
4597,0.662553887319756
4598,0.662553887319756
4599,0.698754246885617
4600,0.662553887319756
4601,0.807854137447405
4602,0.622468036201695
4603,0.622468036201695
4604,0.807854137447405
4605,0.807854137447405
4606,0.807854137447405
4607,0.662553887319756
4608,0.807854137447405
4609,0.662553887319756
4610,0.807854137447405
4611,0.698754246885617
4612,0.698754246885617
4613,0.807854137447405
4614,0.807854137447405
4615,0.622468036201695
4616,0.807854137447405
4617,0.622468036201695
4618,0.807854137447405
4619,0.807854137447405
4620,0.622468036201695
4621,0.622468036201695
4622,0.622468036201695
4623,0.622468036201695
4624,0.698754246885617
4625,0.807854137447405
4626,0.807854137447405
4627,0.807854137447405
4628,0.647803425167535
4629,0.807854137447405
4630,0.698754246885617
4631,0.577601410934744
4632,0.662553887319756
4633,0.698754246885617
4634,0.647803425167535
4635,0.647803425167535
4636,0.698754246885617
4637,0.622468036201695
4638,0.647803425167535
4639,0.662553887319756
4640,0.662553887319756
4641,0.698754246885617
4642,0.662553887319756
4643,0.807854137447405
4644,0.698754246885617
4645,0.622468036201695
4646,0.698754246885617
4647,0.577601410934744
4648,0.807854137447405
4649,0.622468036201695
4650,0.741948001552192
4651,0.662553887319756
4652,0.647803425167535
4653,0.698754246885617
4654,0.662553887319756
4655,0.741948001552192
4656,0.807854137447405
4657,0.622468036201695
4658,0.647803425167535
4659,0.698754246885617
4660,0.698754246885617
4661,0.622468036201695
4662,0.698754246885617
4663,0.662553887319756
4664,0.698754246885617
4665,0.622468036201695
4666,0.807854137447405
4667,0.807854137447405
4668,0.807854137447405
4669,0.807854137447405
4670,0.698754246885617
4671,0.622468036201695
4672,0.622468036201695
4673,0.662553887319756
4674,0.807854137447405
4675,0.662553887319756
4676,0.662553887319756
4677,0.647803425167535
4678,0.622468036201695
4679,0.647803425167535
4680,0.662553887319756
4681,0.807854137447405
4682,0.698754246885617
4683,0.622468036201695
4684,0.698754246885617
4685,0.807854137447405
4686,0.698754246885617
4687,0.807854137447405
4688,0.662553887319756
4689,0.807854137447405
4690,0.741948001552192
4691,0.741948001552192
4692,0.662553887319756
4693,0.647803425167535
4694,0.698754246885617
4695,0.622468036201695
4696,0.698754246885617
4697,0.662553887319756
4698,0.662553887319756
4699,0.741948001552192
4700,0.647803425167535
4701,0.662553887319756
4702,0.741948001552192
4703,0.647803425167535
4704,0.698754246885617
4705,0.741948001552192
4706,0.622468036201695
4707,0.698754246885617
4708,0.647803425167535
4709,0.662553887319756
4710,0.647803425167535
4711,0.698754246885617
4712,0.391304347826087
4713,0.741948001552192
4714,0.577601410934744
4715,0.622468036201695
4716,0.698754246885617
4717,0.807854137447405
4718,0.807854137447405
4719,0.662553887319756
4720,0.622468036201695
4721,0.622468036201695
4722,0.622468036201695
4723,0.698754246885617
4724,0.662553887319756
4725,0.807854137447405
4726,0.698754246885617
4727,0.622468036201695
4728,0.577601410934744
4729,0.622468036201695
4730,0.662553887319756
4731,0.807854137447405
4732,0.807854137447405
4733,0.622468036201695
4734,0.577601410934744
4735,0.807854137447405
4736,0.622468036201695
4737,0.807854137447405
4738,0.622468036201695
4739,0.698754246885617
4740,0.698754246885617
4741,0.662553887319756
4742,0.698754246885617
4743,0.698754246885617
4744,0.698754246885617
4745,0.698754246885617
4746,0.807854137447405
4747,0.698754246885617
4748,0.622468036201695
4749,0.698754246885617
4750,0.622468036201695
4751,0.698754246885617
4752,0.698754246885617
4753,0.662553887319756
4754,0.741948001552192
4755,0.807854137447405
4756,0.622468036201695
4757,0.622468036201695
4758,0.698754246885617
4759,0.662553887319756
4760,0.647803425167535
4761,0.662553887319756
4762,0.662553887319756
4763,0.741948001552192
4764,0.807854137447405
4765,0.807854137447405
4766,0.662553887319756
4767,0.662553887319756
4768,0.807854137447405
4769,0.662553887319756
4770,0.807854137447405
4771,0.662553887319756
4772,0.807854137447405
4773,0.662553887319756
4774,0.807854137447405
4775,0.622468036201695
4776,0.698754246885617
4777,0.622468036201695
4778,0.622468036201695
4779,0.577601410934744
4780,0.698754246885617
4781,0.698754246885617
4782,0.662553887319756
4783,0.662553887319756
4784,0.622468036201695
4785,0.741948001552192
4786,0.662553887319756
4787,0.807854137447405
4788,0.698754246885617
4789,0.807854137447405
4790,0.662553887319756
4791,0.807854137447405
4792,0.662553887319756
4793,0.662553887319756
4794,0.647803425167535
4795,0.741948001552192
4796,0.662553887319756
4797,0.698754246885617
4798,0.807854137447405
4799,0.698754246885617
4800,0.577601410934744
4801,0.807854137447405
4802,0.698754246885617
4803,0.807854137447405
4804,0.698754246885617
4805,0.622468036201695
4806,0.807854137447405
4807,0.698754246885617
4808,0.662553887319756
4809,0.741948001552192
4810,0.622468036201695
4811,0.647803425167535
4812,0.622468036201695
4813,0.698754246885617
4814,0.807854137447405
4815,0.807854137447405
4816,0.662553887319756
4817,0.698754246885617
4818,0.698754246885617
4819,0.698754246885617
4820,0.741948001552192
4821,0.662553887319756
4822,0.662553887319756
4823,0.741948001552192
4824,0.741948001552192
4825,0.698754246885617
4826,0.698754246885617
4827,0.741948001552192
4828,0.807854137447405
4829,0.698754246885617
4830,0.807854137447405
4831,0.698754246885617
4832,0.662553887319756
4833,0.741948001552192
4834,0.807854137447405
4835,0.807854137447405
4836,0.622468036201695
4837,0.698754246885617
4838,0.662553887319756
4839,0.807854137447405
4840,0.662553887319756
4841,0.698754246885617
4842,0.647803425167535
4843,0.807854137447405
4844,0.662553887319756
4845,0.622468036201695
4846,0.622468036201695
4847,0.807854137447405
4848,0.662553887319756
4849,0.577601410934744
4850,0.647803425167535
4851,0.807854137447405
4852,0.741948001552192
4853,0.741948001552192
4854,0.662553887319756
4855,0.698754246885617
4856,0.622468036201695
4857,0.698754246885617
4858,0.622468036201695
4859,0.662553887319756
4860,0.807854137447405
4861,0.647803425167535
4862,0.662553887319756
4863,0.622468036201695
4864,0.622468036201695
4865,0.698754246885617
4866,0.662553887319756
4867,0.807854137447405
4868,0.662553887319756
4869,0.698754246885617
4870,0.807854137447405
4871,0.662553887319756
4872,0.662553887319756
4873,0.622468036201695
4874,0.698754246885617
4875,0.622468036201695
4876,0.698754246885617
4877,0.647803425167535
4878,0.622468036201695
4879,0.622468036201695
4880,0.662553887319756
4881,0.698754246885617
4882,0.647803425167535
4883,0.662553887319756
4884,0.662553887319756
4885,0.662553887319756
4886,0.807854137447405
4887,0.807854137447405
4888,0.807854137447405
4889,0.622468036201695
4890,0.807854137447405
4891,0.577601410934744
4892,0.807854137447405
4893,0.662553887319756
4894,0.662553887319756
4895,0.662553887319756
4896,0.698754246885617
4897,0.647803425167535
4898,0.741948001552192
4899,0.622468036201695
4900,0.807854137447405
4901,0.622468036201695
4902,0.698754246885617
4903,0.807854137447405
4904,0.807854137447405
4905,0.622468036201695
4906,0.698754246885617
4907,0.622468036201695
4908,0.662553887319756
4909,0.698754246885617
4910,0.577601410934744
4911,0.807854137447405
4912,0.662553887319756
4913,0.662553887319756
4914,0.807854137447405
4915,0.647803425167535
4916,0.622468036201695
4917,0.662553887319756
4918,0.622468036201695
4919,0.698754246885617
4920,0.807854137447405
4921,0.622468036201695
4922,0.698754246885617
4923,0.741948001552192
4924,0.622468036201695
4925,0.807854137447405
4926,0.807854137447405
4927,0.662553887319756
4928,0.807854137447405
4929,0.698754246885617
4930,0.622468036201695
4931,0.647803425167535
4932,0.622468036201695
4933,0.662553887319756
4934,0.622468036201695
4935,0.698754246885617
4936,0.698754246885617
4937,0.698754246885617
4938,0.698754246885617
4939,0.647803425167535
4940,0.741948001552192
4941,0.622468036201695
4942,0.807854137447405
4943,0.807854137447405
4944,0.622468036201695
4945,0.662553887319756
4946,0.622468036201695
4947,0.807854137447405
4948,0.622468036201695
4949,0.807854137447405
4950,0.622468036201695
4951,0.741948001552192
4952,0.807854137447405
4953,0.741948001552192
4954,0.807854137447405
4955,0.662553887319756
4956,0.698754246885617
4957,0.647803425167535
4958,0.807854137447405
4959,0.662553887319756
4960,0.662553887319756
4961,0.662553887319756
4962,0.622468036201695
4963,0.698754246885617
4964,0.807854137447405
4965,0.662553887319756
4966,0.622468036201695
4967,0.698754246885617
4968,0.647803425167535
4969,0.622468036201695
4970,0.698754246885617
4971,0.698754246885617
4972,0.622468036201695
4973,0.622468036201695
4974,0.647803425167535
4975,0.698754246885617
4976,0.622468036201695
4977,0.647803425167535
4978,0.807854137447405
4979,0.698754246885617
4980,0.698754246885617
4981,0.698754246885617
4982,0.698754246885617
4983,0.622468036201695
4984,0.741948001552192
4985,0.622468036201695
4986,0.622468036201695
4987,0.741948001552192
4988,0.622468036201695
4989,0.698754246885617
4990,0.622468036201695
4991,0.662553887319756
4992,0.807854137447405
4993,0.807854137447405
4994,0.698754246885617
4995,0.698754246885617
4996,0.807854137447405
4997,0.741948001552192
4998,0.698754246885617
4999,0.662553887319756
5000,0.807854137447405
5001,0.662553887319756
5002,0.622468036201695
5003,0.662553887319756
5004,0.647803425167535
5005,0.577601410934744
5006,0.647803425167535
5007,0.662553887319756
5008,0.807854137447405
5009,0.662553887319756
5010,0.622468036201695
5011,0.698754246885617
5012,0.662553887319756
5013,0.741948001552192
5014,0.647803425167535
5015,0.698754246885617
5016,0.698754246885617
5017,0.577601410934744
5018,0.741948001552192
5019,0.622468036201695
5020,0.647803425167535
5021,0.807854137447405
5022,0.662553887319756
5023,0.662553887319756
5024,0.622468036201695
5025,0.577601410934744
5026,0.662553887319756
5027,0.807854137447405
5028,0.741948001552192
5029,0.698754246885617
5030,0.662553887319756
5031,0.662553887319756
5032,0.622468036201695
5033,0.807854137447405
5034,0.662553887319756
5035,0.662553887319756
5036,0.647803425167535
5037,0.807854137447405
5038,0.662553887319756
5039,0.741948001552192
5040,0.807854137447405
5041,0.577601410934744
5042,0.647803425167535
5043,0.698754246885617
5044,0.698754246885617
5045,0.698754246885617
5046,0.647803425167535
5047,0.622468036201695
5048,0.662553887319756
5049,0.622468036201695
5050,0.807854137447405
5051,0.662553887319756
5052,0.391304347826087
5053,0.741948001552192
5054,0.622468036201695
5055,0.807854137447405
5056,0.741948001552192
5057,0.662553887319756
5058,0.662553887319756
5059,0.807854137447405
5060,0.647803425167535
5061,0.662553887319756
5062,0.662553887319756
5063,0.662553887319756
5064,0.647803425167535
5065,0.622468036201695
5066,0.662553887319756
5067,0.698754246885617
5068,0.698754246885617
5069,0.622468036201695
5070,0.577601410934744
5071,0.807854137447405
5072,0.622468036201695
5073,0.807854137447405
5074,0.741948001552192
5075,0.622468036201695
5076,0.622468036201695
5077,0.741948001552192
5078,0.662553887319756
5079,0.622468036201695
5080,0.622468036201695
5081,0.622468036201695
5082,0.698754246885617
5083,0.741948001552192
5084,0.807854137447405
5085,0.807854137447405
5086,0.622468036201695
5087,0.698754246885617
5088,0.698754246885617
5089,0.662553887319756
5090,0.647803425167535
5091,0.662553887319756
5092,0.807854137447405
5093,0.662553887319756
5094,0.662553887319756
5095,0.741948001552192
5096,0.807854137447405
5097,0.622468036201695
5098,0.622468036201695
5099,0.662553887319756
5100,0.698754246885617
5101,0.741948001552192
5102,0.807854137447405
5103,0.647803425167535
5104,0.807854137447405
5105,0.698754246885617
5106,0.698754246885617
5107,0.807854137447405
5108,0.622468036201695
5109,0.622468036201695
5110,0.807854137447405
5111,0.741948001552192
5112,0.807854137447405
5113,0.698754246885617
5114,0.741948001552192
5115,0.741948001552192
5116,0.622468036201695
5117,0.622468036201695
5118,0.807854137447405
5119,0.577601410934744
5120,0.698754246885617
5121,0.622468036201695
5122,0.662553887319756
5123,0.622468036201695
5124,0.698754246885617
5125,0.807854137447405
5126,0.622468036201695
5127,0.622468036201695
5128,0.622468036201695
5129,0.662553887319756
5130,0.662553887319756
5131,0.622468036201695
5132,0.647803425167535
5133,0.807854137447405
5134,0.741948001552192
5135,0.662553887319756
5136,0.741948001552192
5137,0.741948001552192
5138,0.698754246885617
5139,0.622468036201695
5140,0.741948001552192
5141,0.741948001552192
5142,0.698754246885617
5143,0.741948001552192
5144,0.807854137447405
5145,0.698754246885617
5146,0.698754246885617
5147,0.662553887319756
5148,0.647803425167535
5149,0.698754246885617
5150,0.622468036201695
5151,0.698754246885617
5152,0.741948001552192
5153,0.698754246885617
5154,0.577601410934744
5155,0.698754246885617
5156,0.622468036201695
5157,0.662553887319756
5158,0.647803425167535
5159,0.647803425167535
5160,0.698754246885617
5161,0.622468036201695
5162,0.807854137447405
5163,0.662553887319756
5164,0.662553887319756
5165,0.698754246885617
5166,0.807854137447405
5167,0.807854137447405
5168,0.807854137447405
5169,0.807854137447405
5170,0.622468036201695
5171,0.807854137447405
5172,0.662553887319756
5173,0.698754246885617
5174,0.807854137447405
5175,0.622468036201695
5176,0.807854137447405
5177,0.741948001552192
5178,0.807854137447405
5179,0.698754246885617
5180,0.647803425167535
5181,0.698754246885617
5182,0.807854137447405
5183,0.647803425167535
5184,0.577601410934744
5185,0.662553887319756
5186,0.622468036201695
5187,0.622468036201695
5188,0.662553887319756
5189,0.662553887319756
5190,0.577601410934744
5191,0.662553887319756
5192,0.622468036201695
5193,0.807854137447405
5194,0.647803425167535
5195,0.807854137447405
5196,0.807854137447405
5197,0.807854137447405
5198,0.698754246885617
5199,0.662553887319756
5200,0.622468036201695
5201,0.622468036201695
5202,0.698754246885617
5203,0.741948001552192
5204,0.698754246885617
5205,0.807854137447405
5206,0.622468036201695
5207,0.622468036201695
5208,0.698754246885617
5209,0.662553887319756
5210,0.741948001552192
5211,0.807854137447405
5212,0.698754246885617
5213,0.622468036201695
5214,0.622468036201695
5215,0.662553887319756
5216,0.741948001552192
5217,0.807854137447405
5218,0.622468036201695
5219,0.698754246885617
5220,0.662553887319756
5221,0.622468036201695
5222,0.698754246885617
5223,0.622468036201695
5224,0.622468036201695
5225,0.662553887319756
5226,0.698754246885617
5227,0.807854137447405
5228,0.647803425167535
5229,0.698754246885617
5230,0.807854137447405
5231,0.807854137447405
5232,0.807854137447405
5233,0.622468036201695
5234,0.622468036201695
5235,0.807854137447405
5236,0.807854137447405
5237,0.807854137447405
5238,0.807854137447405
5239,0.622468036201695
5240,0.698754246885617
5241,0.622468036201695
5242,0.807854137447405
5243,0.647803425167535
5244,0.698754246885617
5245,0.622468036201695
5246,0.622468036201695
5247,0.807854137447405
5248,0.622468036201695
5249,0.622468036201695
5250,0.622468036201695
5251,0.622468036201695
5252,0.647803425167535
5253,0.741948001552192
5254,0.807854137447405
5255,0.662553887319756
5256,0.698754246885617
5257,0.698754246885617
5258,0.807854137447405
5259,0.807854137447405
5260,0.698754246885617
5261,0.807854137447405
5262,0.577601410934744
5263,0.807854137447405
5264,0.698754246885617
5265,0.741948001552192
5266,0.662553887319756
5267,0.662553887319756
5268,0.622468036201695
5269,0.662553887319756
5270,0.807854137447405
5271,0.807854137447405
5272,0.622468036201695
5273,0.662553887319756
5274,0.622468036201695
5275,0.647803425167535
5276,0.698754246885617
5277,0.807854137447405
5278,0.622468036201695
5279,0.662553887319756
5280,0.622468036201695
5281,0.662553887319756
5282,0.698754246885617
5283,0.622468036201695
5284,0.662553887319756
5285,0.622468036201695
5286,0.698754246885617
5287,0.622468036201695
5288,0.698754246885617
5289,0.698754246885617
5290,0.698754246885617
5291,0.698754246885617
5292,0.662553887319756
5293,0.807854137447405
5294,0.622468036201695
5295,0.807854137447405
5296,0.647803425167535
5297,0.698754246885617
5298,0.741948001552192
5299,0.622468036201695
5300,0.741948001552192
5301,0.622468036201695
5302,0.622468036201695
5303,0.741948001552192
5304,0.698754246885617
5305,0.647803425167535
5306,0.662553887319756
5307,0.622468036201695
5308,0.698754246885617
5309,0.662553887319756
5310,0.622468036201695
5311,0.807854137447405
5312,0.662553887319756
5313,0.698754246885617
5314,0.662553887319756
5315,0.807854137447405
5316,0.741948001552192
5317,0.662553887319756
5318,0.622468036201695
5319,0.622468036201695
5320,0.741948001552192
5321,0.622468036201695
5322,0.807854137447405
5323,0.807854137447405
5324,0.662553887319756
5325,0.662553887319756
5326,0.622468036201695
5327,0.807854137447405
5328,0.807854137447405
5329,0.647803425167535
5330,0.662553887319756
5331,0.698754246885617
5332,0.698754246885617
5333,0.662553887319756
5334,0.741948001552192
5335,0.807854137447405
5336,0.622468036201695
5337,0.622468036201695
5338,0.698754246885617
5339,0.807854137447405
5340,0.662553887319756
5341,0.807854137447405
5342,0.807854137447405
5343,0.741948001552192
5344,0.698754246885617
5345,0.698754246885617
5346,0.622468036201695
5347,0.647803425167535
5348,0.622468036201695
5349,0.622468036201695
5350,0.741948001552192
5351,0.662553887319756
5352,0.647803425167535
5353,0.622468036201695
5354,0.741948001552192
5355,0.741948001552192
5356,0.807854137447405
5357,0.662553887319756
5358,0.662553887319756
5359,0.807854137447405
5360,0.647803425167535
5361,0.698754246885617
5362,0.807854137447405
5363,0.622468036201695
5364,0.698754246885617
5365,0.662553887319756
5366,0.698754246885617
5367,0.647803425167535
5368,0.741948001552192
5369,0.662553887319756
5370,0.741948001552192
5371,0.647803425167535
5372,0.741948001552192
5373,0.622468036201695
5374,0.741948001552192
5375,0.807854137447405
5376,0.698754246885617
5377,0.807854137447405
5378,0.622468036201695
5379,0.741948001552192
5380,0.622468036201695
5381,0.662553887319756
5382,0.662553887319756
5383,0.622468036201695
5384,0.577601410934744
5385,0.662553887319756
5386,0.698754246885617
5387,0.622468036201695
5388,0.622468036201695
5389,0.807854137447405
5390,0.647803425167535
5391,0.662553887319756
5392,0.647803425167535
5393,0.622468036201695
5394,0.698754246885617
5395,0.698754246885617
5396,0.698754246885617
5397,0.622468036201695
5398,0.807854137447405
5399,0.622468036201695
5400,0.647803425167535
5401,0.741948001552192
5402,0.622468036201695
5403,0.622468036201695
5404,0.662553887319756
5405,0.622468036201695
5406,0.807854137447405
5407,0.477272727272727
5408,0.807854137447405
5409,0.662553887319756
5410,0.622468036201695
5411,0.807854137447405
5412,0.807854137447405
5413,0.741948001552192
5414,0.662553887319756
5415,0.662553887319756
5416,0.662553887319756
5417,0.698754246885617
5418,0.741948001552192
5419,0.577601410934744
5420,0.807854137447405
5421,0.622468036201695
5422,0.807854137447405
5423,0.622468036201695
5424,0.698754246885617
5425,0.662553887319756
5426,0.698754246885617
5427,0.662553887319756
5428,0.647803425167535
5429,0.698754246885617
5430,0.698754246885617
5431,0.741948001552192
5432,0.662553887319756
5433,0.647803425167535
5434,0.807854137447405
5435,0.662553887319756
5436,0.807854137447405
5437,0.698754246885617
5438,0.807854137447405
5439,0.662553887319756
5440,0.622468036201695
5441,0.807854137447405
5442,0.807854137447405
5443,0.807854137447405
5444,0.741948001552192
5445,0.698754246885617
5446,0.662553887319756
5447,0.662553887319756
5448,0.698754246885617
5449,0.662553887319756
5450,0.647803425167535
5451,0.807854137447405
5452,0.662553887319756
5453,0.741948001552192
5454,0.662553887319756
5455,0.741948001552192
5456,0.807854137447405
5457,0.647803425167535
5458,0.477272727272727
5459,0.698754246885617
5460,0.698754246885617
5461,0.662553887319756
5462,0.807854137447405
5463,0.698754246885617
5464,0.662553887319756
5465,0.698754246885617
5466,0.622468036201695
5467,0.807854137447405
5468,0.622468036201695
5469,0.662553887319756
5470,0.622468036201695
5471,0.698754246885617
5472,0.807854137447405
5473,0.622468036201695
5474,0.807854137447405
5475,0.662553887319756
5476,0.622468036201695
5477,0.662553887319756
5478,0.622468036201695
5479,0.807854137447405
5480,0.662553887319756
5481,0.807854137447405
5482,0.662553887319756
5483,0.622468036201695
5484,0.647803425167535
5485,0.662553887319756
5486,0.807854137447405
5487,0.622468036201695
5488,0.662553887319756
5489,0.698754246885617
5490,0.662553887319756
5491,0.807854137447405
5492,0.662553887319756
5493,0.577601410934744
5494,0.622468036201695
5495,0.698754246885617
5496,0.807854137447405
5497,0.741948001552192
5498,0.807854137447405
5499,0.741948001552192
5500,0.662553887319756
5501,0.622468036201695
5502,0.741948001552192
5503,0.622468036201695
5504,0.698754246885617
5505,0.662553887319756
5506,0.662553887319756
5507,0.662553887319756
5508,0.622468036201695
5509,0.662553887319756
5510,0.698754246885617
5511,0.622468036201695
5512,0.807854137447405
5513,0.698754246885617
5514,0.741948001552192
5515,0.698754246885617
5516,0.662553887319756
5517,0.662553887319756
5518,0.622468036201695
5519,0.622468036201695
5520,0.698754246885617
5521,0.741948001552192
5522,0.662553887319756
5523,0.662553887319756
5524,0.662553887319756
5525,0.622468036201695
5526,0.662553887319756
5527,0.647803425167535
5528,0.698754246885617
5529,0.698754246885617
5530,0.807854137447405
5531,0.807854137447405
5532,0.807854137447405
5533,0.622468036201695
5534,0.622468036201695
5535,0.807854137447405
5536,0.741948001552192
5537,0.662553887319756
5538,0.698754246885617
5539,0.662553887319756
5540,0.647803425167535
5541,0.647803425167535
5542,0.807854137447405
5543,0.741948001552192
5544,0.698754246885617
5545,0.698754246885617
5546,0.807854137447405
5547,0.662553887319756
5548,0.622468036201695
5549,0.647803425167535
5550,0.807854137447405
5551,0.698754246885617
5552,0.698754246885617
5553,0.622468036201695
5554,0.698754246885617
5555,0.647803425167535
5556,0.622468036201695
5557,0.622468036201695
5558,0.662553887319756
5559,0.622468036201695
5560,0.662553887319756
5561,0.807854137447405
5562,0.741948001552192
5563,0.698754246885617
5564,0.698754246885617
5565,0.698754246885617
5566,0.807854137447405
5567,0.577601410934744
5568,0.807854137447405
5569,0.807854137447405
5570,0.741948001552192
5571,0.662553887319756
5572,0.741948001552192
5573,0.662553887319756
5574,0.807854137447405
5575,0.698754246885617
5576,0.662553887319756
5577,0.741948001552192
5578,0.647803425167535
5579,0.622468036201695
5580,0.622468036201695
5581,0.698754246885617
5582,0.807854137447405
5583,0.622468036201695
5584,0.807854137447405
5585,0.807854137447405
5586,0.741948001552192
5587,0.577601410934744
5588,0.807854137447405
5589,0.647803425167535
5590,0.807854137447405
5591,0.647803425167535
5592,0.807854137447405
5593,0.662553887319756
5594,0.647803425167535
5595,0.741948001552192
5596,0.622468036201695
5597,0.647803425167535
5598,0.741948001552192
5599,0.698754246885617
5600,0.807854137447405
5601,0.662553887319756
5602,0.622468036201695
5603,0.698754246885617
5604,0.622468036201695
5605,0.698754246885617
5606,0.741948001552192
5607,0.647803425167535
5608,0.622468036201695
5609,0.622468036201695
5610,0.662553887319756
5611,0.807854137447405
5612,0.622468036201695
5613,0.741948001552192
5614,0.807854137447405
5615,0.662553887319756
5616,0.577601410934744
5617,0.622468036201695
5618,0.807854137447405
5619,0.807854137447405
5620,0.741948001552192
5621,0.622468036201695
5622,0.622468036201695
5623,0.807854137447405
5624,0.647803425167535
5625,0.662553887319756
5626,0.647803425167535
5627,0.741948001552192
5628,0.662553887319756
5629,0.577601410934744
5630,0.698754246885617
5631,0.577601410934744
5632,0.741948001552192
5633,0.622468036201695
5634,0.698754246885617
5635,0.662553887319756
5636,0.622468036201695
5637,0.807854137447405
5638,0.662553887319756
5639,0.622468036201695
5640,0.698754246885617
5641,0.698754246885617
5642,0.698754246885617
5643,0.622468036201695
5644,0.622468036201695
5645,0.647803425167535
5646,0.622468036201695
5647,0.622468036201695
5648,0.698754246885617
5649,0.741948001552192
5650,0.698754246885617
5651,0.662553887319756
5652,0.807854137447405
5653,0.622468036201695
5654,0.662553887319756
5655,0.647803425167535
5656,0.662553887319756
5657,0.647803425167535
5658,0.622468036201695
5659,0.741948001552192
5660,0.698754246885617
5661,0.622468036201695
5662,0.662553887319756
5663,0.622468036201695
5664,0.577601410934744
5665,0.698754246885617
5666,0.741948001552192
5667,0.622468036201695
5668,0.807854137447405
5669,0.647803425167535
5670,0.662553887319756
5671,0.662553887319756
5672,0.662553887319756
5673,0.647803425167535
5674,0.807854137447405
5675,0.698754246885617
5676,0.807854137447405
5677,0.577601410934744
5678,0.741948001552192
5679,0.662553887319756
5680,0.698754246885617
5681,0.807854137447405
5682,0.622468036201695
5683,0.698754246885617
5684,0.622468036201695
5685,0.807854137447405
5686,0.807854137447405
5687,0.807854137447405
5688,0.647803425167535
5689,0.622468036201695
5690,0.662553887319756
5691,0.577601410934744
5692,0.807854137447405
5693,0.622468036201695
5694,0.622468036201695
5695,0.741948001552192
5696,0.622468036201695
5697,0.647803425167535
5698,0.662553887319756
5699,0.662553887319756
5700,0.577601410934744
5701,0.622468036201695
5702,0.662553887319756
5703,0.647803425167535
5704,0.741948001552192
5705,0.622468036201695
5706,0.622468036201695
5707,0.662553887319756
5708,0.807854137447405
5709,0.647803425167535
5710,0.698754246885617
5711,0.698754246885617
5712,0.647803425167535
5713,0.662553887319756
5714,0.698754246885617
5715,0.622468036201695
5716,0.807854137447405
5717,0.622468036201695
5718,0.698754246885617
5719,0.647803425167535
5720,0.622468036201695
5721,0.662553887319756
5722,0.662553887319756
5723,0.698754246885617
5724,0.807854137447405
5725,0.741948001552192
5726,0.622468036201695
5727,0.807854137447405
5728,0.807854137447405
5729,0.807854137447405
5730,0.622468036201695
5731,0.662553887319756
5732,0.807854137447405
5733,0.741948001552192
5734,0.662553887319756
5735,0.662553887319756
5736,0.807854137447405
5737,0.698754246885617
5738,0.741948001552192
5739,0.807854137447405
5740,0.741948001552192
5741,0.622468036201695
5742,0.662553887319756
5743,0.662553887319756
5744,0.741948001552192
5745,0.807854137447405
5746,0.698754246885617
5747,0.698754246885617
5748,0.662553887319756
5749,0.662553887319756
5750,0.741948001552192
5751,0.662553887319756
5752,0.698754246885617
5753,0.622468036201695
5754,0.622468036201695
5755,0.807854137447405
5756,0.741948001552192
5757,0.741948001552192
5758,0.698754246885617
5759,0.622468036201695
5760,0.662553887319756
5761,0.698754246885617
5762,0.647803425167535
5763,0.698754246885617
5764,0.698754246885617
5765,0.622468036201695
5766,0.698754246885617
5767,0.662553887319756
5768,0.741948001552192
5769,0.622468036201695
5770,0.698754246885617
5771,0.622468036201695
5772,0.741948001552192
5773,0.622468036201695
5774,0.622468036201695
5775,0.622468036201695
5776,0.807854137447405
5777,0.662553887319756
5778,0.647803425167535
5779,0.807854137447405
5780,0.698754246885617
5781,0.647803425167535
5782,0.577601410934744
5783,0.622468036201695
5784,0.662553887319756
5785,0.698754246885617
5786,0.662553887319756
5787,0.622468036201695
5788,0.741948001552192
5789,0.698754246885617
5790,0.622468036201695
5791,0.622468036201695
5792,0.662553887319756
5793,0.647803425167535
5794,0.662553887319756
5795,0.807854137447405
5796,0.807854137447405
5797,0.622468036201695
5798,0.662553887319756
5799,0.622468036201695
5800,0.622468036201695
5801,0.807854137447405
5802,0.807854137447405
5803,0.622468036201695
5804,0.662553887319756
5805,0.662553887319756
5806,0.662553887319756
5807,0.662553887319756
5808,0.662553887319756
5809,0.647803425167535
5810,0.807854137447405
5811,0.662553887319756
5812,0.622468036201695
5813,0.698754246885617
5814,0.662553887319756
5815,0.741948001552192
5816,0.698754246885617
5817,0.577601410934744
5818,0.698754246885617
5819,0.647803425167535
5820,0.698754246885617
5821,0.807854137447405
5822,0.698754246885617
5823,0.698754246885617
5824,0.622468036201695
5825,0.647803425167535
5826,0.622468036201695
5827,0.662553887319756
5828,0.662553887319756
5829,0.662553887319756
5830,0.698754246885617
5831,0.662553887319756
5832,0.647803425167535
5833,0.622468036201695
5834,0.622468036201695
5835,0.807854137447405
5836,0.662553887319756
5837,0.698754246885617
5838,0.622468036201695
5839,0.807854137447405
5840,0.662553887319756
5841,0.698754246885617
5842,0.622468036201695
5843,0.662553887319756
5844,0.807854137447405
5845,0.741948001552192
5846,0.807854137447405
5847,0.662553887319756
5848,0.622468036201695
5849,0.662553887319756
5850,0.807854137447405
5851,0.741948001552192
5852,0.662553887319756
5853,0.662553887319756
5854,0.662553887319756
5855,0.622468036201695
5856,0.698754246885617
5857,0.698754246885617
5858,0.577601410934744
5859,0.662553887319756
5860,0.807854137447405
5861,0.622468036201695
5862,0.662553887319756
5863,0.807854137447405
5864,0.741948001552192
5865,0.698754246885617
5866,0.698754246885617
5867,0.698754246885617
5868,0.622468036201695
5869,0.741948001552192
5870,0.662553887319756
5871,0.807854137447405
5872,0.807854137447405
5873,0.577601410934744
5874,0.647803425167535
5875,0.698754246885617
5876,0.807854137447405
5877,0.622468036201695
5878,0.662553887319756
5879,0.577601410934744
5880,0.741948001552192
5881,0.807854137447405
5882,0.807854137447405
5883,0.698754246885617
5884,0.647803425167535
5885,0.622468036201695
5886,0.662553887319756
5887,0.807854137447405
5888,0.807854137447405
5889,0.698754246885617
5890,0.662553887319756
5891,0.698754246885617
5892,0.807854137447405
5893,0.662553887319756
5894,0.698754246885617
5895,0.622468036201695
5896,0.807854137447405
5897,0.622468036201695
5898,0.741948001552192
5899,0.662553887319756
5900,0.647803425167535
5901,0.622468036201695
5902,0.662553887319756
5903,0.647803425167535
5904,0.741948001552192
5905,0.662553887319756
5906,0.647803425167535
5907,0.807854137447405
5908,0.622468036201695
5909,0.662553887319756
5910,0.662553887319756
5911,0.698754246885617
5912,0.741948001552192
5913,0.807854137447405
5914,0.698754246885617
5915,0.698754246885617
5916,0.807854137447405
5917,0.807854137447405
5918,0.622468036201695
5919,0.807854137447405
5920,0.622468036201695
5921,0.622468036201695
5922,0.662553887319756
5923,0.698754246885617
5924,0.698754246885617
5925,0.807854137447405
5926,0.698754246885617
5927,0.807854137447405
5928,0.807854137447405
5929,0.698754246885617
5930,0.662553887319756
5931,0.622468036201695
5932,0.647803425167535
5933,0.698754246885617
5934,0.622468036201695
5935,0.662553887319756
5936,0.622468036201695
5937,0.698754246885617
5938,0.622468036201695
5939,0.647803425167535
5940,0.662553887319756
5941,0.662553887319756
5942,0.622468036201695
5943,0.662553887319756
5944,0.647803425167535
5945,0.741948001552192
5946,0.662553887319756
5947,0.807854137447405
5948,0.622468036201695
5949,0.622468036201695
5950,0.622468036201695
5951,0.622468036201695
5952,0.647803425167535
5953,0.741948001552192
5954,0.622468036201695
5955,0.647803425167535
5956,0.622468036201695
5957,0.662553887319756
5958,0.698754246885617
5959,0.807854137447405
5960,0.662553887319756
5961,0.662553887319756
5962,0.807854137447405
5963,0.647803425167535
5964,0.622468036201695
5965,0.622468036201695
5966,0.662553887319756
5967,0.662553887319756
5968,0.662553887319756
5969,0.807854137447405
5970,0.662553887319756
5971,0.577601410934744
5972,0.662553887319756
5973,0.622468036201695
5974,0.622468036201695
5975,0.741948001552192
5976,0.662553887319756
5977,0.622468036201695
5978,0.622468036201695
5979,0.698754246885617
5980,0.741948001552192
5981,0.807854137447405
5982,0.698754246885617
5983,0.647803425167535
5984,0.622468036201695
5985,0.662553887319756
5986,0.622468036201695
5987,0.698754246885617
5988,0.807854137447405
5989,0.807854137447405
5990,0.662553887319756
5991,0.662553887319756
5992,0.698754246885617
5993,0.807854137447405
5994,0.698754246885617
5995,0.698754246885617
5996,0.622468036201695
5997,0.662553887319756
5998,0.698754246885617
5999,0.622468036201695
6000,0.741948001552192
6001,0.662553887319756
6002,0.698754246885617
6003,0.647803425167535
6004,0.741948001552192
6005,0.662553887319756
6006,0.807854137447405
6007,0.662553887319756
6008,0.807854137447405
6009,0.807854137447405
6010,0.622468036201695
6011,0.622468036201695
6012,0.647803425167535
6013,0.698754246885617
6014,0.662553887319756
6015,0.807854137447405
6016,0.741948001552192
6017,0.662553887319756
6018,0.662553887319756
6019,0.807854137447405
6020,0.622468036201695
6021,0.698754246885617
6022,0.662553887319756
6023,0.647803425167535
6024,0.698754246885617
6025,0.662553887319756
6026,0.698754246885617
6027,0.662553887319756
6028,0.622468036201695
6029,0.698754246885617
6030,0.741948001552192
6031,0.741948001552192
6032,0.741948001552192
6033,0.622468036201695
6034,0.647803425167535
6035,0.647803425167535
6036,0.622468036201695
6037,0.741948001552192
6038,0.698754246885617
6039,0.741948001552192
6040,0.807854137447405
6041,0.662553887319756
6042,0.622468036201695
6043,0.741948001552192
6044,0.807854137447405
6045,0.647803425167535
6046,0.807854137447405
6047,0.622468036201695
6048,0.698754246885617
6049,0.662553887319756
6050,0.698754246885617
6051,0.662553887319756
6052,0.647803425167535
6053,0.662553887319756
6054,0.622468036201695
6055,0.622468036201695
6056,0.622468036201695
6057,0.698754246885617
6058,0.662553887319756
6059,0.807854137447405
6060,0.741948001552192
6061,0.662553887319756
6062,0.698754246885617
6063,0.622468036201695
6064,0.698754246885617
6065,0.662553887319756
6066,0.647803425167535
6067,0.741948001552192
6068,0.662553887319756
6069,0.662553887319756
6070,0.662553887319756
6071,0.622468036201695
6072,0.698754246885617
6073,0.698754246885617
6074,0.622468036201695
6075,0.662553887319756
6076,0.741948001552192
6077,0.698754246885617
6078,0.662553887319756
6079,0.662553887319756
6080,0.622468036201695
6081,0.807854137447405
6082,0.622468036201695
6083,0.698754246885617
6084,0.662553887319756
6085,0.807854137447405
6086,0.622468036201695
6087,0.647803425167535
6088,0.807854137447405
6089,0.577601410934744
6090,0.807854137447405
6091,0.741948001552192
6092,0.807854137447405
6093,0.622468036201695
6094,0.622468036201695
6095,0.741948001552192
6096,0.662553887319756
6097,0.807854137447405
6098,0.807854137447405
6099,0.662553887319756
6100,0.662553887319756
6101,0.698754246885617
6102,0.807854137447405
6103,0.698754246885617
6104,0.741948001552192
6105,0.741948001552192
6106,0.647803425167535
6107,0.622468036201695
6108,0.807854137447405
6109,0.807854137447405
6110,0.622468036201695
6111,0.807854137447405
6112,0.741948001552192
6113,0.698754246885617
6114,0.807854137447405
6115,0.741948001552192
6116,0.647803425167535
6117,0.662553887319756
6118,0.807854137447405
6119,0.807854137447405
6120,0.807854137447405
6121,0.662553887319756
6122,0.662553887319756
6123,0.622468036201695
6124,0.622468036201695
6125,0.807854137447405
6126,0.647803425167535
6127,0.698754246885617
6128,0.807854137447405
6129,0.807854137447405
6130,0.662553887319756
6131,0.662553887319756
6132,0.807854137447405
6133,0.741948001552192
6134,0.698754246885617
6135,0.741948001552192
6136,0.698754246885617
6137,0.807854137447405
6138,0.698754246885617
6139,0.662553887319756
6140,0.662553887319756
6141,0.662553887319756
6142,0.622468036201695
6143,0.807854137447405
6144,0.807854137447405
6145,0.807854137447405
6146,0.622468036201695
6147,0.698754246885617
6148,0.622468036201695
6149,0.622468036201695
6150,0.662553887319756
6151,0.577601410934744
6152,0.662553887319756
6153,0.741948001552192
6154,0.662553887319756
6155,0.807854137447405
6156,0.698754246885617
6157,0.698754246885617
6158,0.698754246885617
6159,0.622468036201695
6160,0.647803425167535
6161,0.807854137447405
6162,0.698754246885617
6163,0.647803425167535
6164,0.807854137447405
6165,0.622468036201695
6166,0.698754246885617
6167,0.741948001552192
6168,0.622468036201695
6169,0.622468036201695
6170,0.698754246885617
6171,0.807854137447405
6172,0.807854137447405
6173,0.807854137447405
6174,0.698754246885617
6175,0.807854137447405
6176,0.622468036201695
6177,0.647803425167535
6178,0.647803425167535
6179,0.662553887319756
6180,0.647803425167535
6181,0.698754246885617
6182,0.807854137447405
6183,0.662553887319756
6184,0.647803425167535
6185,0.807854137447405
6186,0.622468036201695
6187,0.662553887319756
6188,0.698754246885617
6189,0.662553887319756
6190,0.622468036201695
6191,0.577601410934744
6192,0.807854137447405
6193,0.662553887319756
6194,0.622468036201695
6195,0.622468036201695
6196,0.807854137447405
6197,0.647803425167535
6198,0.807854137447405
6199,0.807854137447405
6200,0.807854137447405
6201,0.577601410934744
6202,0.647803425167535
6203,0.662553887319756
6204,0.807854137447405
6205,0.698754246885617
6206,0.662553887319756
6207,0.622468036201695
6208,0.662553887319756
6209,0.807854137447405
6210,0.741948001552192
6211,0.662553887319756
6212,0.662553887319756
6213,0.807854137447405
6214,0.698754246885617
6215,0.577601410934744
6216,0.807854137447405
6217,0.622468036201695
6218,0.662553887319756
6219,0.807854137447405
6220,0.662553887319756
6221,0.622468036201695
6222,0.698754246885617
6223,0.807854137447405
6224,0.622468036201695
6225,0.662553887319756
6226,0.698754246885617
6227,0.662553887319756
6228,0.622468036201695
6229,0.622468036201695
6230,0.622468036201695
6231,0.741948001552192
6232,0.807854137447405
6233,0.807854137447405
6234,0.741948001552192
6235,0.647803425167535
6236,0.622468036201695
6237,0.662553887319756
6238,0.662553887319756
6239,0.662553887319756
6240,0.662553887319756
6241,0.622468036201695
6242,0.622468036201695
6243,0.622468036201695
6244,0.622468036201695
6245,0.577601410934744
6246,0.622468036201695
6247,0.698754246885617
6248,0.662553887319756
6249,0.622468036201695
6250,0.662553887319756
6251,0.807854137447405
6252,0.662553887319756
6253,0.698754246885617
6254,0.807854137447405
6255,0.807854137447405
6256,0.662553887319756
6257,0.622468036201695
6258,0.622468036201695
6259,0.698754246885617
6260,0.662553887319756
6261,0.698754246885617
6262,0.807854137447405
6263,0.647803425167535
6264,0.807854137447405
6265,0.662553887319756
6266,0.662553887319756
6267,0.662553887319756
6268,0.662553887319756
6269,0.698754246885617
6270,0.622468036201695
6271,0.807854137447405
6272,0.807854137447405
6273,0.807854137447405
6274,0.662553887319756
6275,0.662553887319756
6276,0.662553887319756
6277,0.807854137447405
6278,0.807854137447405
6279,0.662553887319756
6280,0.647803425167535
6281,0.698754246885617
6282,0.577601410934744
6283,0.662553887319756
6284,0.698754246885617
6285,0.662553887319756
6286,0.807854137447405
6287,0.622468036201695
6288,0.662553887319756
6289,0.741948001552192
6290,0.698754246885617
6291,0.662553887319756
6292,0.662553887319756
6293,0.807854137447405
6294,0.741948001552192
6295,0.698754246885617
6296,0.807854137447405
6297,0.698754246885617
6298,0.741948001552192
6299,0.698754246885617
6300,0.741948001552192
6301,0.807854137447405
6302,0.622468036201695
6303,0.741948001552192
6304,0.662553887319756
6305,0.807854137447405
6306,0.807854137447405
6307,0.622468036201695
6308,0.807854137447405
6309,0.807854137447405
6310,0.647803425167535
6311,0.622468036201695
6312,0.662553887319756
6313,0.662553887319756
6314,0.622468036201695
6315,0.698754246885617
6316,0.741948001552192
6317,0.807854137447405
6318,0.807854137447405
6319,0.662553887319756
6320,0.741948001552192
6321,0.662553887319756
6322,0.698754246885617
6323,0.577601410934744
6324,0.662553887319756
6325,0.622468036201695
6326,0.698754246885617
6327,0.807854137447405
6328,0.577601410934744
6329,0.622468036201695
6330,0.622468036201695
6331,0.807854137447405
6332,0.662553887319756
6333,0.622468036201695
6334,0.741948001552192
6335,0.698754246885617
6336,0.698754246885617
6337,0.807854137447405
6338,0.741948001552192
6339,0.807854137447405
6340,0.647803425167535
6341,0.698754246885617
6342,0.741948001552192
6343,0.622468036201695
6344,0.807854137447405
6345,0.698754246885617
6346,0.622468036201695
6347,0.807854137447405
6348,0.807854137447405
6349,0.698754246885617
6350,0.622468036201695
6351,0.622468036201695
6352,0.647803425167535
6353,0.647803425167535
6354,0.807854137447405
6355,0.698754246885617
6356,0.647803425167535
6357,0.662553887319756
6358,0.662553887319756
6359,0.698754246885617
6360,0.622468036201695
6361,0.647803425167535
6362,0.577601410934744
6363,0.807854137447405
6364,0.807854137447405
6365,0.622468036201695
6366,0.622468036201695
6367,0.622468036201695
6368,0.662553887319756
6369,0.698754246885617
6370,0.622468036201695
6371,0.622468036201695
6372,0.807854137447405
6373,0.698754246885617
6374,0.741948001552192
6375,0.741948001552192
6376,0.662553887319756
6377,0.698754246885617
6378,0.577601410934744
6379,0.662553887319756
6380,0.741948001552192
6381,0.622468036201695
6382,0.807854137447405
6383,0.622468036201695
6384,0.622468036201695
6385,0.622468036201695
6386,0.807854137447405
6387,0.698754246885617
6388,0.807854137447405
6389,0.698754246885617
6390,0.662553887319756
6391,0.741948001552192
6392,0.698754246885617
6393,0.622468036201695
6394,0.698754246885617
6395,0.698754246885617
6396,0.698754246885617
6397,0.662553887319756
6398,0.698754246885617
6399,0.741948001552192
6400,0.807854137447405
6401,0.622468036201695
6402,0.622468036201695
6403,0.622468036201695
6404,0.807854137447405
6405,0.662553887319756
6406,0.622468036201695
6407,0.807854137447405
6408,0.698754246885617
6409,0.807854137447405
6410,0.698754246885617
6411,0.807854137447405
6412,0.698754246885617
6413,0.698754246885617
6414,0.807854137447405
6415,0.662553887319756
6416,0.741948001552192
6417,0.622468036201695
6418,0.662553887319756
6419,0.698754246885617
6420,0.698754246885617
6421,0.741948001552192
6422,0.698754246885617
6423,0.807854137447405
6424,0.698754246885617
6425,0.662553887319756
6426,0.647803425167535
6427,0.807854137447405
6428,0.647803425167535
6429,0.622468036201695
6430,0.807854137447405
6431,0.741948001552192
6432,0.698754246885617
6433,0.807854137447405
6434,0.807854137447405
6435,0.622468036201695
6436,0.662553887319756
6437,0.741948001552192
6438,0.698754246885617
6439,0.577601410934744
6440,0.662553887319756
6441,0.662553887319756
6442,0.622468036201695
6443,0.622468036201695
6444,0.662553887319756
6445,0.741948001552192
6446,0.807854137447405
6447,0.807854137447405
6448,0.807854137447405
6449,0.807854137447405
6450,0.647803425167535
6451,0.698754246885617
6452,0.622468036201695
6453,0.662553887319756
6454,0.662553887319756
6455,0.807854137447405
6456,0.391304347826087
6457,0.698754246885617
6458,0.622468036201695
6459,0.622468036201695
6460,0.622468036201695
6461,0.622468036201695
6462,0.647803425167535
6463,0.662553887319756
6464,0.662553887319756
6465,0.807854137447405
6466,0.807854137447405
6467,0.622468036201695
6468,0.577601410934744
6469,0.807854137447405
6470,0.741948001552192
6471,0.662553887319756
6472,0.662553887319756
6473,0.622468036201695
6474,0.698754246885617
6475,0.698754246885617
6476,0.662553887319756
6477,0.807854137447405
6478,0.807854137447405
6479,0.741948001552192
6480,0.662553887319756
6481,0.622468036201695
6482,0.807854137447405
6483,0.807854137447405
6484,0.622468036201695
6485,0.698754246885617
6486,0.577601410934744
6487,0.647803425167535
6488,0.647803425167535
6489,0.622468036201695
6490,0.622468036201695
6491,0.622468036201695
6492,0.698754246885617
6493,0.647803425167535
6494,0.622468036201695
6495,0.662553887319756
6496,0.622468036201695
6497,0.622468036201695
6498,0.807854137447405
6499,0.698754246885617
6500,0.698754246885617
6501,0.662553887319756
6502,0.647803425167535
6503,0.662553887319756
6504,0.698754246885617
6505,0.807854137447405
6506,0.662553887319756
6507,0.662553887319756
6508,0.622468036201695
6509,0.622468036201695
6510,0.662553887319756
6511,0.662553887319756
6512,0.807854137447405
6513,0.698754246885617
6514,0.622468036201695
6515,0.647803425167535
6516,0.807854137447405
6517,0.647803425167535
6518,0.622468036201695
6519,0.741948001552192
6520,0.622468036201695
6521,0.662553887319756
6522,0.662553887319756
6523,0.698754246885617
6524,0.577601410934744
6525,0.741948001552192
6526,0.741948001552192
6527,0.662553887319756
6528,0.698754246885617
6529,0.622468036201695
6530,0.622468036201695
6531,0.577601410934744
6532,0.698754246885617
6533,0.698754246885617
6534,0.741948001552192
6535,0.698754246885617
6536,0.698754246885617
6537,0.698754246885617
6538,0.622468036201695
6539,0.698754246885617
6540,0.662553887319756
6541,0.662553887319756
6542,0.622468036201695
6543,0.647803425167535
6544,0.807854137447405
6545,0.662553887319756
6546,0.662553887319756
6547,0.662553887319756
6548,0.741948001552192
6549,0.741948001552192
6550,0.622468036201695
6551,0.698754246885617
6552,0.577601410934744
6553,0.622468036201695
6554,0.622468036201695
6555,0.622468036201695
6556,0.698754246885617
6557,0.807854137447405
6558,0.662553887319756
6559,0.647803425167535
6560,0.698754246885617
6561,0.622468036201695
6562,0.807854137447405
6563,0.647803425167535
6564,0.662553887319756
6565,0.741948001552192
6566,0.698754246885617
6567,0.662553887319756
6568,0.807854137447405
6569,0.647803425167535
6570,0.807854137447405
6571,0.698754246885617
6572,0.698754246885617
6573,0.698754246885617
6574,0.807854137447405
6575,0.647803425167535
6576,0.662553887319756
6577,0.698754246885617
6578,0.698754246885617
6579,0.662553887319756
6580,0.622468036201695
6581,0.647803425167535
6582,0.662553887319756
6583,0.622468036201695
6584,0.662553887319756
6585,0.662553887319756
6586,0.807854137447405
6587,0.622468036201695
6588,0.807854137447405
6589,0.807854137447405
6590,0.741948001552192
6591,0.698754246885617
6592,0.622468036201695
6593,0.622468036201695
6594,0.741948001552192
6595,0.622468036201695
6596,0.622468036201695
6597,0.807854137447405
6598,0.622468036201695
6599,0.622468036201695
6600,0.577601410934744
6601,0.477272727272727
6602,0.807854137447405
6603,0.662553887319756
6604,0.807854137447405
6605,0.698754246885617
6606,0.662553887319756
6607,0.622468036201695
6608,0.622468036201695
6609,0.622468036201695
6610,0.807854137447405
6611,0.807854137447405
6612,0.662553887319756
6613,0.698754246885617
6614,0.698754246885617
6615,0.622468036201695
6616,0.662553887319756
6617,0.647803425167535
6618,0.622468036201695
6619,0.622468036201695
6620,0.647803425167535
6621,0.698754246885617
6622,0.662553887319756
6623,0.698754246885617
6624,0.622468036201695
6625,0.807854137447405
6626,0.647803425167535
6627,0.647803425167535
6628,0.647803425167535
6629,0.622468036201695
6630,0.807854137447405
6631,0.807854137447405
6632,0.622468036201695
6633,0.698754246885617
6634,0.807854137447405
6635,0.622468036201695
6636,0.698754246885617
6637,0.741948001552192
6638,0.741948001552192
6639,0.807854137447405
6640,0.662553887319756
6641,0.647803425167535
6642,0.807854137447405
6643,0.698754246885617
6644,0.662553887319756
6645,0.622468036201695
6646,0.698754246885617
6647,0.662553887319756
6648,0.622468036201695
6649,0.741948001552192
6650,0.662553887319756
6651,0.741948001552192
6652,0.698754246885617
6653,0.741948001552192
6654,0.807854137447405
6655,0.647803425167535
6656,0.622468036201695
6657,0.647803425167535
6658,0.622468036201695
6659,0.622468036201695
6660,0.662553887319756
6661,0.662553887319756
6662,0.741948001552192
6663,0.622468036201695
6664,0.807854137447405
6665,0.622468036201695
6666,0.807854137447405
6667,0.698754246885617
6668,0.662553887319756
6669,0.622468036201695
6670,0.698754246885617
6671,0.698754246885617
6672,0.807854137447405
6673,0.662553887319756
6674,0.698754246885617
6675,0.807854137447405
6676,0.698754246885617
6677,0.698754246885617
6678,0.807854137447405
6679,0.662553887319756
6680,0.662553887319756
6681,0.622468036201695
6682,0.477272727272727
6683,0.622468036201695
6684,0.622468036201695
6685,0.577601410934744
6686,0.741948001552192
6687,0.622468036201695
6688,0.698754246885617
6689,0.662553887319756
6690,0.807854137447405
6691,0.698754246885617
6692,0.647803425167535
6693,0.622468036201695
6694,0.662553887319756
6695,0.622468036201695
6696,0.807854137447405
6697,0.807854137447405
6698,0.698754246885617
6699,0.698754246885617
6700,0.698754246885617
6701,0.622468036201695
6702,0.698754246885617
6703,0.662553887319756
6704,0.807854137447405
6705,0.662553887319756
6706,0.662553887319756
6707,0.698754246885617
6708,0.807854137447405
6709,0.622468036201695
6710,0.622468036201695
6711,0.698754246885617
6712,0.647803425167535
6713,0.807854137447405
6714,0.622468036201695
6715,0.662553887319756
6716,0.662553887319756
6717,0.622468036201695
6718,0.622468036201695
6719,0.698754246885617
6720,0.807854137447405
6721,0.577601410934744
6722,0.662553887319756
6723,0.662553887319756
6724,0.662553887319756
6725,0.662553887319756
6726,0.662553887319756
6727,0.577601410934744
6728,0.622468036201695
6729,0.622468036201695
6730,0.698754246885617
6731,0.622468036201695
6732,0.662553887319756
6733,0.741948001552192
6734,0.807854137447405
6735,0.698754246885617
6736,0.807854137447405
6737,0.622468036201695
6738,0.698754246885617
6739,0.662553887319756
6740,0.698754246885617
6741,0.662553887319756
6742,0.577601410934744
6743,0.647803425167535
6744,0.807854137447405
6745,0.698754246885617
6746,0.622468036201695
6747,0.622468036201695
6748,0.662553887319756
6749,0.698754246885617
6750,0.807854137447405
6751,0.662553887319756
6752,0.622468036201695
6753,0.647803425167535
6754,0.698754246885617
6755,0.622468036201695
6756,0.662553887319756
6757,0.662553887319756
6758,0.647803425167535
6759,0.807854137447405
6760,0.698754246885617
6761,0.807854137447405
6762,0.741948001552192
6763,0.662553887319756
6764,0.662553887319756
6765,0.662553887319756
6766,0.622468036201695
6767,0.622468036201695
6768,0.662553887319756
6769,0.622468036201695
6770,0.662553887319756
6771,0.622468036201695
6772,0.577601410934744
6773,0.698754246885617
6774,0.577601410934744
6775,0.662553887319756
6776,0.577601410934744
6777,0.698754246885617
6778,0.807854137447405
6779,0.647803425167535
6780,0.622468036201695
6781,0.622468036201695
6782,0.698754246885617
6783,0.647803425167535
6784,0.647803425167535
6785,0.662553887319756
6786,0.741948001552192
6787,0.698754246885617
6788,0.662553887319756
6789,0.741948001552192
6790,0.698754246885617
6791,0.698754246885617
6792,0.698754246885617
6793,0.662553887319756
6794,0.622468036201695
6795,0.807854137447405
6796,0.622468036201695
6797,0.741948001552192
6798,0.577601410934744
6799,0.647803425167535
6800,0.662553887319756
6801,0.577601410934744
6802,0.622468036201695
6803,0.807854137447405
6804,0.807854137447405
6805,0.647803425167535
6806,0.698754246885617
6807,0.807854137447405
6808,0.622468036201695
6809,0.622468036201695
6810,0.622468036201695
6811,0.647803425167535
6812,0.647803425167535
6813,0.698754246885617
6814,0.577601410934744
6815,0.622468036201695
6816,0.577601410934744
6817,0.662553887319756
6818,0.662553887319756
6819,0.647803425167535
6820,0.807854137447405
6821,0.622468036201695
6822,0.807854137447405
6823,0.741948001552192
6824,0.741948001552192
6825,0.698754246885617
6826,0.698754246885617
6827,0.662553887319756
6828,0.662553887319756
6829,0.662553887319756
6830,0.698754246885617
6831,0.647803425167535
6832,0.741948001552192
6833,0.662553887319756
6834,0.662553887319756
6835,0.662553887319756
6836,0.662553887319756
6837,0.622468036201695
6838,0.807854137447405
6839,0.662553887319756
6840,0.577601410934744
6841,0.662553887319756
6842,0.662553887319756
6843,0.698754246885617
6844,0.698754246885617
6845,0.662553887319756
6846,0.662553887319756
6847,0.647803425167535
6848,0.698754246885617
6849,0.698754246885617
6850,0.807854137447405
6851,0.698754246885617
6852,0.807854137447405
6853,0.647803425167535
6854,0.807854137447405
6855,0.698754246885617
6856,0.741948001552192
6857,0.662553887319756
6858,0.807854137447405
6859,0.807854137447405
6860,0.662553887319756
6861,0.622468036201695
6862,0.662553887319756
6863,0.662553887319756
6864,0.807854137447405
6865,0.662553887319756
6866,0.662553887319756
6867,0.807854137447405
6868,0.698754246885617
6869,0.807854137447405
6870,0.741948001552192
6871,0.807854137447405
6872,0.807854137447405
6873,0.662553887319756
6874,0.662553887319756
6875,0.622468036201695
6876,0.741948001552192
6877,0.807854137447405
6878,0.622468036201695
6879,0.807854137447405
6880,0.577601410934744
6881,0.807854137447405
6882,0.807854137447405
6883,0.577601410934744
6884,0.662553887319756
6885,0.662553887319756
6886,0.807854137447405
6887,0.647803425167535
6888,0.698754246885617
6889,0.698754246885617
6890,0.741948001552192
6891,0.662553887319756
6892,0.577601410934744
6893,0.807854137447405
6894,0.807854137447405
6895,0.622468036201695
6896,0.807854137447405
6897,0.622468036201695
6898,0.698754246885617
6899,0.662553887319756
6900,0.577601410934744
6901,0.662553887319756
6902,0.622468036201695
6903,0.647803425167535
6904,0.647803425167535
6905,0.622468036201695
6906,0.577601410934744
6907,0.647803425167535
6908,0.807854137447405
6909,0.807854137447405
6910,0.741948001552192
6911,0.662553887319756
6912,0.622468036201695
6913,0.577601410934744
6914,0.741948001552192
6915,0.662553887319756
6916,0.741948001552192
6917,0.622468036201695
6918,0.662553887319756
6919,0.622468036201695
6920,0.741948001552192
6921,0.577601410934744
6922,0.807854137447405
6923,0.647803425167535
6924,0.647803425167535
6925,0.622468036201695
6926,0.647803425167535
6927,0.577601410934744
6928,0.577601410934744
6929,0.622468036201695
6930,0.698754246885617
6931,0.662553887319756
6932,0.807854137447405
6933,0.662553887319756
6934,0.698754246885617
6935,0.807854137447405
6936,0.647803425167535
6937,0.662553887319756
6938,0.741948001552192
6939,0.662553887319756
6940,0.807854137447405
6941,0.807854137447405
6942,0.807854137447405
6943,0.698754246885617
6944,0.698754246885617
6945,0.647803425167535
6946,0.807854137447405
6947,0.698754246885617
6948,0.662553887319756
6949,0.698754246885617
6950,0.622468036201695
6951,0.807854137447405
6952,0.662553887319756
6953,0.647803425167535
6954,0.807854137447405
6955,0.647803425167535
6956,0.807854137447405
6957,0.662553887319756
6958,0.662553887319756
6959,0.662553887319756
6960,0.662553887319756
6961,0.698754246885617
6962,0.807854137447405
6963,0.698754246885617
6964,0.807854137447405
6965,0.662553887319756
6966,0.622468036201695
6967,0.698754246885617
6968,0.662553887319756
6969,0.698754246885617
6970,0.622468036201695
6971,0.741948001552192
6972,0.622468036201695
6973,0.662553887319756
6974,0.622468036201695
6975,0.662553887319756
6976,0.622468036201695
6977,0.698754246885617
6978,0.698754246885617
6979,0.662553887319756
6980,0.807854137447405
6981,0.807854137447405
6982,0.662553887319756
6983,0.807854137447405
6984,0.662553887319756
6985,0.647803425167535
6986,0.698754246885617
6987,0.741948001552192
6988,0.647803425167535
6989,0.662553887319756
6990,0.698754246885617
6991,0.662553887319756
6992,0.807854137447405
6993,0.698754246885617
6994,0.622468036201695
6995,0.662553887319756
6996,0.807854137447405
6997,0.647803425167535
6998,0.807854137447405
6999,0.647803425167535
7000,0.662553887319756
7001,0.662553887319756
7002,0.622468036201695
7003,0.807854137447405
7004,0.807854137447405
7005,0.698754246885617
7006,0.807854137447405
7007,0.577601410934744
7008,0.698754246885617
7009,0.807854137447405
7010,0.647803425167535
7011,0.622468036201695
7012,0.807854137447405
7013,0.807854137447405
7014,0.622468036201695
7015,0.577601410934744
7016,0.807854137447405
7017,0.647803425167535
7018,0.807854137447405
7019,0.807854137447405
7020,0.577601410934744
7021,0.662553887319756
7022,0.622468036201695
7023,0.647803425167535
7024,0.622468036201695
7025,0.698754246885617
7026,0.662553887319756
7027,0.698754246885617
7028,0.698754246885617
7029,0.647803425167535
7030,0.698754246885617
7031,0.662553887319756
7032,0.622468036201695
7033,0.662553887319756
7034,0.662553887319756
7035,0.647803425167535
7036,0.622468036201695
7037,0.647803425167535
7038,0.807854137447405
7039,0.662553887319756
7040,0.577601410934744
7041,0.698754246885617
7042,0.662553887319756
7043,0.662553887319756
7044,0.698754246885617
7045,0.741948001552192
7046,0.741948001552192
7047,0.622468036201695
7048,0.622468036201695
7049,0.622468036201695
7050,0.622468036201695
7051,0.807854137447405
7052,0.741948001552192
7053,0.698754246885617
7054,0.807854137447405
7055,0.662553887319756
7056,0.698754246885617
7057,0.698754246885617
7058,0.622468036201695
7059,0.662553887319756
7060,0.622468036201695
7061,0.741948001552192
7062,0.622468036201695
7063,0.647803425167535
7064,0.698754246885617
7065,0.577601410934744
7066,0.698754246885617
7067,0.698754246885617
7068,0.622468036201695
7069,0.622468036201695
7070,0.698754246885617
7071,0.577601410934744
7072,0.662553887319756
7073,0.741948001552192
7074,0.662553887319756
7075,0.662553887319756
7076,0.741948001552192
7077,0.807854137447405
7078,0.741948001552192
7079,0.622468036201695
7080,0.647803425167535
7081,0.698754246885617
7082,0.698754246885617
7083,0.807854137447405
7084,0.807854137447405
7085,0.622468036201695
7086,0.807854137447405
7087,0.662553887319756
7088,0.662553887319756
7089,0.807854137447405
7090,0.662553887319756
7091,0.662553887319756
7092,0.807854137447405
7093,0.807854137447405
7094,0.662553887319756
7095,0.662553887319756
7096,0.622468036201695
7097,0.807854137447405
7098,0.662553887319756
7099,0.662553887319756
7100,0.647803425167535
7101,0.662553887319756
7102,0.622468036201695
7103,0.622468036201695
7104,0.622468036201695
7105,0.807854137447405
7106,0.807854137447405
7107,0.647803425167535
7108,0.622468036201695
7109,0.807854137447405
7110,0.647803425167535
7111,0.807854137447405
7112,0.698754246885617
7113,0.647803425167535
7114,0.662553887319756
7115,0.698754246885617
7116,0.622468036201695
7117,0.647803425167535
7118,0.807854137447405
7119,0.741948001552192
7120,0.622468036201695
7121,0.698754246885617
7122,0.662553887319756
7123,0.622468036201695
7124,0.662553887319756
7125,0.577601410934744
7126,0.698754246885617
7127,0.698754246885617
7128,0.698754246885617
7129,0.698754246885617
7130,0.698754246885617
7131,0.807854137447405
7132,0.622468036201695
7133,0.577601410934744
7134,0.807854137447405
7135,0.662553887319756
7136,0.622468036201695
7137,0.698754246885617
7138,0.741948001552192
7139,0.622468036201695
7140,0.698754246885617
7141,0.741948001552192
7142,0.807854137447405
7143,0.741948001552192
7144,0.647803425167535
7145,0.698754246885617
7146,0.807854137447405
7147,0.662553887319756
7148,0.807854137447405
7149,0.741948001552192
7150,0.662553887319756
7151,0.647803425167535
7152,0.807854137447405
7153,0.807854137447405
7154,0.807854137447405
7155,0.662553887319756
7156,0.662553887319756
7157,0.741948001552192
7158,0.622468036201695
7159,0.807854137447405
7160,0.647803425167535
7161,0.622468036201695
7162,0.622468036201695
7163,0.647803425167535
7164,0.662553887319756
7165,0.622468036201695
7166,0.662553887319756
7167,0.577601410934744
7168,0.807854137447405
7169,0.622468036201695
7170,0.741948001552192
7171,0.807854137447405
7172,0.622468036201695
7173,0.807854137447405
7174,0.698754246885617
7175,0.698754246885617
7176,0.622468036201695
7177,0.647803425167535
7178,0.662553887319756
7179,0.807854137447405
7180,0.662553887319756
7181,0.698754246885617
7182,0.662553887319756
7183,0.647803425167535
7184,0.807854137447405
7185,0.662553887319756
7186,0.698754246885617
7187,0.807854137447405
7188,0.622468036201695
7189,0.622468036201695
7190,0.622468036201695
7191,0.662553887319756
7192,0.807854137447405
7193,0.807854137447405
7194,0.622468036201695
7195,0.807854137447405
7196,0.647803425167535
7197,0.662553887319756
7198,0.698754246885617
7199,0.647803425167535
7200,0.698754246885617
7201,0.577601410934744
7202,0.741948001552192
7203,0.807854137447405
7204,0.647803425167535
7205,0.647803425167535
7206,0.477272727272727
7207,0.807854137447405
7208,0.622468036201695
7209,0.622468036201695
7210,0.807854137447405
7211,0.698754246885617
7212,0.807854137447405
7213,0.662553887319756
7214,0.807854137447405
7215,0.807854137447405
7216,0.807854137447405
7217,0.807854137447405
7218,0.577601410934744
7219,0.698754246885617
7220,0.622468036201695
7221,0.662553887319756
7222,0.622468036201695
7223,0.807854137447405
7224,0.647803425167535
7225,0.662553887319756
7226,0.807854137447405
7227,0.698754246885617
7228,0.622468036201695
7229,0.577601410934744
7230,0.662553887319756
7231,0.698754246885617
7232,0.647803425167535
7233,0.662553887319756
7234,0.807854137447405
7235,0.807854137447405
7236,0.662553887319756
7237,0.698754246885617
7238,0.662553887319756
7239,0.698754246885617
7240,0.622468036201695
7241,0.741948001552192
7242,0.807854137447405
7243,0.622468036201695
7244,0.622468036201695
7245,0.662553887319756
7246,0.807854137447405
7247,0.622468036201695
7248,0.807854137447405
7249,0.741948001552192
7250,0.807854137447405
7251,0.622468036201695
7252,0.698754246885617
7253,0.662553887319756
7254,0.662553887319756
7255,0.647803425167535
7256,0.741948001552192
7257,0.577601410934744
7258,0.698754246885617
7259,0.807854137447405
7260,0.662553887319756
7261,0.662553887319756
7262,0.662553887319756
7263,0.807854137447405
7264,0.698754246885617
7265,0.622468036201695
7266,0.807854137447405
7267,0.807854137447405
7268,0.807854137447405
7269,0.622468036201695
7270,0.807854137447405
7271,0.741948001552192
7272,0.647803425167535
7273,0.741948001552192
7274,0.698754246885617
7275,0.647803425167535
7276,0.807854137447405
7277,0.622468036201695
7278,0.698754246885617
7279,0.662553887319756
7280,0.807854137447405
7281,0.622468036201695
7282,0.698754246885617
7283,0.622468036201695
7284,0.807854137447405
7285,0.622468036201695
7286,0.698754246885617
7287,0.622468036201695
7288,0.622468036201695
7289,0.807854137447405
7290,0.477272727272727
7291,0.698754246885617
7292,0.622468036201695
7293,0.622468036201695
7294,0.662553887319756
7295,0.577601410934744
7296,0.622468036201695
7297,0.622468036201695
7298,0.741948001552192
7299,0.577601410934744
7300,0.647803425167535
7301,0.741948001552192
7302,0.807854137447405
7303,0.807854137447405
7304,0.662553887319756
7305,0.622468036201695
7306,0.741948001552192
7307,0.698754246885617
7308,0.622468036201695
7309,0.698754246885617
7310,0.698754246885617
7311,0.741948001552192
7312,0.741948001552192
7313,0.662553887319756
7314,0.698754246885617
7315,0.698754246885617
7316,0.662553887319756
7317,0.662553887319756
7318,0.622468036201695
7319,0.698754246885617
7320,0.622468036201695
7321,0.807854137447405
7322,0.807854137447405
7323,0.741948001552192
7324,0.698754246885617
7325,0.662553887319756
7326,0.698754246885617
7327,0.807854137447405
7328,0.622468036201695
7329,0.622468036201695
7330,0.647803425167535
7331,0.622468036201695
7332,0.662553887319756
7333,0.647803425167535
7334,0.698754246885617
7335,0.622468036201695
7336,0.698754246885617
7337,0.622468036201695
7338,0.807854137447405
7339,0.698754246885617
7340,0.807854137447405
7341,0.662553887319756
7342,0.622468036201695
7343,0.741948001552192
7344,0.698754246885617
7345,0.741948001552192
7346,0.662553887319756
7347,0.622468036201695
7348,0.662553887319756
7349,0.647803425167535
7350,0.622468036201695
7351,0.477272727272727
7352,0.577601410934744
7353,0.622468036201695
7354,0.647803425167535
7355,0.698754246885617
7356,0.622468036201695
7357,0.662553887319756
7358,0.477272727272727
7359,0.622468036201695
7360,0.622468036201695
7361,0.662553887319756
7362,0.622468036201695
7363,0.807854137447405
7364,0.741948001552192
7365,0.647803425167535
7366,0.807854137447405
7367,0.807854137447405
7368,0.662553887319756
7369,0.662553887319756
7370,0.807854137447405
7371,0.622468036201695
7372,0.622468036201695
7373,0.698754246885617
7374,0.662553887319756
7375,0.662553887319756
7376,0.622468036201695
7377,0.698754246885617
7378,0.647803425167535
7379,0.698754246885617
7380,0.662553887319756
7381,0.662553887319756
7382,0.662553887319756
7383,0.662553887319756
7384,0.662553887319756
7385,0.622468036201695
7386,0.647803425167535
7387,0.698754246885617
7388,0.662553887319756
7389,0.662553887319756
7390,0.662553887319756
7391,0.647803425167535
7392,0.698754246885617
7393,0.698754246885617
7394,0.698754246885617
7395,0.807854137447405
7396,0.662553887319756
7397,0.662553887319756
7398,0.741948001552192
7399,0.698754246885617
7400,0.807854137447405
7401,0.698754246885617
7402,0.622468036201695
7403,0.577601410934744
7404,0.741948001552192
7405,0.622468036201695
7406,0.698754246885617
7407,0.807854137447405
7408,0.622468036201695
7409,0.741948001552192
7410,0.662553887319756
7411,0.622468036201695
7412,0.807854137447405
7413,0.698754246885617
7414,0.662553887319756
7415,0.662553887319756
7416,0.622468036201695
7417,0.622468036201695
7418,0.622468036201695
7419,0.662553887319756
7420,0.807854137447405
7421,0.577601410934744
7422,0.577601410934744
7423,0.622468036201695
7424,0.647803425167535
7425,0.622468036201695
7426,0.622468036201695
7427,0.622468036201695
7428,0.807854137447405
7429,0.662553887319756
7430,0.577601410934744
7431,0.662553887319756
7432,0.622468036201695
7433,0.807854137447405
7434,0.662553887319756
7435,0.622468036201695
7436,0.698754246885617
7437,0.662553887319756
7438,0.662553887319756
7439,0.662553887319756
7440,0.662553887319756
7441,0.741948001552192
7442,0.807854137447405
7443,0.622468036201695
7444,0.698754246885617
7445,0.807854137447405
7446,0.741948001552192
7447,0.698754246885617
7448,0.662553887319756
7449,0.622468036201695
7450,0.622468036201695
7451,0.662553887319756
7452,0.622468036201695
7453,0.807854137447405
7454,0.807854137447405
7455,0.662553887319756
7456,0.622468036201695
7457,0.662553887319756
7458,0.622468036201695
7459,0.698754246885617
7460,0.647803425167535
7461,0.741948001552192
7462,0.807854137447405
7463,0.662553887319756
7464,0.662553887319756
7465,0.662553887319756
7466,0.647803425167535
7467,0.662553887319756
7468,0.698754246885617
7469,0.622468036201695
7470,0.662553887319756
7471,0.622468036201695
7472,0.698754246885617
7473,0.807854137447405
7474,0.741948001552192
7475,0.647803425167535
7476,0.622468036201695
7477,0.662553887319756
7478,0.698754246885617
7479,0.807854137447405
7480,0.698754246885617
7481,0.662553887319756
7482,0.807854137447405
7483,0.622468036201695
7484,0.698754246885617
7485,0.622468036201695
7486,0.698754246885617
7487,0.698754246885617
7488,0.662553887319756
7489,0.741948001552192
7490,0.698754246885617
7491,0.622468036201695
7492,0.698754246885617
7493,0.662553887319756
7494,0.741948001552192
7495,0.807854137447405
7496,0.662553887319756
7497,0.622468036201695
7498,0.647803425167535
7499,0.741948001552192
7500,0.622468036201695
7501,0.662553887319756
7502,0.622468036201695
7503,0.622468036201695
7504,0.662553887319756
7505,0.647803425167535
7506,0.662553887319756
7507,0.647803425167535
7508,0.662553887319756
7509,0.662553887319756
7510,0.577601410934744
7511,0.662553887319756
7512,0.622468036201695
7513,0.807854137447405
7514,0.622468036201695
7515,0.662553887319756
7516,0.662553887319756
7517,0.807854137447405
7518,0.662553887319756
7519,0.698754246885617
7520,0.741948001552192
7521,0.662553887319756
7522,0.622468036201695
7523,0.807854137447405
7524,0.622468036201695
7525,0.698754246885617
7526,0.577601410934744
7527,0.807854137447405
7528,0.662553887319756
7529,0.698754246885617
7530,0.698754246885617
7531,0.807854137447405
7532,0.698754246885617
7533,0.662553887319756
7534,0.698754246885617
7535,0.622468036201695
7536,0.647803425167535
7537,0.662553887319756
7538,0.698754246885617
7539,0.698754246885617
7540,0.741948001552192
7541,0.698754246885617
7542,0.622468036201695
7543,0.807854137447405
7544,0.622468036201695
7545,0.577601410934744
7546,0.662553887319756
7547,0.698754246885617
7548,0.741948001552192
7549,0.698754246885617
7550,0.741948001552192
7551,0.741948001552192
7552,0.807854137447405
7553,0.622468036201695
7554,0.698754246885617
7555,0.807854137447405
7556,0.662553887319756
7557,0.577601410934744
7558,0.741948001552192
7559,0.622468036201695
7560,0.662553887319756
7561,0.622468036201695
7562,0.622468036201695
7563,0.622468036201695
7564,0.662553887319756
7565,0.662553887319756
7566,0.662553887319756
7567,0.807854137447405
7568,0.698754246885617
7569,0.622468036201695
7570,0.807854137447405
7571,0.647803425167535
7572,0.647803425167535
7573,0.662553887319756
7574,0.662553887319756
7575,0.698754246885617
7576,0.698754246885617
7577,0.698754246885617
7578,0.698754246885617
7579,0.622468036201695
7580,0.622468036201695
7581,0.698754246885617
7582,0.807854137447405
7583,0.662553887319756
7584,0.741948001552192
7585,0.622468036201695
7586,0.807854137447405
7587,0.622468036201695
7588,0.622468036201695
7589,0.662553887319756
7590,0.577601410934744
7591,0.662553887319756
7592,0.662553887319756
7593,0.662553887319756
7594,0.662553887319756
7595,0.622468036201695
7596,0.807854137447405
7597,0.807854137447405
7598,0.698754246885617
7599,0.698754246885617
7600,0.741948001552192
7601,0.698754246885617
7602,0.662553887319756
7603,0.741948001552192
7604,0.741948001552192
7605,0.807854137447405
7606,0.647803425167535
7607,0.622468036201695
7608,0.662553887319756
7609,0.741948001552192
7610,0.622468036201695
7611,0.622468036201695
7612,0.807854137447405
7613,0.698754246885617
7614,0.662553887319756
7615,0.807854137447405
7616,0.741948001552192
7617,0.741948001552192
7618,0.807854137447405
7619,0.807854137447405
7620,0.698754246885617
7621,0.647803425167535
7622,0.698754246885617
7623,0.577601410934744
7624,0.698754246885617
7625,0.647803425167535
7626,0.698754246885617
7627,0.662553887319756
7628,0.807854137447405
7629,0.662553887319756
7630,0.647803425167535
7631,0.662553887319756
7632,0.662553887319756
7633,0.698754246885617
7634,0.741948001552192
7635,0.807854137447405
7636,0.807854137447405
7637,0.741948001552192
7638,0.698754246885617
7639,0.807854137447405
7640,0.698754246885617
7641,0.622468036201695
7642,0.622468036201695
7643,0.662553887319756
7644,0.662553887319756
7645,0.622468036201695
7646,0.662553887319756
7647,0.622468036201695
7648,0.662553887319756
7649,0.622468036201695
7650,0.698754246885617
7651,0.662553887319756
7652,0.741948001552192
7653,0.622468036201695
7654,0.698754246885617
7655,0.622468036201695
7656,0.622468036201695
7657,0.662553887319756
7658,0.662553887319756
7659,0.622468036201695
7660,0.807854137447405
7661,0.622468036201695
7662,0.662553887319756
7663,0.662553887319756
7664,0.622468036201695
7665,0.807854137447405
7666,0.698754246885617
7667,0.698754246885617
7668,0.622468036201695
7669,0.741948001552192
7670,0.662553887319756
7671,0.647803425167535
7672,0.807854137447405
7673,0.622468036201695
7674,0.807854137447405
7675,0.807854137447405
7676,0.622468036201695
7677,0.698754246885617
7678,0.698754246885617
7679,0.807854137447405
7680,0.741948001552192
7681,0.622468036201695
7682,0.622468036201695
7683,0.647803425167535
7684,0.807854137447405
7685,0.698754246885617
7686,0.647803425167535
7687,0.807854137447405
7688,0.698754246885617
7689,0.622468036201695
7690,0.622468036201695
7691,0.807854137447405
7692,0.662553887319756
7693,0.741948001552192
7694,0.647803425167535
7695,0.577601410934744
7696,0.698754246885617
7697,0.647803425167535
7698,0.662553887319756
7699,0.622468036201695
7700,0.662553887319756
7701,0.622468036201695
7702,0.698754246885617
7703,0.577601410934744
7704,0.741948001552192
7705,0.807854137447405
7706,0.698754246885617
7707,0.662553887319756
7708,0.647803425167535
7709,0.622468036201695
7710,0.622468036201695
7711,0.807854137447405
7712,0.741948001552192
7713,0.807854137447405
7714,0.662553887319756
7715,0.807854137447405
7716,0.662553887319756
7717,0.807854137447405
7718,0.647803425167535
7719,0.662553887319756
7720,0.741948001552192
7721,0.741948001552192
7722,0.622468036201695
7723,0.807854137447405
7724,0.807854137447405
7725,0.662553887319756
7726,0.741948001552192
7727,0.622468036201695
7728,0.698754246885617
7729,0.698754246885617
7730,0.741948001552192
7731,0.622468036201695
7732,0.622468036201695
7733,0.698754246885617
7734,0.662553887319756
7735,0.647803425167535
7736,0.741948001552192
7737,0.741948001552192
7738,0.807854137447405
7739,0.662553887319756
7740,0.662553887319756
7741,0.622468036201695
7742,0.622468036201695
7743,0.647803425167535
7744,0.698754246885617
7745,0.698754246885617
7746,0.698754246885617
7747,0.741948001552192
7748,0.622468036201695
7749,0.647803425167535
7750,0.741948001552192
7751,0.622468036201695
7752,0.662553887319756
7753,0.647803425167535
7754,0.662553887319756
7755,0.741948001552192
7756,0.698754246885617
7757,0.698754246885617
7758,0.698754246885617
7759,0.662553887319756
7760,0.698754246885617
7761,0.622468036201695
7762,0.622468036201695
7763,0.662553887319756
7764,0.698754246885617
7765,0.807854137447405
7766,0.647803425167535
7767,0.622468036201695
7768,0.662553887319756
7769,0.662553887319756
7770,0.577601410934744
7771,0.647803425167535
7772,0.662553887319756
7773,0.741948001552192
7774,0.622468036201695
7775,0.807854137447405
7776,0.741948001552192
7777,0.662553887319756
7778,0.807854137447405
7779,0.622468036201695
7780,0.622468036201695
7781,0.662553887319756
7782,0.622468036201695
7783,0.741948001552192
7784,0.662553887319756
7785,0.662553887319756
7786,0.741948001552192
7787,0.622468036201695
7788,0.622468036201695
7789,0.698754246885617
7790,0.622468036201695
7791,0.622468036201695
7792,0.807854137447405
7793,0.662553887319756
7794,0.622468036201695
7795,0.698754246885617
7796,0.662553887319756
7797,0.622468036201695
7798,0.741948001552192
7799,0.662553887319756
7800,0.622468036201695
7801,0.622468036201695
7802,0.647803425167535
7803,0.741948001552192
7804,0.477272727272727
7805,0.622468036201695
7806,0.622468036201695
7807,0.662553887319756
7808,0.622468036201695
7809,0.622468036201695
7810,0.622468036201695
7811,0.807854137447405
7812,0.662553887319756
7813,0.662553887319756
7814,0.647803425167535
7815,0.662553887319756
7816,0.807854137447405
7817,0.698754246885617
7818,0.807854137447405
7819,0.662553887319756
7820,0.622468036201695
7821,0.577601410934744
7822,0.662553887319756
7823,0.807854137447405
7824,0.698754246885617
7825,0.622468036201695
7826,0.698754246885617
7827,0.622468036201695
7828,0.622468036201695
7829,0.622468036201695
7830,0.807854137447405
7831,0.647803425167535
7832,0.662553887319756
7833,0.662553887319756
7834,0.662553887319756
7835,0.622468036201695
7836,0.807854137447405
7837,0.622468036201695
7838,0.622468036201695
7839,0.662553887319756
7840,0.698754246885617
7841,0.622468036201695
7842,0.577601410934744
7843,0.741948001552192
7844,0.807854137447405
7845,0.807854137447405
7846,0.698754246885617
7847,0.741948001552192
7848,0.807854137447405
7849,0.622468036201695
7850,0.807854137447405
7851,0.807854137447405
7852,0.698754246885617
7853,0.662553887319756
7854,0.662553887319756
7855,0.807854137447405
7856,0.741948001552192
7857,0.577601410934744
7858,0.807854137447405
7859,0.622468036201695
7860,0.662553887319756
7861,0.647803425167535
7862,0.741948001552192
7863,0.807854137447405
7864,0.662553887319756
7865,0.647803425167535
7866,0.662553887319756
7867,0.647803425167535
7868,0.741948001552192
7869,0.662553887319756
7870,0.741948001552192
7871,0.741948001552192
7872,0.807854137447405
7873,0.622468036201695
7874,0.622468036201695
7875,0.807854137447405
7876,0.662553887319756
7877,0.662553887319756
7878,0.577601410934744
7879,0.622468036201695
7880,0.698754246885617
7881,0.807854137447405
7882,0.807854137447405
7883,0.741948001552192
7884,0.622468036201695
7885,0.662553887319756
7886,0.662553887319756
7887,0.807854137447405
7888,0.622468036201695
7889,0.662553887319756
7890,0.698754246885617
7891,0.807854137447405
7892,0.577601410934744
7893,0.622468036201695
7894,0.622468036201695
7895,0.807854137447405
7896,0.698754246885617
7897,0.807854137447405
7898,0.807854137447405
7899,0.698754246885617
7900,0.807854137447405
7901,0.577601410934744
7902,0.741948001552192
7903,0.698754246885617
7904,0.662553887319756
7905,0.741948001552192
7906,0.698754246885617
7907,0.622468036201695
7908,0.807854137447405
7909,0.807854137447405
7910,0.647803425167535
7911,0.741948001552192
7912,0.622468036201695
7913,0.647803425167535
7914,0.662553887319756
7915,0.622468036201695
7916,0.807854137447405
7917,0.698754246885617
7918,0.698754246885617
7919,0.622468036201695
7920,0.698754246885617
7921,0.698754246885617
7922,0.807854137447405
7923,0.807854137447405
7924,0.622468036201695
7925,0.698754246885617
7926,0.698754246885617
7927,0.807854137447405
7928,0.622468036201695
7929,0.622468036201695
7930,0.577601410934744
7931,0.647803425167535
7932,0.662553887319756
7933,0.807854137447405
7934,0.622468036201695
7935,0.622468036201695
7936,0.647803425167535
7937,0.662553887319756
7938,0.698754246885617
7939,0.662553887319756
7940,0.662553887319756
7941,0.741948001552192
7942,0.698754246885617
7943,0.647803425167535
7944,0.662553887319756
7945,0.662553887319756
7946,0.807854137447405
7947,0.622468036201695
7948,0.698754246885617
7949,0.698754246885617
7950,0.647803425167535
7951,0.662553887319756
7952,0.622468036201695
7953,0.622468036201695
7954,0.807854137447405
7955,0.622468036201695
7956,0.698754246885617
7957,0.807854137447405
7958,0.741948001552192
7959,0.622468036201695
7960,0.807854137447405
7961,0.807854137447405
7962,0.698754246885617
7963,0.698754246885617
7964,0.622468036201695
7965,0.698754246885617
7966,0.622468036201695
7967,0.647803425167535
7968,0.477272727272727
7969,0.647803425167535
7970,0.662553887319756
7971,0.741948001552192
7972,0.662553887319756
7973,0.698754246885617
7974,0.807854137447405
7975,0.698754246885617
7976,0.741948001552192
7977,0.622468036201695
7978,0.662553887319756
7979,0.662553887319756
7980,0.741948001552192
7981,0.698754246885617
7982,0.698754246885617
7983,0.622468036201695
7984,0.741948001552192
7985,0.807854137447405
7986,0.647803425167535
7987,0.622468036201695
7988,0.622468036201695
7989,0.647803425167535
7990,0.622468036201695
7991,0.807854137447405
7992,0.698754246885617
7993,0.622468036201695
7994,0.477272727272727
7995,0.662553887319756
7996,0.741948001552192
7997,0.647803425167535
7998,0.622468036201695
7999,0.698754246885617
8000,0.622468036201695
8001,0.622468036201695
8002,0.622468036201695
8003,0.577601410934744
8004,0.622468036201695
8005,0.622468036201695
8006,0.622468036201695
8007,0.741948001552192
8008,0.662553887319756
8009,0.662553887319756
8010,0.662553887319756
8011,0.698754246885617
8012,0.662553887319756
8013,0.741948001552192
8014,0.698754246885617
8015,0.807854137447405
8016,0.741948001552192
8017,0.622468036201695
8018,0.622468036201695
8019,0.698754246885617
8020,0.741948001552192
8021,0.622468036201695
8022,0.662553887319756
8023,0.622468036201695
8024,0.662553887319756
8025,0.577601410934744
8026,0.662553887319756
8027,0.577601410934744
8028,0.477272727272727
8029,0.698754246885617
8030,0.741948001552192
8031,0.662553887319756
8032,0.807854137447405
8033,0.698754246885617
8034,0.698754246885617
8035,0.622468036201695
8036,0.662553887319756
8037,0.698754246885617
8038,0.647803425167535
8039,0.698754246885617
8040,0.807854137447405
8041,0.662553887319756
8042,0.662553887319756
8043,0.807854137447405
8044,0.698754246885617
8045,0.622468036201695
8046,0.698754246885617
8047,0.698754246885617
8048,0.698754246885617
8049,0.647803425167535
8050,0.807854137447405
8051,0.577601410934744
8052,0.698754246885617
8053,0.807854137447405
8054,0.698754246885617
8055,0.622468036201695
8056,0.622468036201695
8057,0.662553887319756
8058,0.662553887319756
8059,0.807854137447405
8060,0.662553887319756
8061,0.698754246885617
8062,0.622468036201695
8063,0.622468036201695
8064,0.622468036201695
8065,0.622468036201695
8066,0.662553887319756
8067,0.807854137447405
8068,0.698754246885617
8069,0.662553887319756
8070,0.807854137447405
8071,0.662553887319756
8072,0.698754246885617
8073,0.698754246885617
8074,0.741948001552192
8075,0.662553887319756
8076,0.622468036201695
8077,0.741948001552192
8078,0.807854137447405
8079,0.622468036201695
8080,0.622468036201695
8081,0.698754246885617
8082,0.662553887319756
8083,0.662553887319756
8084,0.647803425167535
8085,0.662553887319756
8086,0.741948001552192
8087,0.662553887319756
8088,0.647803425167535
8089,0.622468036201695
8090,0.647803425167535
8091,0.662553887319756
8092,0.662553887319756
8093,0.698754246885617
8094,0.741948001552192
8095,0.807854137447405
8096,0.622468036201695
8097,0.662553887319756
8098,0.577601410934744
8099,0.807854137447405
8100,0.662553887319756
8101,0.698754246885617
8102,0.622468036201695
8103,0.807854137447405
8104,0.647803425167535
8105,0.622468036201695
8106,0.622468036201695
8107,0.807854137447405
8108,0.807854137447405
8109,0.477272727272727
8110,0.698754246885617
8111,0.647803425167535
8112,0.662553887319756
8113,0.647803425167535
8114,0.807854137447405
8115,0.622468036201695
8116,0.807854137447405
8117,0.622468036201695
8118,0.622468036201695
8119,0.577601410934744
8120,0.807854137447405
8121,0.807854137447405
8122,0.807854137447405
8123,0.577601410934744
8124,0.807854137447405
8125,0.698754246885617
8126,0.807854137447405
8127,0.662553887319756
8128,0.807854137447405
8129,0.622468036201695
8130,0.662553887319756
8131,0.662553887319756
8132,0.698754246885617
8133,0.622468036201695
8134,0.741948001552192
8135,0.698754246885617
8136,0.647803425167535
8137,0.662553887319756
8138,0.662553887319756
8139,0.807854137447405
8140,0.647803425167535
8141,0.807854137447405
8142,0.622468036201695
8143,0.647803425167535
8144,0.807854137447405
8145,0.647803425167535
8146,0.647803425167535
8147,0.622468036201695
8148,0.698754246885617
8149,0.577601410934744
8150,0.662553887319756
8151,0.741948001552192
8152,0.807854137447405
8153,0.577601410934744
8154,0.662553887319756
8155,0.698754246885617
8156,0.698754246885617
8157,0.698754246885617
8158,0.741948001552192
8159,0.698754246885617
8160,0.647803425167535
8161,0.662553887319756
8162,0.807854137447405
8163,0.662553887319756
8164,0.807854137447405
8165,0.622468036201695
8166,0.662553887319756
8167,0.662553887319756
8168,0.662553887319756
8169,0.662553887319756
8170,0.647803425167535
8171,0.698754246885617
8172,0.622468036201695
8173,0.698754246885617
8174,0.698754246885617
8175,0.622468036201695
8176,0.698754246885617
8177,0.698754246885617
8178,0.647803425167535
8179,0.622468036201695
8180,0.741948001552192
8181,0.807854137447405
8182,0.741948001552192
8183,0.647803425167535
8184,0.662553887319756
8185,0.662553887319756
8186,0.698754246885617
8187,0.577601410934744
8188,0.622468036201695
8189,0.622468036201695
8190,0.622468036201695
8191,0.662553887319756
8192,0.622468036201695
8193,0.622468036201695
8194,0.698754246885617
8195,0.698754246885617
8196,0.662553887319756
8197,0.622468036201695
8198,0.807854137447405
8199,0.662553887319756
8200,0.807854137447405
8201,0.662553887319756
8202,0.698754246885617
8203,0.741948001552192
8204,0.698754246885617
8205,0.698754246885617
8206,0.698754246885617
8207,0.698754246885617
8208,0.698754246885617
8209,0.698754246885617
8210,0.622468036201695
8211,0.622468036201695
8212,0.698754246885617
8213,0.698754246885617
8214,0.698754246885617
8215,0.622468036201695
8216,0.662553887319756
8217,0.662553887319756
8218,0.662553887319756
8219,0.662553887319756
8220,0.807854137447405
8221,0.698754246885617
8222,0.807854137447405
8223,0.807854137447405
8224,0.698754246885617
8225,0.662553887319756
8226,0.741948001552192
8227,0.622468036201695
8228,0.647803425167535
8229,0.622468036201695
8230,0.807854137447405
8231,0.698754246885617
8232,0.622468036201695
8233,0.698754246885617
8234,0.807854137447405
8235,0.662553887319756
8236,0.622468036201695
8237,0.622468036201695
8238,0.662553887319756
8239,0.807854137447405
8240,0.807854137447405
8241,0.647803425167535
8242,0.647803425167535
8243,0.622468036201695
8244,0.647803425167535
8245,0.662553887319756
8246,0.647803425167535
8247,0.662553887319756
8248,0.807854137447405
8249,0.622468036201695
8250,0.622468036201695
8251,0.622468036201695
8252,0.662553887319756
8253,0.622468036201695
8254,0.662553887319756
8255,0.807854137447405
8256,0.807854137447405
8257,0.577601410934744
8258,0.698754246885617
8259,0.647803425167535
8260,0.698754246885617
8261,0.807854137447405
8262,0.622468036201695
8263,0.662553887319756
8264,0.662553887319756
8265,0.622468036201695
8266,0.807854137447405
8267,0.807854137447405
8268,0.622468036201695
8269,0.807854137447405
8270,0.698754246885617
8271,0.807854137447405
8272,0.477272727272727
8273,0.741948001552192
8274,0.622468036201695
8275,0.741948001552192
8276,0.698754246885617
8277,0.807854137447405
8278,0.662553887319756
8279,0.807854137447405
8280,0.698754246885617
8281,0.741948001552192
8282,0.807854137447405
8283,0.622468036201695
8284,0.698754246885617
8285,0.698754246885617
8286,0.698754246885617
8287,0.698754246885617
8288,0.662553887319756
8289,0.698754246885617
8290,0.807854137447405
8291,0.622468036201695
8292,0.622468036201695
8293,0.622468036201695
8294,0.807854137447405
8295,0.662553887319756
8296,0.698754246885617
8297,0.662553887319756
8298,0.662553887319756
8299,0.622468036201695
8300,0.662553887319756
8301,0.807854137447405
8302,0.741948001552192
8303,0.741948001552192
8304,0.662553887319756
8305,0.622468036201695
8306,0.622468036201695
8307,0.647803425167535
8308,0.662553887319756
8309,0.807854137447405
8310,0.807854137447405
8311,0.577601410934744
8312,0.698754246885617
8313,0.662553887319756
8314,0.662553887319756
8315,0.741948001552192
8316,0.662553887319756
8317,0.698754246885617
8318,0.622468036201695
8319,0.698754246885617
8320,0.622468036201695
8321,0.662553887319756
8322,0.807854137447405
8323,0.741948001552192
8324,0.807854137447405
8325,0.698754246885617
8326,0.662553887319756
8327,0.622468036201695
8328,0.622468036201695
8329,0.662553887319756
8330,0.577601410934744
8331,0.698754246885617
8332,0.698754246885617
8333,0.622468036201695
8334,0.807854137447405
8335,0.741948001552192
8336,0.807854137447405
8337,0.698754246885617
8338,0.807854137447405
8339,0.622468036201695
8340,0.577601410934744
8341,0.698754246885617
8342,0.807854137447405
8343,0.622468036201695
8344,0.807854137447405
8345,0.622468036201695
8346,0.741948001552192
8347,0.622468036201695
8348,0.622468036201695
8349,0.622468036201695
8350,0.741948001552192
8351,0.698754246885617
8352,0.698754246885617
8353,0.698754246885617
8354,0.662553887319756
8355,0.662553887319756
8356,0.741948001552192
8357,0.662553887319756
8358,0.622468036201695
8359,0.622468036201695
8360,0.662553887319756
8361,0.807854137447405
8362,0.741948001552192
8363,0.662553887319756
8364,0.741948001552192
8365,0.622468036201695
8366,0.622468036201695
8367,0.662553887319756
8368,0.741948001552192
8369,0.622468036201695
8370,0.698754246885617
8371,0.662553887319756
8372,0.662553887319756
8373,0.622468036201695
8374,0.622468036201695
8375,0.807854137447405
8376,0.622468036201695
8377,0.807854137447405
8378,0.662553887319756
8379,0.662553887319756
8380,0.698754246885617
8381,0.662553887319756
8382,0.698754246885617
8383,0.622468036201695
8384,0.807854137447405
8385,0.622468036201695
8386,0.622468036201695
8387,0.622468036201695
8388,0.647803425167535
8389,0.622468036201695
8390,0.698754246885617
8391,0.698754246885617
8392,0.807854137447405
8393,0.698754246885617
8394,0.807854137447405
8395,0.622468036201695
8396,0.698754246885617
8397,0.647803425167535
8398,0.807854137447405
8399,0.622468036201695
8400,0.622468036201695
8401,0.807854137447405
8402,0.647803425167535
8403,0.622468036201695
8404,0.698754246885617
8405,0.662553887319756
8406,0.577601410934744
8407,0.662553887319756
8408,0.807854137447405
8409,0.622468036201695
8410,0.807854137447405
8411,0.647803425167535
8412,0.662553887319756
8413,0.807854137447405
8414,0.622468036201695
8415,0.807854137447405
8416,0.807854137447405
8417,0.741948001552192
8418,0.698754246885617
8419,0.807854137447405
8420,0.698754246885617
8421,0.698754246885617
8422,0.741948001552192
8423,0.662553887319756
8424,0.622468036201695
8425,0.647803425167535
8426,0.662553887319756
8427,0.741948001552192
8428,0.647803425167535
8429,0.807854137447405
8430,0.807854137447405
8431,0.647803425167535
8432,0.698754246885617
8433,0.622468036201695
8434,0.698754246885617
8435,0.698754246885617
8436,0.807854137447405
8437,0.807854137447405
8438,0.698754246885617
8439,0.662553887319756
8440,0.698754246885617
8441,0.741948001552192
8442,0.807854137447405
8443,0.807854137447405
8444,0.662553887319756
8445,0.662553887319756
8446,0.662553887319756
8447,0.647803425167535
8448,0.741948001552192
8449,0.662553887319756
8450,0.647803425167535
8451,0.622468036201695
8452,0.622468036201695
8453,0.662553887319756
8454,0.477272727272727
8455,0.622468036201695
8456,0.698754246885617
8457,0.741948001552192
8458,0.662553887319756
8459,0.662553887319756
8460,0.662553887319756
8461,0.807854137447405
8462,0.662553887319756
8463,0.622468036201695
8464,0.807854137447405
8465,0.698754246885617
8466,0.807854137447405
8467,0.662553887319756
8468,0.741948001552192
8469,0.622468036201695
8470,0.807854137447405
8471,0.807854137447405
8472,0.741948001552192
8473,0.807854137447405
8474,0.622468036201695
8475,0.662553887319756
8476,0.622468036201695
8477,0.622468036201695
8478,0.662553887319756
8479,0.662553887319756
8480,0.662553887319756
8481,0.622468036201695
8482,0.662553887319756
8483,0.807854137447405
8484,0.741948001552192
8485,0.807854137447405
8486,0.662553887319756
8487,0.741948001552192
8488,0.698754246885617
8489,0.698754246885617
8490,0.807854137447405
8491,0.698754246885617
8492,0.647803425167535
8493,0.622468036201695
8494,0.741948001552192
8495,0.662553887319756
8496,0.647803425167535
8497,0.662553887319756
8498,0.622468036201695
8499,0.807854137447405
8500,0.622468036201695
8501,0.622468036201695
8502,0.807854137447405
8503,0.807854137447405
8504,0.662553887319756
8505,0.662553887319756
8506,0.622468036201695
8507,0.662553887319756
8508,0.662553887319756
8509,0.698754246885617
8510,0.622468036201695
8511,0.662553887319756
8512,0.662553887319756
8513,0.662553887319756
8514,0.698754246885617
8515,0.807854137447405
8516,0.698754246885617
8517,0.647803425167535
8518,0.698754246885617
8519,0.647803425167535
8520,0.662553887319756
8521,0.662553887319756
8522,0.622468036201695
8523,0.662553887319756
8524,0.741948001552192
8525,0.622468036201695
8526,0.622468036201695
8527,0.807854137447405
8528,0.741948001552192
8529,0.698754246885617
8530,0.807854137447405
8531,0.647803425167535
8532,0.698754246885617
8533,0.741948001552192
8534,0.647803425167535
8535,0.807854137447405
8536,0.807854137447405
8537,0.807854137447405
8538,0.662553887319756
8539,0.662553887319756
8540,0.741948001552192
8541,0.577601410934744
8542,0.698754246885617
8543,0.807854137447405
8544,0.647803425167535
8545,0.741948001552192
8546,0.622468036201695
8547,0.622468036201695
8548,0.662553887319756
8549,0.662553887319756
8550,0.662553887319756
8551,0.622468036201695
8552,0.622468036201695
8553,0.622468036201695
8554,0.807854137447405
8555,0.622468036201695
8556,0.477272727272727
8557,0.662553887319756
8558,0.622468036201695
8559,0.807854137447405
8560,0.741948001552192
8561,0.807854137447405
8562,0.698754246885617
8563,0.662553887319756
8564,0.698754246885617
8565,0.622468036201695
8566,0.807854137447405
8567,0.698754246885617
8568,0.807854137447405
8569,0.647803425167535
8570,0.662553887319756
8571,0.698754246885617
8572,0.698754246885617
8573,0.577601410934744
8574,0.698754246885617
8575,0.622468036201695
8576,0.577601410934744
8577,0.741948001552192
8578,0.577601410934744
8579,0.647803425167535
8580,0.807854137447405
8581,0.807854137447405
8582,0.807854137447405
8583,0.622468036201695
8584,0.662553887319756
8585,0.647803425167535
8586,0.662553887319756
8587,0.622468036201695
8588,0.698754246885617
8589,0.662553887319756
8590,0.698754246885617
8591,0.807854137447405
8592,0.647803425167535
8593,0.622468036201695
8594,0.698754246885617
8595,0.647803425167535
8596,0.622468036201695
8597,0.698754246885617
8598,0.622468036201695
8599,0.662553887319756
8600,0.622468036201695
8601,0.622468036201695
8602,0.622468036201695
8603,0.662553887319756
8604,0.622468036201695
8605,0.698754246885617
8606,0.622468036201695
8607,0.807854137447405
8608,0.807854137447405
8609,0.622468036201695
8610,0.807854137447405
8611,0.662553887319756
8612,0.698754246885617
8613,0.622468036201695
8614,0.622468036201695
8615,0.662553887319756
8616,0.807854137447405
8617,0.647803425167535
8618,0.622468036201695
8619,0.662553887319756
8620,0.622468036201695
8621,0.577601410934744
8622,0.622468036201695
8623,0.662553887319756
8624,0.647803425167535
8625,0.807854137447405
8626,0.662553887319756
8627,0.577601410934744
8628,0.807854137447405
8629,0.698754246885617
8630,0.698754246885617
8631,0.577601410934744
8632,0.647803425167535
8633,0.622468036201695
8634,0.698754246885617
8635,0.698754246885617
8636,0.647803425167535
8637,0.622468036201695
8638,0.662553887319756
8639,0.622468036201695
8640,0.622468036201695
8641,0.662553887319756
8642,0.622468036201695
8643,0.622468036201695
8644,0.807854137447405
8645,0.622468036201695
8646,0.807854137447405
8647,0.741948001552192
8648,0.622468036201695
8649,0.807854137447405
8650,0.662553887319756
8651,0.647803425167535
8652,0.807854137447405
8653,0.698754246885617
8654,0.662553887319756
8655,0.662553887319756
8656,0.807854137447405
8657,0.698754246885617
8658,0.807854137447405
8659,0.698754246885617
8660,0.807854137447405
8661,0.662553887319756
8662,0.577601410934744
8663,0.741948001552192
8664,0.622468036201695
8665,0.741948001552192
8666,0.662553887319756
8667,0.698754246885617
8668,0.807854137447405
8669,0.807854137447405
8670,0.622468036201695
8671,0.662553887319756
8672,0.662553887319756
8673,0.698754246885617
8674,0.622468036201695
8675,0.807854137447405
8676,0.741948001552192
8677,0.807854137447405
8678,0.662553887319756
8679,0.622468036201695
8680,0.741948001552192
8681,0.622468036201695
8682,0.741948001552192
8683,0.698754246885617
8684,0.662553887319756
8685,0.807854137447405
8686,0.807854137447405
8687,0.807854137447405
8688,0.807854137447405
8689,0.662553887319756
8690,0.741948001552192
8691,0.622468036201695
8692,0.807854137447405
8693,0.622468036201695
8694,0.698754246885617
8695,0.698754246885617
8696,0.577601410934744
8697,0.662553887319756
8698,0.807854137447405
8699,0.741948001552192
8700,0.807854137447405
8701,0.662553887319756
8702,0.741948001552192
8703,0.698754246885617
8704,0.807854137447405
8705,0.662553887319756
8706,0.698754246885617
8707,0.741948001552192
8708,0.577601410934744
8709,0.662553887319756
8710,0.662553887319756
8711,0.741948001552192
8712,0.698754246885617
8713,0.622468036201695
8714,0.698754246885617
8715,0.698754246885617
8716,0.662553887319756
8717,0.741948001552192
8718,0.807854137447405
8719,0.662553887319756
8720,0.698754246885617
8721,0.807854137447405
8722,0.662553887319756
8723,0.698754246885617
8724,0.807854137447405
8725,0.807854137447405
8726,0.622468036201695
8727,0.741948001552192
8728,0.662553887319756
8729,0.807854137447405
8730,0.622468036201695
8731,0.807854137447405
8732,0.647803425167535
8733,0.807854137447405
8734,0.662553887319756
8735,0.807854137447405
8736,0.622468036201695
8737,0.698754246885617
8738,0.662553887319756
8739,0.807854137447405
8740,0.741948001552192
8741,0.662553887319756
8742,0.807854137447405
8743,0.622468036201695
8744,0.647803425167535
8745,0.662553887319756
8746,0.622468036201695
8747,0.622468036201695
8748,0.741948001552192
8749,0.622468036201695
8750,0.622468036201695
8751,0.662553887319756
8752,0.662553887319756
8753,0.622468036201695
8754,0.662553887319756
8755,0.577601410934744
8756,0.698754246885617
8757,0.662553887319756
8758,0.807854137447405
8759,0.698754246885617
8760,0.698754246885617
8761,0.698754246885617
8762,0.622468036201695
8763,0.741948001552192
8764,0.662553887319756
8765,0.807854137447405
8766,0.622468036201695
8767,0.698754246885617
8768,0.741948001552192
8769,0.647803425167535
8770,0.698754246885617
8771,0.807854137447405
8772,0.662553887319756
8773,0.647803425167535
8774,0.698754246885617
8775,0.662553887319756
8776,0.698754246885617
8777,0.577601410934744
8778,0.647803425167535
8779,0.741948001552192
8780,0.622468036201695
8781,0.622468036201695
8782,0.698754246885617
8783,0.622468036201695
8784,0.807854137447405
8785,0.662553887319756
8786,0.647803425167535
8787,0.807854137447405
8788,0.698754246885617
8789,0.698754246885617
8790,0.698754246885617
8791,0.741948001552192
8792,0.622468036201695
8793,0.807854137447405
8794,0.622468036201695
8795,0.807854137447405
8796,0.662553887319756
8797,0.741948001552192
8798,0.741948001552192
8799,0.698754246885617
8800,0.807854137447405
8801,0.647803425167535
8802,0.807854137447405
8803,0.662553887319756
8804,0.662553887319756
8805,0.662553887319756
8806,0.807854137447405
8807,0.807854137447405
8808,0.622468036201695
8809,0.577601410934744
8810,0.662553887319756
8811,0.622468036201695
8812,0.807854137447405
8813,0.662553887319756
8814,0.807854137447405
8815,0.622468036201695
8816,0.622468036201695
8817,0.577601410934744
8818,0.622468036201695
8819,0.741948001552192
8820,0.662553887319756
8821,0.622468036201695
8822,0.807854137447405
8823,0.622468036201695
8824,0.698754246885617
8825,0.698754246885617
8826,0.807854137447405
8827,0.807854137447405
8828,0.807854137447405
8829,0.698754246885617
8830,0.662553887319756
8831,0.622468036201695
8832,0.622468036201695
8833,0.698754246885617
8834,0.577601410934744
8835,0.698754246885617
8836,0.807854137447405
8837,0.622468036201695
8838,0.622468036201695
8839,0.577601410934744
8840,0.622468036201695
8841,0.647803425167535
8842,0.807854137447405
8843,0.698754246885617
8844,0.662553887319756
8845,0.807854137447405
8846,0.647803425167535
8847,0.698754246885617
8848,0.647803425167535
8849,0.698754246885617
8850,0.647803425167535
8851,0.698754246885617
8852,0.698754246885617
8853,0.807854137447405
8854,0.622468036201695
8855,0.647803425167535
8856,0.662553887319756
8857,0.622468036201695
8858,0.622468036201695
8859,0.698754246885617
8860,0.807854137447405
8861,0.622468036201695
8862,0.662553887319756
8863,0.622468036201695
8864,0.577601410934744
8865,0.622468036201695
8866,0.662553887319756
8867,0.622468036201695
8868,0.622468036201695
8869,0.807854137447405
8870,0.807854137447405
8871,0.662553887319756
8872,0.741948001552192
8873,0.662553887319756
8874,0.662553887319756
8875,0.698754246885617
8876,0.622468036201695
8877,0.698754246885617
8878,0.807854137447405
8879,0.647803425167535
8880,0.698754246885617
8881,0.647803425167535
8882,0.622468036201695
8883,0.698754246885617
8884,0.741948001552192
8885,0.622468036201695
8886,0.622468036201695
8887,0.698754246885617
8888,0.622468036201695
8889,0.622468036201695
8890,0.622468036201695
8891,0.622468036201695
8892,0.647803425167535
8893,0.698754246885617
8894,0.741948001552192
8895,0.698754246885617
8896,0.662553887319756
8897,0.662553887319756
8898,0.698754246885617
8899,0.807854137447405
8900,0.698754246885617
8901,0.622468036201695
8902,0.807854137447405
8903,0.622468036201695
8904,0.622468036201695
8905,0.698754246885617
8906,0.807854137447405
8907,0.662553887319756
8908,0.662553887319756
8909,0.662553887319756
8910,0.807854137447405
8911,0.662553887319756
8912,0.577601410934744
8913,0.807854137447405
8914,0.622468036201695
8915,0.698754246885617
8916,0.622468036201695
8917,0.807854137447405
8918,0.698754246885617
8919,0.647803425167535
8920,0.662553887319756
8921,0.577601410934744
8922,0.662553887319756
8923,0.698754246885617
8924,0.622468036201695
8925,0.741948001552192
8926,0.741948001552192
8927,0.622468036201695
8928,0.647803425167535
8929,0.741948001552192
8930,0.807854137447405
8931,0.622468036201695
8932,0.622468036201695
8933,0.807854137447405
8934,0.698754246885617
8935,0.807854137447405
8936,0.662553887319756
8937,0.807854137447405
8938,0.698754246885617
8939,0.647803425167535
8940,0.662553887319756
8941,0.622468036201695
8942,0.622468036201695
8943,0.807854137447405
8944,0.698754246885617
8945,0.662553887319756
8946,0.807854137447405
8947,0.807854137447405
8948,0.698754246885617
8949,0.807854137447405
8950,0.807854137447405
8951,0.647803425167535
8952,0.622468036201695
8953,0.622468036201695
8954,0.698754246885617
8955,0.807854137447405
8956,0.662553887319756
8957,0.662553887319756
8958,0.647803425167535
8959,0.698754246885617
8960,0.698754246885617
8961,0.622468036201695
8962,0.698754246885617
8963,0.622468036201695
8964,0.622468036201695
8965,0.622468036201695
8966,0.647803425167535
8967,0.698754246885617
8968,0.577601410934744
8969,0.622468036201695
8970,0.622468036201695
8971,0.807854137447405
8972,0.622468036201695
8973,0.741948001552192
8974,0.807854137447405
8975,0.647803425167535
8976,0.741948001552192
8977,0.698754246885617
8978,0.662553887319756
8979,0.662553887319756
8980,0.622468036201695
8981,0.807854137447405
8982,0.807854137447405
8983,0.577601410934744
8984,0.647803425167535
8985,0.662553887319756
8986,0.622468036201695
8987,0.622468036201695
8988,0.662553887319756
8989,0.662553887319756
8990,0.807854137447405
8991,0.662553887319756
8992,0.662553887319756
8993,0.662553887319756
8994,0.698754246885617
8995,0.647803425167535
8996,0.622468036201695
8997,0.807854137447405
8998,0.807854137447405
8999,0.698754246885617
9000,0.698754246885617
9001,0.662553887319756
9002,0.807854137447405
9003,0.698754246885617
9004,0.622468036201695
9005,0.622468036201695
9006,0.662553887319756
9007,0.622468036201695
9008,0.647803425167535
9009,0.622468036201695
9010,0.741948001552192
9011,0.741948001552192
9012,0.741948001552192
9013,0.698754246885617
9014,0.662553887319756
9015,0.662553887319756
9016,0.662553887319756
9017,0.807854137447405
9018,0.622468036201695
9019,0.807854137447405
9020,0.622468036201695
9021,0.807854137447405
9022,0.698754246885617
9023,0.698754246885617
9024,0.662553887319756
9025,0.698754246885617
9026,0.698754246885617
9027,0.622468036201695
9028,0.647803425167535
9029,0.662553887319756
9030,0.662553887319756
9031,0.698754246885617
9032,0.622468036201695
9033,0.741948001552192
9034,0.807854137447405
9035,0.647803425167535
9036,0.622468036201695
9037,0.622468036201695
9038,0.698754246885617
9039,0.662553887319756
9040,0.741948001552192
9041,0.807854137447405
9042,0.807854137447405
9043,0.741948001552192
9044,0.698754246885617
9045,0.577601410934744
9046,0.662553887319756
9047,0.647803425167535
9048,0.807854137447405
9049,0.662553887319756
9050,0.622468036201695
9051,0.807854137447405
9052,0.622468036201695
9053,0.622468036201695
9054,0.622468036201695
9055,0.622468036201695
9056,0.622468036201695
9057,0.807854137447405
9058,0.662553887319756
9059,0.698754246885617
9060,0.741948001552192
9061,0.698754246885617
9062,0.662553887319756
9063,0.622468036201695
9064,0.622468036201695
9065,0.807854137447405
9066,0.622468036201695
9067,0.622468036201695
9068,0.647803425167535
9069,0.698754246885617
9070,0.807854137447405
9071,0.807854137447405
9072,0.662553887319756
9073,0.662553887319756
9074,0.647803425167535
9075,0.622468036201695
9076,0.577601410934744
9077,0.807854137447405
9078,0.662553887319756
9079,0.698754246885617
9080,0.622468036201695
9081,0.698754246885617
9082,0.647803425167535
9083,0.662553887319756
9084,0.622468036201695
9085,0.807854137447405
9086,0.807854137447405
9087,0.622468036201695
9088,0.698754246885617
9089,0.807854137447405
9090,0.622468036201695
9091,0.698754246885617
9092,0.622468036201695
9093,0.741948001552192
9094,0.622468036201695
9095,0.577601410934744
9096,0.622468036201695
9097,0.622468036201695
9098,0.622468036201695
9099,0.698754246885617
9100,0.807854137447405
9101,0.662553887319756
9102,0.662553887319756
9103,0.647803425167535
9104,0.622468036201695
9105,0.622468036201695
9106,0.698754246885617
9107,0.662553887319756
9108,0.622468036201695
9109,0.647803425167535
9110,0.622468036201695
9111,0.662553887319756
9112,0.807854137447405
9113,0.622468036201695
9114,0.622468036201695
9115,0.577601410934744
9116,0.698754246885617
9117,0.807854137447405
9118,0.662553887319756
9119,0.622468036201695
9120,0.662553887319756
9121,0.698754246885617
9122,0.622468036201695
9123,0.741948001552192
9124,0.807854137447405
9125,0.662553887319756
9126,0.622468036201695
9127,0.807854137447405
9128,0.807854137447405
9129,0.807854137447405
9130,0.577601410934744
9131,0.807854137447405
9132,0.647803425167535
9133,0.622468036201695
9134,0.662553887319756
9135,0.622468036201695
9136,0.698754246885617
9137,0.647803425167535
9138,0.698754246885617
9139,0.622468036201695
9140,0.622468036201695
9141,0.698754246885617
9142,0.662553887319756
9143,0.698754246885617
9144,0.807854137447405
9145,0.622468036201695
9146,0.622468036201695
9147,0.577601410934744
9148,0.662553887319756
9149,0.622468036201695
9150,0.807854137447405
9151,0.477272727272727
9152,0.622468036201695
9153,0.807854137447405
9154,0.622468036201695
9155,0.622468036201695
9156,0.741948001552192
9157,0.622468036201695
9158,0.807854137447405
9159,0.662553887319756
9160,0.698754246885617
9161,0.662553887319756
9162,0.622468036201695
9163,0.622468036201695
9164,0.662553887319756
9165,0.662553887319756
9166,0.807854137447405
9167,0.741948001552192
9168,0.662553887319756
9169,0.698754246885617
9170,0.647803425167535
9171,0.698754246885617
9172,0.698754246885617
9173,0.741948001552192
9174,0.662553887319756
9175,0.622468036201695
9176,0.741948001552192
9177,0.577601410934744
9178,0.698754246885617
9179,0.622468036201695
9180,0.807854137447405
9181,0.698754246885617
9182,0.662553887319756
9183,0.807854137447405
9184,0.741948001552192
9185,0.662553887319756
9186,0.622468036201695
9187,0.647803425167535
9188,0.698754246885617
9189,0.807854137447405
9190,0.662553887319756
9191,0.662553887319756
9192,0.698754246885617
9193,0.807854137447405
9194,0.741948001552192
9195,0.662553887319756
9196,0.698754246885617
9197,0.807854137447405
9198,0.698754246885617
9199,0.622468036201695
9200,0.807854137447405
9201,0.698754246885617
9202,0.807854137447405
9203,0.622468036201695
9204,0.662553887319756
9205,0.741948001552192
9206,0.622468036201695
9207,0.807854137447405
9208,0.698754246885617
9209,0.622468036201695
9210,0.807854137447405
9211,0.698754246885617
9212,0.622468036201695
9213,0.741948001552192
9214,0.662553887319756
9215,0.662553887319756
9216,0.807854137447405
9217,0.622468036201695
9218,0.622468036201695
9219,0.807854137447405
9220,0.741948001552192
9221,0.622468036201695
9222,0.622468036201695
9223,0.698754246885617
9224,0.807854137447405
9225,0.662553887319756
9226,0.807854137447405
9227,0.807854137447405
9228,0.807854137447405
9229,0.807854137447405
9230,0.662553887319756
9231,0.698754246885617
9232,0.741948001552192
9233,0.807854137447405
9234,0.698754246885617
9235,0.622468036201695
9236,0.622468036201695
9237,0.698754246885617
9238,0.662553887319756
9239,0.698754246885617
9240,0.622468036201695
9241,0.622468036201695
9242,0.698754246885617
9243,0.662553887319756
9244,0.577601410934744
9245,0.807854137447405
9246,0.662553887319756
9247,0.622468036201695
9248,0.622468036201695
9249,0.698754246885617
9250,0.807854137447405
9251,0.622468036201695
9252,0.807854137447405
9253,0.807854137447405
9254,0.662553887319756
9255,0.807854137447405
9256,0.698754246885617
9257,0.662553887319756
9258,0.622468036201695
9259,0.622468036201695
9260,0.622468036201695
9261,0.647803425167535
9262,0.741948001552192
9263,0.622468036201695
9264,0.622468036201695
9265,0.662553887319756
9266,0.741948001552192
9267,0.662553887319756
9268,0.622468036201695
9269,0.622468036201695
9270,0.807854137447405
9271,0.662553887319756
9272,0.662553887319756
9273,0.741948001552192
9274,0.698754246885617
9275,0.662553887319756
9276,0.662553887319756
9277,0.698754246885617
9278,0.807854137447405
9279,0.662553887319756
9280,0.647803425167535
9281,0.807854137447405
9282,0.662553887319756
9283,0.622468036201695
9284,0.807854137447405
9285,0.577601410934744
9286,0.662553887319756
9287,0.741948001552192
9288,0.807854137447405
9289,0.577601410934744
9290,0.622468036201695
9291,0.647803425167535
9292,0.662553887319756
9293,0.662553887319756
9294,0.807854137447405
9295,0.622468036201695
9296,0.622468036201695
9297,0.698754246885617
9298,0.477272727272727
9299,0.662553887319756
9300,0.647803425167535
9301,0.662553887319756
9302,0.647803425167535
9303,0.647803425167535
9304,0.807854137447405
9305,0.662553887319756
9306,0.807854137447405
9307,0.807854137447405
9308,0.622468036201695
9309,0.662553887319756
9310,0.662553887319756
9311,0.622468036201695
9312,0.698754246885617
9313,0.698754246885617
9314,0.662553887319756
9315,0.622468036201695
9316,0.622468036201695
9317,0.622468036201695
9318,0.622468036201695
9319,0.622468036201695
9320,0.807854137447405
9321,0.807854137447405
9322,0.807854137447405
9323,0.807854137447405
9324,0.807854137447405
9325,0.577601410934744
9326,0.647803425167535
9327,0.662553887319756
9328,0.647803425167535
9329,0.807854137447405
9330,0.647803425167535
9331,0.622468036201695
9332,0.807854137447405
9333,0.622468036201695
9334,0.807854137447405
9335,0.741948001552192
9336,0.741948001552192
9337,0.741948001552192
9338,0.662553887319756
9339,0.698754246885617
9340,0.647803425167535
9341,0.662553887319756
9342,0.647803425167535
9343,0.698754246885617
9344,0.622468036201695
9345,0.741948001552192
9346,0.662553887319756
9347,0.698754246885617
9348,0.741948001552192
9349,0.647803425167535
9350,0.577601410934744
9351,0.698754246885617
9352,0.662553887319756
9353,0.647803425167535
9354,0.698754246885617
9355,0.577601410934744
9356,0.698754246885617
9357,0.741948001552192
9358,0.622468036201695
9359,0.622468036201695
9360,0.807854137447405
9361,0.698754246885617
9362,0.577601410934744
9363,0.662553887319756
9364,0.622468036201695
9365,0.807854137447405
9366,0.807854137447405
9367,0.741948001552192
9368,0.741948001552192
9369,0.741948001552192
9370,0.698754246885617
9371,0.662553887319756
9372,0.741948001552192
9373,0.741948001552192
9374,0.662553887319756
9375,0.622468036201695
9376,0.662553887319756
9377,0.662553887319756
9378,0.698754246885617
9379,0.698754246885617
9380,0.622468036201695
9381,0.622468036201695
9382,0.698754246885617
9383,0.622468036201695
9384,0.698754246885617
9385,0.741948001552192
9386,0.577601410934744
9387,0.662553887319756
9388,0.741948001552192
9389,0.807854137447405
9390,0.662553887319756
9391,0.698754246885617
9392,0.698754246885617
9393,0.698754246885617
9394,0.741948001552192
9395,0.662553887319756
9396,0.662553887319756
9397,0.622468036201695
9398,0.662553887319756
9399,0.622468036201695
9400,0.741948001552192
9401,0.662553887319756
9402,0.662553887319756
9403,0.741948001552192
9404,0.698754246885617
9405,0.647803425167535
9406,0.662553887319756
9407,0.807854137447405
9408,0.807854137447405
9409,0.622468036201695
9410,0.662553887319756
9411,0.622468036201695
9412,0.662553887319756
9413,0.622468036201695
9414,0.662553887319756
9415,0.807854137447405
9416,0.662553887319756
9417,0.622468036201695
9418,0.622468036201695
9419,0.698754246885617
9420,0.698754246885617
9421,0.662553887319756
9422,0.698754246885617
9423,0.622468036201695
9424,0.647803425167535
9425,0.662553887319756
9426,0.622468036201695
9427,0.807854137447405
9428,0.662553887319756
9429,0.622468036201695
9430,0.662553887319756
9431,0.807854137447405
9432,0.807854137447405
9433,0.807854137447405
9434,0.647803425167535
9435,0.698754246885617
9436,0.577601410934744
9437,0.807854137447405
9438,0.622468036201695
9439,0.741948001552192
9440,0.647803425167535
9441,0.807854137447405
9442,0.622468036201695
9443,0.622468036201695
9444,0.698754246885617
9445,0.622468036201695
9446,0.662553887319756
9447,0.622468036201695
9448,0.622468036201695
9449,0.622468036201695
9450,0.622468036201695
9451,0.662553887319756
9452,0.662553887319756
9453,0.622468036201695
9454,0.622468036201695
9455,0.622468036201695
9456,0.622468036201695
9457,0.622468036201695
9458,0.662553887319756
9459,0.622468036201695
9460,0.662553887319756
9461,0.698754246885617
9462,0.807854137447405
9463,0.698754246885617
9464,0.807854137447405
9465,0.698754246885617
9466,0.577601410934744
9467,0.662553887319756
9468,0.807854137447405
9469,0.807854137447405
9470,0.647803425167535
9471,0.698754246885617
9472,0.662553887319756
9473,0.622468036201695
9474,0.807854137447405
9475,0.662553887319756
9476,0.622468036201695
9477,0.807854137447405
9478,0.622468036201695
9479,0.622468036201695
9480,0.662553887319756
9481,0.662553887319756
9482,0.662553887319756
9483,0.622468036201695
9484,0.698754246885617
9485,0.807854137447405
9486,0.807854137447405
9487,0.647803425167535
9488,0.622468036201695
9489,0.807854137447405
9490,0.622468036201695
9491,0.622468036201695
9492,0.622468036201695
9493,0.807854137447405
9494,0.807854137447405
9495,0.622468036201695
9496,0.622468036201695
9497,0.622468036201695
9498,0.698754246885617
9499,0.807854137447405
9500,0.741948001552192
9501,0.647803425167535
9502,0.577601410934744
9503,0.698754246885617
9504,0.622468036201695
9505,0.662553887319756
9506,0.622468036201695
9507,0.807854137447405
9508,0.662553887319756
9509,0.622468036201695
9510,0.577601410934744
9511,0.622468036201695
9512,0.807854137447405
9513,0.622468036201695
9514,0.807854137447405
9515,0.741948001552192
9516,0.662553887319756
9517,0.698754246885617
9518,0.662553887319756
9519,0.622468036201695
9520,0.647803425167535
9521,0.698754246885617
9522,0.807854137447405
9523,0.807854137447405
9524,0.622468036201695
9525,0.662553887319756
9526,0.807854137447405
9527,0.662553887319756
9528,0.662553887319756
9529,0.698754246885617
9530,0.698754246885617
9531,0.647803425167535
9532,0.807854137447405
9533,0.622468036201695
9534,0.807854137447405
9535,0.662553887319756
9536,0.577601410934744
9537,0.698754246885617
9538,0.662553887319756
9539,0.698754246885617
9540,0.622468036201695
9541,0.741948001552192
9542,0.807854137447405
9543,0.741948001552192
9544,0.807854137447405
9545,0.622468036201695
9546,0.647803425167535
9547,0.662553887319756
9548,0.698754246885617
9549,0.698754246885617
9550,0.622468036201695
9551,0.741948001552192
9552,0.662553887319756
9553,0.662553887319756
9554,0.647803425167535
9555,0.807854137447405
9556,0.647803425167535
9557,0.698754246885617
9558,0.662553887319756
9559,0.807854137447405
9560,0.662553887319756
9561,0.647803425167535
9562,0.577601410934744
9563,0.662553887319756
9564,0.698754246885617
9565,0.698754246885617
9566,0.662553887319756
9567,0.662553887319756
9568,0.647803425167535
9569,0.622468036201695
9570,0.807854137447405
9571,0.662553887319756
9572,0.647803425167535
9573,0.807854137447405
9574,0.807854137447405
9575,0.698754246885617
9576,0.622468036201695
9577,0.647803425167535
9578,0.698754246885617
9579,0.807854137447405
9580,0.622468036201695
9581,0.698754246885617
9582,0.807854137447405
9583,0.647803425167535
9584,0.647803425167535
9585,0.807854137447405
9586,0.741948001552192
9587,0.622468036201695
9588,0.662553887319756
9589,0.698754246885617
9590,0.662553887319756
9591,0.577601410934744
9592,0.807854137447405
9593,0.647803425167535
9594,0.698754246885617
9595,0.698754246885617
9596,0.698754246885617
9597,0.622468036201695
9598,0.622468036201695
9599,0.662553887319756
9600,0.662553887319756
9601,0.662553887319756
9602,0.807854137447405
9603,0.662553887319756
9604,0.807854137447405
9605,0.807854137447405
9606,0.622468036201695
9607,0.807854137447405
9608,0.622468036201695
9609,0.662553887319756
9610,0.662553887319756
9611,0.807854137447405
9612,0.622468036201695
9613,0.662553887319756
9614,0.662553887319756
9615,0.741948001552192
9616,0.622468036201695
9617,0.662553887319756
9618,0.647803425167535
9619,0.647803425167535
9620,0.807854137447405
9621,0.698754246885617
9622,0.622468036201695
9623,0.698754246885617
9624,0.647803425167535
9625,0.662553887319756
9626,0.698754246885617
9627,0.622468036201695
9628,0.698754246885617
9629,0.622468036201695
9630,0.741948001552192
9631,0.622468036201695
9632,0.662553887319756
9633,0.647803425167535
9634,0.741948001552192
9635,0.622468036201695
9636,0.647803425167535
9637,0.577601410934744
9638,0.662553887319756
9639,0.577601410934744
9640,0.807854137447405
9641,0.698754246885617
9642,0.807854137447405
9643,0.662553887319756
9644,0.662553887319756
9645,0.622468036201695
9646,0.698754246885617
9647,0.662553887319756
9648,0.647803425167535
9649,0.698754246885617
9650,0.698754246885617
9651,0.622468036201695
9652,0.622468036201695
9653,0.622468036201695
9654,0.662553887319756
9655,0.807854137447405
9656,0.662553887319756
9657,0.807854137447405
9658,0.807854137447405
9659,0.622468036201695
9660,0.662553887319756
9661,0.662553887319756
9662,0.698754246885617
9663,0.698754246885617
9664,0.698754246885617
9665,0.622468036201695
9666,0.698754246885617
9667,0.622468036201695
9668,0.622468036201695
9669,0.698754246885617
9670,0.622468036201695
9671,0.698754246885617
9672,0.807854137447405
9673,0.622468036201695
9674,0.647803425167535
9675,0.662553887319756
9676,0.622468036201695
9677,0.741948001552192
9678,0.698754246885617
9679,0.807854137447405
9680,0.741948001552192
9681,0.807854137447405
9682,0.698754246885617
9683,0.662553887319756
9684,0.807854137447405
9685,0.647803425167535
9686,0.698754246885617
9687,0.622468036201695
9688,0.662553887319756
9689,0.647803425167535
9690,0.807854137447405
9691,0.622468036201695
9692,0.807854137447405
9693,0.698754246885617
9694,0.647803425167535
9695,0.807854137447405
9696,0.622468036201695
9697,0.622468036201695
9698,0.647803425167535
9699,0.647803425167535
9700,0.807854137447405
9701,0.622468036201695
9702,0.647803425167535
9703,0.741948001552192
9704,0.698754246885617
9705,0.647803425167535
9706,0.741948001552192
9707,0.577601410934744
9708,0.662553887319756
9709,0.662553887319756
9710,0.662553887319756
9711,0.647803425167535
9712,0.807854137447405
9713,0.622468036201695
9714,0.698754246885617
9715,0.698754246885617
9716,0.807854137447405
9717,0.807854137447405
9718,0.807854137447405
9719,0.698754246885617
9720,0.647803425167535
9721,0.622468036201695
9722,0.698754246885617
9723,0.698754246885617
9724,0.622468036201695
9725,0.662553887319756
9726,0.698754246885617
9727,0.662553887319756
9728,0.662553887319756
9729,0.698754246885617
9730,0.807854137447405
9731,0.662553887319756
9732,0.662553887319756
9733,0.647803425167535
9734,0.662553887319756
9735,0.622468036201695
9736,0.662553887319756
9737,0.807854137447405
9738,0.577601410934744
9739,0.647803425167535
9740,0.698754246885617
9741,0.807854137447405
9742,0.698754246885617
9743,0.622468036201695
9744,0.622468036201695
9745,0.622468036201695
9746,0.662553887319756
9747,0.622468036201695
9748,0.807854137447405
9749,0.741948001552192
9750,0.698754246885617
9751,0.622468036201695
9752,0.647803425167535
9753,0.807854137447405
9754,0.622468036201695
9755,0.698754246885617
9756,0.647803425167535
9757,0.698754246885617
9758,0.807854137447405
9759,0.622468036201695
9760,0.622468036201695
9761,0.622468036201695
9762,0.698754246885617
9763,0.807854137447405
9764,0.662553887319756
9765,0.647803425167535
9766,0.477272727272727
9767,0.807854137447405
9768,0.662553887319756
9769,0.662553887319756
9770,0.662553887319756
9771,0.622468036201695
9772,0.741948001552192
9773,0.662553887319756
9774,0.807854137447405
9775,0.577601410934744
9776,0.662553887319756
9777,0.662553887319756
9778,0.698754246885617
9779,0.807854137447405
9780,0.622468036201695
9781,0.698754246885617
9782,0.698754246885617
9783,0.698754246885617
9784,0.741948001552192
9785,0.698754246885617
9786,0.622468036201695
9787,0.698754246885617
9788,0.647803425167535
9789,0.807854137447405
9790,0.577601410934744
9791,0.807854137447405
9792,0.622468036201695
9793,0.577601410934744
9794,0.741948001552192
9795,0.698754246885617
9796,0.698754246885617
9797,0.807854137447405
9798,0.622468036201695
9799,0.477272727272727
9800,0.622468036201695
9801,0.741948001552192
9802,0.807854137447405
9803,0.647803425167535
9804,0.662553887319756
9805,0.807854137447405
9806,0.807854137447405
9807,0.741948001552192
9808,0.807854137447405
9809,0.807854137447405
9810,0.622468036201695
9811,0.622468036201695
9812,0.662553887319756
9813,0.698754246885617
9814,0.807854137447405
9815,0.807854137447405
9816,0.698754246885617
9817,0.741948001552192
9818,0.698754246885617
9819,0.622468036201695
9820,0.622468036201695
9821,0.807854137447405
9822,0.622468036201695
9823,0.698754246885617
9824,0.647803425167535
9825,0.577601410934744
9826,0.662553887319756
9827,0.622468036201695
9828,0.622468036201695
9829,0.622468036201695
9830,0.622468036201695
9831,0.622468036201695
9832,0.622468036201695
9833,0.622468036201695
9834,0.741948001552192
9835,0.662553887319756
9836,0.807854137447405
9837,0.647803425167535
9838,0.577601410934744
9839,0.807854137447405
9840,0.622468036201695
9841,0.807854137447405
9842,0.622468036201695
9843,0.662553887319756
9844,0.662553887319756
9845,0.662553887319756
9846,0.662553887319756
9847,0.662553887319756
9848,0.807854137447405
9849,0.698754246885617
9850,0.698754246885617
9851,0.807854137447405
9852,0.647803425167535
9853,0.662553887319756
9854,0.622468036201695
9855,0.662553887319756
9856,0.647803425167535
9857,0.662553887319756
9858,0.698754246885617
9859,0.741948001552192
9860,0.622468036201695
9861,0.622468036201695
9862,0.622468036201695
9863,0.807854137447405
9864,0.622468036201695
9865,0.662553887319756
9866,0.662553887319756
9867,0.698754246885617
9868,0.647803425167535
9869,0.622468036201695
9870,0.698754246885617
9871,0.698754246885617
9872,0.577601410934744
9873,0.622468036201695
9874,0.647803425167535
9875,0.622468036201695
9876,0.807854137447405
9877,0.622468036201695
9878,0.647803425167535
9879,0.622468036201695
9880,0.807854137447405
9881,0.807854137447405
9882,0.698754246885617
9883,0.698754246885617
9884,0.622468036201695
9885,0.698754246885617
9886,0.807854137447405
9887,0.698754246885617
9888,0.622468036201695
9889,0.807854137447405
9890,0.622468036201695
9891,0.807854137447405
9892,0.698754246885617
9893,0.622468036201695
9894,0.622468036201695
9895,0.622468036201695
9896,0.622468036201695
9897,0.698754246885617
9898,0.622468036201695
9899,0.662553887319756
9900,0.698754246885617
9901,0.807854137447405
9902,0.698754246885617
9903,0.807854137447405
9904,0.622468036201695
9905,0.622468036201695
9906,0.741948001552192
9907,0.662553887319756
9908,0.662553887319756
9909,0.622468036201695
9910,0.662553887319756
9911,0.662553887319756
9912,0.698754246885617
9913,0.662553887319756
9914,0.698754246885617
9915,0.662553887319756
9916,0.698754246885617
9917,0.647803425167535
9918,0.622468036201695
9919,0.741948001552192
9920,0.807854137447405
9921,0.662553887319756
9922,0.741948001552192
9923,0.698754246885617
9924,0.622468036201695
9925,0.622468036201695
9926,0.807854137447405
9927,0.662553887319756
9928,0.698754246885617
9929,0.698754246885617
9930,0.622468036201695
9931,0.807854137447405
9932,0.807854137447405
9933,0.698754246885617
9934,0.647803425167535
9935,0.741948001552192
9936,0.698754246885617
9937,0.622468036201695
9938,0.662553887319756
9939,0.622468036201695
9940,0.622468036201695
9941,0.622468036201695
9942,0.577601410934744
9943,0.662553887319756
9944,0.662553887319756
9945,0.577601410934744
9946,0.698754246885617
9947,0.807854137447405
9948,0.807854137447405
9949,0.807854137447405
9950,0.807854137447405
9951,0.662553887319756
9952,0.662553887319756
9953,0.477272727272727
9954,0.662553887319756
9955,0.622468036201695
9956,0.662553887319756
9957,0.622468036201695
9958,0.622468036201695
9959,0.662553887319756
9960,0.662553887319756
9961,0.741948001552192
9962,0.647803425167535
9963,0.662553887319756
9964,0.807854137447405
9965,0.622468036201695
9966,0.622468036201695
9967,0.647803425167535
9968,0.662553887319756
9969,0.622468036201695
9970,0.741948001552192
9971,0.622468036201695
9972,0.662553887319756
9973,0.662553887319756
9974,0.741948001552192
9975,0.662553887319756
9976,0.698754246885617
9977,0.741948001552192
9978,0.662553887319756
9979,0.741948001552192
9980,0.741948001552192
9981,0.662553887319756
9982,0.662553887319756
9983,0.662553887319756
9984,0.807854137447405
9985,0.698754246885617
9986,0.662553887319756
9987,0.622468036201695
9988,0.698754246885617
9989,0.698754246885617
9990,0.807854137447405
9991,0.622468036201695
9992,0.662553887319756
9993,0.698754246885617
9994,0.662553887319756
9995,0.698754246885617
9996,0.807854137447405
9997,0.807854137447405
9998,0.662553887319756
9999,0.662553887319756
10000,0.807854137447405
10001,0.807854137447405
